net,length_um
clknet_0_clk,723.99µm
net2,532.235µm
net388,526.05µm
clknet_3_4__leaf_clk,467.46µm
net252,457.4µm
net240,455.85µm
net224,453.24µm
net244,449.76µm
net285,449.52µm
net830,442.21µm
net236,440.14µm
clknet_3_2__leaf_clk,433.96µm
clknet_3_7__leaf_clk,429.98µm
net232,414.56µm
clknet_3_5__leaf_clk,409.84µm
clknet_3_3__leaf_clk,404.66µm
net255,396.82µm
net247,391.65µm
net219,383.24µm
clk,382.65µm
clknet_3_6__leaf_clk,374.54µm
net228,373.89µm
net728,373.57µm
net716,373.22µm
net207,370.03µm
net708,369.51µm
net754,368.48µm
net259,366.61µm
net624,364.31µm
net318,363.5µm
net792,363.44µm
net265,361.38µm
net771,359.43µm
net322,357.09µm
net261,355.6µm
net269,345.44µm
net772,341.56µm
net282,338.03µm
net253,337.09µm
net737,333.18µm
net257,320.8µm
_01107_,319.77µm
net683,317.39µm
net616,316.7µm
net241,313.33µm
net700,308.71µm
net237,306.35µm
u_interface.u_gelu_fp32.u_synth_top.s2_dx\[31\],306.26µm
_00001_,306.14µm
net218,305.29µm
net221,302.08µm
net217,301.825µm
_00003_,300.93µm
net256,300.82µm
net267,300.48µm
net209,299.78µm
net235,297.74µm
net239,296.635µm
net271,295.715µm
net231,295.065µm
clknet_3_0__leaf_clk,291.97µm
net263,290.13µm
_00000_,289.09µm
net245,288.9µm
net246,286.26µm
net251,285.8µm
net249,285.7µm
net210,284.79µm
net233,284.04µm
net272,282.75µm
net632,281.46µm
net396,280.9µm
net227,279.88µm
u_interface.u_gelu_fp32.u_synth_top.s2_m\[13\],275.41µm
net223,275.04µm
net732,273.07µm
clknet_3_1__leaf_clk,272.02µm
net319,271.6µm
net268,271.45µm
net264,270.865µm
net220,267.57µm
net284,266.9µm
u_interface.u_gelu_fp32.u_synth_top.s2_m\[8\],266.6µm
net316,266.25µm
net258,262.9µm
net254,262.86µm
net733,262.53µm
net260,260.44µm
net242,255.5µm
net229,255.36µm
net243,252.33µm
net822,251.275µm
net320,251.2µm
_01507_,249.35µm
_01503_,249.27µm
net323,247.44µm
net509,244.97µm
net437,244.69µm
net725,244.64µm
net727,243.18µm
u_interface.u_gelu_fp32.u_synth_top.s2_m\[9\],237.01µm
net159,234.58µm
_01525_,234.46µm
net657,234.4µm
net248,233.39µm
_01505_,232.72µm
net504,232.46µm
net225,231.4µm
net739,231.29µm
_01513_,229.91µm
net756,226.1µm
net270,225.54µm
_01514_,224.27µm
net779,221.8µm
net197,221.76µm
net238,221.58µm
_01108_,221.17µm
net409,219.84µm
net222,218.69µm
net735,218.07µm
net780,217.04µm
net317,215.35µm
net731,215.2µm
net387,214.54µm
net234,214.34µm
net773,212.56µm
net608,212.09µm
_01519_,211.52µm
net593,210.94µm
net230,209.73µm
_01526_,209.54µm
net208,209.42µm
net226,207.81µm
_01516_,207.64µm
_01520_,207.64µm
net809,206.06µm
net760,204.54µm
net155,204.5µm
_01518_,202.95µm
net736,202.02µm
net250,201.78µm
net297,201.48µm
_01522_,200.12µm
net293,199.32µm
net740,198.88µm
net595,198.54µm
_01510_,198.16µm
u_interface.u_gelu_fp32.u_synth_top.s2_m\[17\],197.17µm
net54,196.74µm
net665,196.36µm
_01517_,196.22µm
_06282_,196.06µm
u_interface.u_gelu_fp32.u_synth_top.s2_b\[18\],195.92µm
net473,195.29µm
net770,194.34µm
net743,194.04µm
net422,193.37µm
_01521_,193.35µm
_06421_,192.48µm
net753,192.01µm
net420,189.96µm
net510,189.14µm
net724,188.4µm
net757,188.35µm
net57,187.88µm
net283,185.55µm
net746,185.355µm
_00950_,184.005µm
net50,183.62µm
net730,183.52µm
net55,183.38µm
net630,183.34µm
net215,183.3µm
net534,183.22µm
net738,181.81µm
net729,181.77µm
net637,181.19µm
net607,181.165µm
net763,180.38µm
net691,179.66µm
net674,178.84µm
net262,178.28µm
net639,177.14µm
net266,177.04µm
u_interface.u_gelu_fp32.u_synth_top.s2_dx\[2\],175.3µm
net707,174.44µm
net519,174.37µm
net391,174.26µm
net705,173.645µm
net623,173.08µm
net628,172.92µm
net688,172.28µm
_03171_,171.5µm
net750,171.24µm
net503,170.6µm
net682,170.6µm
u_interface.u_gelu_fp32.u_synth_top.s2_dx\[10\],170.24µm
net721,169.18µm
net419,169.03µm
net767,168.48µm
_03172_,168.18µm
clknet_leaf_70_clk,167.82µm
net541,167.47µm
net446,166.16µm
net774,164.5µm
net698,163.98µm
net699,162.74µm
net766,162.57µm
net20,162.32µm
net321,161.72µm
net752,161.545µm
_01511_,161.19µm
net656,160.62µm
net748,160.43µm
_00500_,160.345µm
net726,160.34µm
net755,158.89µm
net158,158.7µm
net689,158.195µm
net734,157.72µm
net636,157.64µm
net612,157.54µm
net765,157.24µm
net761,157.16µm
net450,156.54µm
net442,156.51µm
net744,156.4µm
net696,156.12µm
net795,156.04µm
net784,155.16µm
net24,154.98µm
net635,154.59µm
net749,154.35µm
net684,154.3µm
clknet_leaf_3_clk,154.22µm
net457,153.86µm
u_interface.u_gelu_fp32.u_synth_top.s2_b\[1\],153.82µm
net742,152.65µm
clknet_leaf_42_clk,152.38µm
_00947_,152.325µm
net769,152.3µm
u_interface.u_gelu_fp32.u_synth_top.s2_dx\[9\],152.14µm
net673,152.025µm
net451,151.21µm
net408,151.01µm
clknet_leaf_71_clk,150.94µm
clknet_leaf_39_clk,150µm
net477,149.42µm
net680,149.24µm
clknet_leaf_44_clk,149.19µm
u_interface.u_gelu_fp32.u_synth_top.s2_m\[2\],148.18µm
u_interface.u_gelu_fp32.u_q16_to_fp32.s1_is_zero,146.82µm
net790,146.7µm
net692,146.52µm
net654,146.28µm
clknet_leaf_17_clk,146.28µm
net449,145.42µm
net723,145.33µm
net515,145.29µm
net745,145.17µm
u_interface.u_gelu_fp32.u_synth_top.s2_b\[0\],144.66µm
net617,144.12µm
net406,142.68µm
net671,142.16µm
net305,141.84µm
_03758_,141.795µm
u_interface.u_gelu_fp32.u_synth_top.s2_b\[2\],141.52µm
clknet_leaf_62_clk,141.42µm
net606,141.39µm
net453,141.3µm
net154,141.14µm
net416,140.94µm
net829,140.82µm
net471,140.215µm
net631,139.89µm
net481,139.57µm
net702,139.35µm
net301,138.82µm
_00499_,138.725µm
clknet_leaf_54_clk,138.36µm
clknet_leaf_49_clk,138.22µm
_06283_,137.98µm
net427,137.51µm
u_interface.u_gelu_fp32.u_synth_top.s2_dx\[18\],137.48µm
net759,137.18µm
net441,137.16µm
net675,136.92µm
u_interface.u_gelu_fp32.u_synth_top.s2_dx\[15\],136.78µm
net712,136.66µm
net693,136.46µm
net303,136.3µm
u_interface.u_gelu_fp32.u_synth_top.s2_dx\[8\],135.94µm
net741,135.68µm
clknet_leaf_68_clk,135.47µm
net629,135.26µm
u_interface.u_gelu_fp32.u_synth_top.s2_dx\[23\],135.18µm
clknet_leaf_35_clk,135µm
net713,134.48µm
net433,134.37µm
_01896_,133.36µm
net701,133.36µm
net758,133.26µm
u_interface.u_gelu_fp32.u_synth_top.s2_dx\[12\],133.18µm
net798,132.88µm
net472,132.66µm
clknet_leaf_72_clk,131.92µm
net400,131.82µm
clknet_leaf_43_clk,131.195µm
net661,131.04µm
net478,130.94µm
net189,130.69µm
clknet_leaf_83_clk,130.32µm
net585,129.84µm
_00527_,129.385µm
net647,129.11µm
net620,128.305µm
clknet_leaf_34_clk,128.24µm
net751,127.83µm
net662,127.53µm
net747,127.02µm
net199,126.86µm
net764,126.78µm
net145,126.62µm
clknet_leaf_57_clk,126.62µm
clknet_leaf_53_clk,126.26µm
clknet_leaf_27_clk,126.12µm
net646,125.91µm
net531,125.56µm
net4,125.44µm
_06281_,125.4µm
net533,125.13µm
u_interface.u_gelu_fp32.u_synth_top.s2_dx\[13\],124.94µm
net614,124.88µm
net482,124.57µm
net213,124.54µm
net817,124.52µm
clknet_leaf_55_clk,123.755µm
net586,123.32µm
net658,123.12µm
net793,122.51µm
net315,122.28µm
u_interface.u_gelu_fp32.u_synth_top.s2_dx\[29\],122.08µm
u_interface.u_gelu_fp32.u_synth_top.s2_dx\[14\],121.63µm
u_interface.u_gelu_fp32.u_synth_top.s2_dx\[1\],121.34µm
net644,121.32µm
clknet_leaf_10_clk,121.15µm
net652,120.625µm
net499,119.95µm
net603,119.66µm
clknet_leaf_5_clk,119.31µm
net291,119.08µm
net797,118.9µm
net460,118.63µm
net615,118.46µm
_00962_,118.035µm
net663,117.85µm
net486,117.72µm
clknet_leaf_36_clk,117.64µm
net605,117.59µm
net816,117.36µm
clknet_leaf_45_clk,117.235µm
net710,117.2µm
net768,117.06µm
net826,116.96µm
clknet_leaf_82_clk,116.66µm
u_interface.u_gelu_fp32.u_synth_top.s2_dx\[28\],116.04µm
net814,115.75µm
net621,115.62µm
net389,115.54µm
clknet_leaf_48_clk,115.08µm
clknet_leaf_13_clk,115.06µm
net762,114.94µm
clknet_leaf_31_clk,114.78µm
net393,114.72µm
clknet_leaf_22_clk,114.62µm
u_interface.u_gelu_fp32.u_synth_top.s2_dx\[0\],114.57µm
net350,114.56µm
net7,114.28µm
_00956_,113.935µm
net392,113.72µm
net312,113.71µm
clknet_leaf_84_clk,113.7µm
net579,113.52µm
clknet_leaf_6_clk,113.5µm
net801,113.34µm
_03752_,113.22µm
u_interface.u_gelu_fp32.u_synth_top.s2_b\[16\],113.22µm
net660,113.19µm
net648,113.18µm
net120,113.12µm
net201,113.09µm
u_interface.u_gelu_fp32.u_synth_top.s2_dx\[5\],112.74µm
net599,112.12µm
net390,111.88µm
_01146_,111.86µm
net278,111.76µm
net609,111.57µm
net498,111.48µm
net788,111.45µm
u_interface.u_gelu_fp32.u_synth_top.s1_hits\[18\],111.335µm
u_interface.u_gelu_fp32.u_synth_top.s2_b\[17\],111.28µm
clknet_leaf_16_clk,111.26µm
_01536_,111.02µm
net195,110.88µm
u_interface.u_gelu_fp32.u_synth_top.s2_dx\[11\],110.84µm
clknet_leaf_73_clk,110.62µm
net518,110.48µm
u_interface.u_gelu_fp32.u_fp32_to_q16.s2_shift\[4\],110.35µm
net466,110.23µm
_03654_,110.06µm
net279,109.96µm
net288,109.93µm
net413,109.64µm
net709,109µm
net496,108.9µm
net782,108.66µm
net418,108.635µm
u_interface.u_gelu_fp32.u_q16_to_fp32.s1_mag\[27\],108.42µm
clknet_leaf_50_clk,108.28µm
_04921_,108.16µm
net516,108.145µm
net184,108.06µm
net491,107.91µm
net111,107.8µm
net485,107.64µm
net664,107.46µm
u_interface.u_gelu_fp32.u_synth_top.s3_b\[18\],107.42µm
net404,107.085µm
net445,107µm
clknet_leaf_26_clk,106.6µm
_03130_,106.5µm
net304,106.46µm
net11,106.4µm
net800,106.4µm
_00525_,106.3µm
net480,106.04µm
net186,105.96µm
net571,105.86µm
clknet_leaf_75_clk,105.85µm
_04226_,105.535µm
clknet_leaf_58_clk,105.28µm
net122,105.24µm
net618,105µm
net474,104.73µm
net611,104.705µm
net512,104.47µm
net815,104.13µm
net601,104.12µm
net342,103.82µm
net820,103.775µm
net484,103.53µm
net395,103.47µm
net436,103.42µm
_01541_,103.31µm
net476,103.16µm
net335,102.96µm
net469,102.87µm
clknet_leaf_40_clk,102.65µm
net542,102.175µm
clknet_leaf_63_clk,101.355µm
net298,101.18µm
u_interface.u_gelu_fp32.u_synth_top.s2_dx\[27\],101.16µm
u_interface.u_gelu_fp32.u_q16_to_fp32.s1_mag\[29\],101.01µm
clknet_leaf_2_clk,100.98µm
_06290_,100.92µm
_05100_,100.9µm
net412,100.89µm
net805,100.8µm
clknet_leaf_69_clk,100.78µm
net602,100.71µm
net306,100.61µm
net626,100.56µm
_05030_,100.54µm
clknet_leaf_67_clk,100.36µm
net191,99.9µm
clknet_leaf_41_clk,99.78µm
net411,99.52µm
net827,99.48µm
net812,99.38µm
net642,99.32µm
clknet_leaf_9_clk,99.3µm
net520,99.26µm
net326,99.2µm
net508,99.05µm
net384,98.96µm
net796,98.77µm
net205,98.73µm
net802,98.64µm
_05000_,98.18µm
clknet_leaf_76_clk,98.16µm
net434,97.98µm
clknet_leaf_18_clk,97.66µm
net464,97.535µm
net340,97.46µm
net777,97.42µm
net828,97.24µm
_03657_,96.95µm
clknet_leaf_52_clk,96.87µm
_05101_,96.74µm
clknet_leaf_66_clk,96.72µm
net168,96.54µm
_03126_,96.22µm
_03757_,96.17µm
net356,96.12µm
net666,96.11µm
u_interface.u_gelu_fp32.u_synth_top.s2_dx\[30\],96.1µm
_00961_,96.025µm
net594,95.67µm
net781,95.59µm
clknet_leaf_87_clk,95.58µm
net799,95.56µm
clknet_leaf_59_clk,95.38µm
clknet_leaf_47_clk,95.32µm
net502,95.2µm
net573,94.99µm
net117,94.98µm
net592,94.82µm
_00529_,94.805µm
net167,94.77µm
net459,94.58µm
u_interface.u_gelu_fp32.u_q16_to_fp32.s1_mag\[28\],94.49µm
clknet_leaf_14_clk,94.46µm
net589,94.315µm
net494,94.24µm
net489,94.12µm
net668,94.065µm
net308,94.06µm
net296,94µm
net196,93.86µm
net704,93.84µm
net575,93.8µm
clknet_leaf_4_clk,93.78µm
clknet_leaf_64_clk,93.72µm
net370,93.66µm
net402,93.65µm
u_interface.u_gelu_fp32.u_synth_top.s1_hits\[1\],93.62µm
net583,93.58µm
net523,93.48µm
u_interface.u_gelu_fp32.u_synth_top.s2_m\[15\],93.4µm
net511,93.3µm
net440,93.22µm
net811,93.195µm
_05129_,93.05µm
_00959_,92.845µm
net398,92.32µm
u_interface.u_gelu_fp32.u_synth_top.s1_hits\[7\],92.3µm
net565,91.74µm
net324,91.66µm
net452,91.56µm
net715,91.5µm
net302,91.37µm
net458,91.36µm
net380,91.35µm
_01128_,91.245µm
_00943_,91.2µm
net310,91.005µm
clknet_leaf_65_clk,90.86µm
net670,90.32µm
net368,90.16µm
clknet_leaf_60_clk,89.96µm
net529,89.76µm
net804,89.6µm
net625,89.58µm
net410,89.5µm
net791,89.48µm
net695,89.42µm
_03970_,88.9µm
net462,88.89µm
net401,88.855µm
_05024_,88.78µm
clknet_leaf_56_clk,88.7µm
net194,88.66µm
net641,88.6µm
clknet_leaf_37_clk,88.54µm
_03524_,88.35µm
net813,88.19µm
u_interface.u_gelu_fp32.u_q16_to_fp32.s3_norm_mag\[25\],88.1µm
net483,87.98µm
u_interface.u_gelu_fp32.u_q16_to_fp32.s1_mag\[1\],87.74µm
net163,87.64µm
net640,87.64µm
net372,87.52µm
net465,87.52µm
net164,87.46µm
net821,87.4µm
_01100_,87.36µm
net711,87.315µm
u_interface.u_gelu_fp32.u_synth_top.s2_m\[14\],87.2µm
u_interface.core_data_out\[20\],87.1µm
net810,87µm
net354,86.96µm
net314,86.895µm
clknet_leaf_85_clk,86.8µm
net703,86.78µm
u_interface.u_gelu_fp32.u_synth_top.s2_dx\[25\],86.7µm
u_interface.u_gelu_fp32.u_q16_to_fp32.s1_mag\[25\],86.66µm
net39,86.56µm
_01435_,86.52µm
net823,86.52µm
net808,86.5µm
u_interface.u_gelu_fp32.u_synth_top.s2_dx\[21\],86.3µm
net468,86.2µm
net597,86.19µm
net577,86.12µm
net655,85.54µm
_01673_,85.45µm
clknet_leaf_33_clk,85.3µm
net364,85.1µm
net514,85.1µm
_02600_,84.98µm
net300,84.88µm
net794,84.84µm
net1,84.69µm
_03979_,84.64µm
net162,84.57µm
_00942_,84.56µm
net182,84.38µm
net567,84.34µm
net386,84.04µm
u_interface.u_gelu_fp32.u_synth_top.s1_hits\[9\],84.01µm
net694,83.91µm
net346,83.84µm
net455,83.76µm
net569,83.72µm
u_interface.u_gelu_fp32.u_q16_to_fp32.s1_mag\[26\],83.715µm
net295,83.5µm
net807,83.46µm
net133,83.32µm
net438,83.315µm
net492,83.3µm
net456,83.29µm
u_interface.u_gelu_fp32.u_synth_top.s2_m\[16\],83.22µm
net650,83.18µm
net463,83.17µm
_01825_,83.14µm
net378,83.1µm
net659,83.07µm
net501,83.04µm
net382,82.84µm
net202,82.79µm
net397,82.79µm
net281,82.785µm
u_interface.u_gelu_fp32.s1_data\[16\],82.695µm
net454,82.64µm
net338,82.62µm
net352,82.58µm
net584,82.52µm
net686,82.34µm
net783,82.04µm
clknet_leaf_19_clk,81.92µm
clknet_leaf_32_clk,81.9µm
net679,81.575µm
net432,81.555µm
_00941_,81.545µm
clknet_leaf_78_clk,81.46µm
clknet_leaf_38_clk,81.32µm
_03134_,81.24µm
net349,80.97µm
net417,80.915µm
u_interface.u_gelu_fp32.u_synth_top.s1_hits\[2\],80.75µm
net299,80.7µm
net681,80.69µm
u_interface.u_gelu_fp32.u_q16_to_fp32.s3_norm_mag\[26\],80.54µm
_03726_,80.44µm
_00953_,80.425µm
_03661_,80.38µm
clknet_leaf_74_clk,80.38µm
net819,80.26µm
net179,79.9µm
net517,79.64µm
net825,79.62µm
net374,79.54µm
net591,79.42µm
net787,79.26µm
_05288_,79.2µm
net561,79.14µm
u_interface.u_gelu_fp32.u_synth_top.s2_dx\[22\],79.02µm
net403,78.775µm
net332,78.6µm
net348,78.6µm
net280,78.44µm
clknet_leaf_15_clk,78.2µm
u_interface.core_data_out\[28\],78.02µm
net619,77.72µm
net627,77.54µm
_04912_,77.42µm
net113,77.32µm
net633,77.28µm
_05197_,77.2µm
_01542_,77.16µm
net448,77.095µm
net214,76.99µm
clknet_leaf_30_clk,76.94µm
net604,76.88µm
net344,76.84µm
_04541_,76.8µm
net495,76.375µm
clknet_leaf_80_clk,76.275µm
_04444_,76.22µm
net118,76.1µm
clknet_leaf_29_clk,75.98µm
net722,75.975µm
net140,75.96µm
net277,75.96µm
_02917_,75.88µm
u_interface.u_gelu_fp32.u_synth_top.comb_b\[18\],75.825µm
net677,75.725µm
_05222_,75.72µm
_06423_,75.67µm
net638,75.62µm
net109,75.6µm
net549,75.54µm
_00946_,75.525µm
net600,75.52µm
net803,75.44µm
net360,75.36µm
u_interface.u_gelu_fp32.u_q16_to_fp32.s1_mag\[4\],75.34µm
_00954_,75.245µm
_01612_,75.2µm
_06316_,75.08µm
net563,75µm
net580,74.97µm
net697,74.74µm
net407,74.54µm
_01725_,74.52µm
u_interface.u_gelu_fp32.u_synth_top.s2_m\[11\],74.52µm
net425,74.43µm
u_interface.u_gelu_fp32.u_synth_top.s1_hits\[6\],74.24µm
net535,74.24µm
net415,74.065µm
net358,74.02µm
net328,73.99µm
_04302_,73.88µm
u_interface.u_gelu_fp32.u_synth_top.s1_hits\[11\],73.81µm
_04487_,73.66µm
net487,73.64µm
_04418_,73.62µm
u_interface.meta_tlast_pipe\[11\],73.6µm
_05198_,73.5µm
clknet_leaf_7_clk,73.34µm
net376,73.24µm
net513,73.24µm
net685,72.99µm
net687,72.97µm
net649,72.96µm
_04180_,72.9µm
_04419_,72.81µm
net507,72.74µm
_04489_,72.7µm
net672,72.62µm
_04849_,72.08µm
net497,72.02µm
clknet_leaf_81_clk,71.96µm
net775,71.9µm
clknet_leaf_11_clk,71.81µm
clknet_leaf_46_clk,71.81µm
net719,71.75µm
u_interface.u_gelu_fp32.u_synth_top.s1_hits\[13\],71.65µm
net200,71.48µm
_03869_,71.46µm
net613,71.38µm
net776,70.94µm
u_interface.u_gelu_fp32.u_synth_top.s2_b\[13\],70.9µm
u_interface.u_gelu_fp32.u_fp32_to_q16.s2_norm_mag\[30\],70.86µm
net559,70.82µm
_05287_,70.64µm
net536,70.585µm
u_interface.u_gelu_fp32.u_fp32_to_q16.s2_shift\[3\],70.4µm
_04653_,70.36µm
net198,70.34µm
_03526_,70.28µm
net333,70.2µm
net581,70.2µm
net470,70.145µm
net431,69.985µm
_05408_,69.76µm
u_interface.u_gelu_fp32.s1_data\[14\],69.555µm
u_interface.u_gelu_fp32.u_synth_top.s2_m\[0\],69.54µm
net1749,69.38µm
net578,69.06µm
net543,69.01µm
_05001_,68.87µm
_02622_,68.77µm
_01428_,68.7µm
_02872_,68.6µm
u_interface.u_gelu_fp32.u_synth_top.s2_b\[7\],68.6µm
_01782_,68.3µm
_03271_,68.26µm
net557,68.18µm
net588,68.16µm
net193,68.14µm
net538,68.105µm
_01823_,68.04µm
_06468_,67.98µm
_05381_,67.94µm
clknet_leaf_12_clk,67.82µm
net151,67.79µm
_00870_,67.735µm
_00948_,67.735µm
net505,67.56µm
_04320_,67.54µm
_04540_,67.52µm
net177,67.5µm
net1768,67.5µm
net539,67.28µm
_03950_,67.14µm
net203,67.1µm
net645,66.85µm
_01819_,66.8µm
net548,66.58µm
net115,66.3µm
_01667_,66.28µm
net385,66.24µm
net653,66.18µm
net366,66.16µm
_06320_,66.12µm
_02880_,66.075µm
u_interface.u_gelu_fp32.u_synth_top.s2_b\[5\],66µm
net560,65.94µm
net590,65.8µm
_06019_,65.74µm
net500,65.5µm
net785,65.48µm
net714,65.46µm
clknet_leaf_51_clk,65.355µm
net1743,65.16µm
u_interface.u_gelu_fp32.u_synth_top.s1_hits\[17\],65.11µm
net435,64.92µm
net166,64.9µm
_03844_,64.84µm
net161,64.82µm
u_interface.u_gelu_fp32.u_q16_to_fp32.s1_mag\[5\],64.72µm
net399,64.435µm
u_interface.u_gelu_fp32.u_synth_top.s2_b\[11\],64.26µm
net1757,64.24µm
net528,64.16µm
_02624_,64.08µm
u_interface.u_gelu_fp32.u_synth_top.s2_m\[12\],63.92µm
_01668_,63.86µm
net778,63.82µm
net337,63.75µm
u_interface.u_gelu_fp32.u_q16_to_fp32.s1_mag\[2\],63.54µm
u_interface.u_gelu_fp32.u_q16_to_fp32.s1_mag\[30\],63.42µm
net276,63.36µm
_03969_,63.3µm
u_interface.u_gelu_fp32.u_synth_top.s2_m\[7\],63.28µm
net1741,63.02µm
net447,62.89µm
u_interface.u_gelu_fp32.u_synth_top.s2_b\[6\],62.86µm
net667,62.86µm
net1763,62.8µm
net289,62.77µm
net430,62.72µm
_03615_,62.58µm
net610,62.52µm
net383,62.5µm
_03755_,62.44µm
net156,62.41µm
net461,62.36µm
net334,62.3µm
_03614_,62.26µm
net311,62.22µm
net362,62.1µm
net443,62.08µm
u_interface.u_gelu_fp32.u_synth_top.s2_b\[9\],62.04µm
net152,62.02µm
u_interface.u_gelu_fp32.u_synth_top.s1_hits\[12\],62µm
net216,61.82µm
_05493_,61.8µm
net506,61.7µm
_01440_,61.68µm
u_interface.u_gelu_fp32.u_q16_to_fp32.s2_clz\[2\],61.68µm
net540,61.58µm
clknet_leaf_90_clk,61.54µm
net294,61.52µm
_01614_,61.4µm
u_interface.u_gelu_fp32.u_q16_to_fp32.s1_mag\[3\],61.4µm
u_interface.u_gelu_fp32.u_synth_top.s2_b\[8\],61.14µm
_06392_,61.12µm
_00871_,61.085µm
u_interface.u_gelu_fp32.u_synth_top.s1_hits\[5\],60.88µm
net467,60.82µm
_01651_,60.72µm
_00952_,60.695µm
net717,60.66µm
_06422_,60.46µm
net690,60.395µm
_01682_,60.38µm
net568,60.22µm
_04066_,60.16µm
net537,60.085µm
net490,60.08µm
u_interface.u_gelu_fp32.u_q16_to_fp32.s1_mag\[18\],59.9µm
u_interface.core_data_out\[25\],59.84µm
_03610_,59.74µm
_05958_,59.74µm
net598,59.72µm
u_interface.u_gelu_fp32.u_q16_to_fp32.s1_mag\[31\],59.62µm
net119,59.58µm
u_interface.u_gelu_fp32.u_synth_top.s2_b\[15\],59.56µm
_03129_,59.52µm
net532,59.38µm
_02765_,59.3µm
_03951_,59.2µm
net530,58.85µm
_04301_,58.84µm
u_interface.u_gelu_fp32.u_synth_top.s2_b\[14\],58.84µm
net365,58.84µm
net493,58.62µm
_06441_,58.6µm
_02677_,58.56µm
net160,58.52µm
_04718_,58.27µm
_05662_,58.24µm
net544,58.06µm
net1772,58.06µm
_05330_,58.02µm
_04179_,57.98µm
u_interface.u_gelu_fp32.u_q16_to_fp32.s1_mag\[6\],57.9µm
u_interface.u_gelu_fp32.u_q16_to_fp32.s2_clz\[3\],57.9µm
net678,57.84µm
u_interface.u_gelu_fp32.u_q16_to_fp32.s1_mag\[7\],57.76µm
u_interface.u_gelu_fp32.u_q16_to_fp32.s3_exp\[0\],57.58µm
net343,57.56µm
net136,57.54µm
_00957_,57.525µm
_01714_,57.5µm
net651,57.4µm
clknet_leaf_23_clk,57.4µm
_04801_,57.38µm
net170,57.365µm
_05646_,57.06µm
_06250_,56.96µm
net33,56.96µm
net582,56.87µm
_01684_,56.675µm
_01650_,56.64µm
u_interface.core_data_out\[23\],56.58µm
net180,56.56µm
_01636_,56.52µm
u_interface.u_gelu_fp32.u_synth_top.s1_hits\[8\],56.52µm
_00526_,56.465µm
net424,56.345µm
net1682,56.32µm
u_interface.u_gelu_fp32.u_synth_top.s2_b\[12\],56.3µm
_03843_,56.24µm
net676,56.18µm
_03464_,56.14µm
net426,56.1µm
_04652_,56.08µm
net345,56.04µm
_00030_,55.98µm
net353,55.98µm
_06327_,55.92µm
_01707_,55.88µm
u_interface.u_gelu_fp32.u_q16_to_fp32.s3_norm_mag\[11\],55.88µm
_01790_,55.855µm
u_interface.u_gelu_fp32.u_synth_top.s2_dx\[6\],55.72µm
net153,55.695µm
_01872_,55.68µm
net355,55.62µm
_04390_,55.54µm
u_interface.u_gelu_fp32.u_synth_top.s2_dx\[16\],55.54µm
net524,55.54µm
u_interface.core_data_out\[5\],55.4µm
_04065_,55.28µm
net786,55.28µm
net341,55.2µm
_04202_,55.06µm
u_interface.u_gelu_fp32.u_q16_to_fp32.s1_mag\[19\],55.02µm
_04870_,54.94µm
net1752,54.94µm
net1761,54.9µm
u_interface.u_gelu_fp32.u_q16_to_fp32.s3_exp\[1\],54.8µm
net587,54.73µm
_01753_,54.72µm
net185,54.7µm
net124,54.66µm
u_interface.u_gelu_fp32.u_q16_to_fp32.s2_clz\[0\],54.6µm
_04509_,54.52µm
u_interface.u_gelu_fp32.u_fp32_to_q16.s2_norm_mag\[11\],54.48µm
net157,54.46µm
net327,54.42µm
_04614_,54.39µm
_00528_,54.38µm
_04847_,54.38µm
_01569_,54.34µm
_01696_,54.265µm
net114,54.26µm
_01680_,54.24µm
_01566_,54.2µm
_01839_,53.94µm
net576,53.94µm
_04676_,53.86µm
u_interface.u_gelu_fp32.s1_data\[17\],53.76µm
_03541_,53.64µm
u_interface.u_gelu_fp32.u_synth_top.s2_m\[10\],53.64µm
net137,53.58µm
net1744,53.42µm
_01186_,53.36µm
u_interface.u_gelu_fp32.u_synth_top.s2_b\[10\],53.24µm
_01659_,52.885µm
_03217_,52.8µm
net3,52.64µm
net275,52.64µm
u_interface.u_gelu_fp32.u_fp32_to_q16.s3_mag\[30\],52.6µm
_03725_,52.5µm
clknet_leaf_86_clk,52.48µm
_05815_,52.46µm
_04737_,52.34µm
_04886_,52.3µm
_03328_,52.26µm
net313,52.2µm
u_interface.u_gelu_fp32.u_fp32_to_q16.s2_shift\[5\],52.18µm
net546,52.12µm
_04176_,52.06µm
_06356_,52.005µm
_04616_,51.92µm
_04716_,51.86µm
net572,51.84µm
u_interface.core_valid_out,51.72µm
u_interface.u_gelu_fp32.u_fp32_to_q16.s2_norm_mag\[28\],51.7µm
net429,51.635µm
u_interface.u_gelu_fp32.u_fp32_to_q16.s2_norm_mag\[8\],51.56µm
_04057_,51.48µm
net347,51.46µm
_06323_,51.4µm
_04062_,51.25µm
_03863_,51.16µm
_01838_,51.14µm
net290,51.08µm
net377,51.08µm
u_interface.u_gelu_fp32.u_synth_top.s1_x\[28\],51.04µm
net526,50.96µm
_06365_,50.92µm
net521,50.92µm
_06349_,50.895µm
net423,50.86µm
u_interface.u_gelu_fp32.u_q16_to_fp32.s1_mag\[17\],50.66µm
net373,50.46µm
net479,50.46µm
_06467_,50.44µm
u_interface.core_data_out\[10\],50.4µm
u_interface.u_gelu_fp32.u_q16_to_fp32.s1_mag\[21\],50.4µm
_06383_,50.36µm
u_interface.u_gelu_fp32.u_q16_to_fp32.s1_mag\[23\],50.34µm
net206,50.32µm
_04682_,50.2µm
_04275_,50.1µm
_04885_,50.08µm
net554,50.06µm
_01535_,49.98µm
_01718_,49.95µm
_03945_,49.92µm
u_interface.core_data_out\[24\],49.88µm
net31,49.88µm
net273,49.875µm
u_interface.u_gelu_fp32.u_q16_to_fp32.s2_mag\[14\],49.86µm
_00869_,49.825µm
_01641_,49.82µm
net375,49.78µm
net363,49.74µm
net1753,49.72µm
_02924_,49.65µm
net421,49.58µm
_04536_,49.57µm
_02679_,49.52µm
net211,49.515µm
u_interface.u_gelu_fp32.u_synth_top.s1_hits\[4\],49.48µm
_06081_,49.44µm
_04507_,49.43µm
net331,49.42µm
_00868_,49.295µm
_02813_,49.22µm
net73,49.17µm
_06390_,49.1µm
_01699_,48.96µm
_02551_,48.88µm
_01665_,48.86µm
_01683_,48.78µm
u_interface.fifo_count\[1\],48.74µm
u_interface.u_gelu_fp32.u_fp32_to_q16.round_bit,48.685µm
net367,48.59µm
_04415_,48.58µm
u_interface.u_gelu_fp32.u_q16_to_fp32.s1_mag\[20\],48.56µm
net566,48.56µm
_02762_,48.5µm
net274,48.42µm
net307,48.4µm
net62,48.36µm
net381,48.28µm
_01688_,48.195µm
u_interface.u_gelu_fp32.u_synth_top.s1_x\[27\],48.19µm
_01676_,48.04µm
_04085_,47.92µm
_04170_,47.87µm
u_interface.u_gelu_fp32.u_q16_to_fp32.s2_mag\[0\],47.86µm
net212,47.855µm
net596,47.81µm
_05005_,47.74µm
net550,47.66µm
_05489_,47.54µm
u_interface.core_data_out\[22\],47.5µm
_04175_,47.4µm
net371,47.4µm
net555,47.4µm
net165,47.32µm
net325,47.32µm
net525,47.22µm
u_interface.u_gelu_fp32.u_synth_top.s2_dx\[7\],47.02µm
_01658_,46.84µm
net564,46.84µm
net405,46.82µm
u_interface.u_gelu_fp32.u_q16_to_fp32.s3_norm_mag\[17\],46.66µm
_04296_,46.6µm
_05414_,46.42µm
_04648_,46.4µm
net359,46.4µm
net669,46.36µm
_00031_,46.245µm
net570,46.22µm
_04771_,46.1µm
_06329_,46.1µm
_06361_,46.1µm
_04277_,46.08µm
net551,45.92µm
_01568_,45.9µm
net547,45.9µm
net706,45.9µm
u_interface.u_gelu_fp32.u_q16_to_fp32.s3_exp\[2\],45.82µm
_03315_,45.71µm
u_interface.u_gelu_fp32.u_q16_to_fp32.s3_norm_mag\[15\],45.58µm
_04061_,45.56µm
net287,45.54µm
net369,45.54µm
_04535_,45.52µm
_06386_,45.52µm
_05321_,45.51µm
_01166_,45.44µm
_04772_,45.37µm
_01661_,45.36µm
u_interface.u_gelu_fp32.u_q16_to_fp32.s2_mag\[26\],45.31µm
_05571_,45.24µm
_01625_,45.22µm
_04491_,45.16µm
net357,45.14µm
_01642_,45.12µm
_04392_,45.115µm
_04525_,45.105µm
u_interface.u_gelu_fp32.u_synth_top.s3_mult\[63\],45.1µm
_01755_,44.9µm
_01657_,44.88µm
u_interface.u_gelu_fp32.u_fp32_to_q16.s2_norm_mag\[29\],44.84µm
net553,44.825µm
_01638_,44.8µm
_06341_,44.695µm
_01627_,44.68µm
net789,44.62µm
_01187_,44.54µm
_03062_,44.52µm
net394,44.52µm
_04681_,44.44µm
net522,44.38µm
_01599_,44.365µm
net643,44.34µm
_03460_,44.315µm
_05745_,44.26µm
u_interface.u_gelu_fp32.u_q16_to_fp32.s3_norm_mag\[24\],44.1µm
u_interface.core_data_out\[4\],43.98µm
_05379_,43.94µm
u_interface.u_gelu_fp32.u_synth_top.s3_mult\[16\],43.9µm
_04647_,43.88µm
_03422_,43.84µm
net622,43.84µm
_06384_,43.83µm
_03465_,43.8µm
_06005_,43.64µm
_06367_,43.56µm
u_interface.u_gelu_fp32.u_synth_top.s2_m\[1\],43.54µm
_02555_,43.46µm
_01564_,43.43µm
_03122_,43.33µm
_04919_,43.32µm
_01689_,43.22µm
u_interface.u_gelu_fp32.u_q16_to_fp32.s2_mag\[27\],43.205µm
_03368_,43.2µm
net824,43.2µm
_01685_,43.19µm
_01723_,43.08µm
_04468_,43.075µm
_01660_,42.98µm
_01701_,42.96µm
_04701_,42.9µm
_02881_,42.78µm
u_interface.u_gelu_fp32.u_synth_top.s1_x\[26\],42.78µm
_06368_,42.66µm
_00523_,42.605µm
net292,42.52µm
_03362_,42.46µm
net361,42.44µm
_01619_,42.41µm
_02713_,42.4µm
_05614_,42.38µm
_01637_,42.36µm
_01777_,42.33µm
_02751_,42.11µm
u_interface.u_gelu_fp32.s1_data\[27\],42.06µm
u_interface.u_gelu_fp32.u_q16_to_fp32.s2_mag\[16\],42.045µm
net414,42.02µm
_00949_,42.005µm
_02799_,41.95µm
_01735_,41.905µm
net634,41.82µm
u_interface.fifo_wr_ptr\[3\],41.76µm
_03186_,41.74µm
_03976_,41.72µm
u_interface.fifo_count\[3\],41.64µm
_04297_,41.62µm
_05697_,41.62µm
_00736_,41.585µm
u_interface.u_gelu_fp32.u_q16_to_fp32.s1_mag\[22\],41.54µm
clknet_leaf_1_clk,41.38µm
u_interface.u_gelu_fp32.u_q16_to_fp32.s2_mag\[12\],41.315µm
_04172_,41.26µm
_03244_,41.22µm
u_interface.u_gelu_fp32.u_fp32_to_q16.s1_mant\[15\],41.2µm
net309,41.14µm
_03461_,41.12µm
_00866_,40.98µm
_05333_,40.95µm
_01022_,40.945µm
_01385_,40.92µm
_01644_,40.92µm
_01647_,40.9µm
u_interface.fifo_count\[5\],40.88µm
net488,40.805µm
_04410_,40.78µm
_03520_,40.62µm
u_interface.u_gelu_fp32.u_fp32_to_q16.s3_overflow,40.62µm
_06379_,40.48µm
clknet_leaf_61_clk,40.44µm
net1571,40.4µm
_03530_,40.305µm
net954,40.255µm
_01656_,40.245µm
u_interface.in_flight_count\[2\],40.22µm
u_interface.u_gelu_fp32.u_q16_to_fp32.s1_mag\[9\],40.22µm
u_interface.u_gelu_fp32.u_synth_top.s2_dx\[4\],40.2µm
clknet_leaf_88_clk,40.16µm
u_interface.u_gelu_fp32.u_q16_to_fp32.s3_norm_mag\[23\],40.12µm
_01623_,40.1µm
u_interface.u_gelu_fp32.u_synth_top.s2_m\[5\],40.06µm
_04739_,40µm
net558,39.92µm
net351,39.88µm
net330,39.87µm
_03300_,39.78µm
net183,39.78µm
_01532_,39.68µm
_01556_,39.68µm
u_interface.u_gelu_fp32.u_q16_to_fp32.s3_exp\[3\],39.68µm
u_interface.core_data_out\[29\],39.66µm
net112,39.64µm
_01617_,39.61µm
_00960_,39.545µm
u_interface.core_data_out\[15\],39.48µm
_05661_,39.34µm
u_interface.u_gelu_fp32.u_q16_to_fp32.s2_mag\[19\],39.305µm
_01857_,39.3µm
_02076_,39.3µm
_02986_,39.28µm
net475,39.2µm
_02052_,39.04µm
_01613_,39.03µm
net552,39.02µm
_05582_,38.9µm
u_interface.core_data_out\[3\],38.88µm
net379,38.8µm
_03162_,38.66µm
_01601_,38.6µm
_01645_,38.6µm
u_interface.in_flight_count\[3\],38.58µm
net190,38.54µm
_05459_,38.46µm
_04624_,38.4µm
net574,38.38µm
_06364_,38.345µm
net336,38.28µm
_02989_,38.24µm
_01733_,37.98µm
_05579_,37.84µm
u_interface.core_data_out\[26\],37.82µm
_06011_,37.805µm
_01197_,37.78µm
net204,37.77µm
_02266_,37.68µm
_04770_,37.66µm
u_interface.core_data_out\[9\],37.58µm
u_interface.fifo_count\[0\],37.58µm
_01674_,37.44µm
_05903_,37.4µm
_00502_,37.365µm
_01907_,37.3µm
_02676_,37.27µm
_06353_,37.18µm
_03429_,37.14µm
_01609_,37.1µm
_04414_,37.08µm
_04288_,37.04µm
_04409_,37.04µm
u_interface.core_data_out\[11\],37.02µm
clknet_leaf_20_clk,37.02µm
clknet_leaf_79_clk,36.98µm
_01148_,36.95µm
_01588_,36.94µm
_01606_,36.9µm
_03623_,36.76µm
_06429_,36.74µm
u_interface.u_gelu_fp32.u_fp32_to_q16.s3_mag\[14\],36.74µm
_03942_,36.72µm
u_interface.core_data_out\[19\],36.7µm
net428,36.68µm
u_interface.u_gelu_fp32.u_fp32_to_q16.s2_shift\[0\],36.66µm
_06278_,36.62µm
_01691_,36.555µm
_05378_,36.54µm
u_interface.u_gelu_fp32.u_q16_to_fp32.s2_mag\[11\],36.525µm
_04790_,36.5µm
u_interface.u_gelu_fp32.u_synth_top.s1_x\[24\],36.32µm
_01598_,36.2µm
_06279_,36.2µm
u_interface.core_data_out\[27\],36.08µm
_01764_,36.06µm
_05196_,36.06µm
_02828_,36.05µm
_05032_,36.04µm
_05553_,36.02µm
_05547_,35.98µm
_05494_,35.975µm
net556,35.94µm
_03637_,35.92µm
_02653_,35.9µm
_04407_,35.9µm
u_interface.u_gelu_fp32.s1_data\[26\],35.86µm
_06426_,35.76µm
_01188_,35.66µm
_04778_,35.6µm
net818,35.6µm
clknet_leaf_25_clk,35.56µm
_01901_,35.52µm
u_interface.u_gelu_fp32.u_synth_top.s1_hits\[3\],35.5µm
_01171_,35.38µm
_01504_,35.36µm
_06293_,35.3µm
_06371_,35.3µm
_06343_,35.285µm
_01760_,35.28µm
_03358_,35.24µm
_03380_,35.18µm
_03568_,35.18µm
_05622_,35.18µm
_05065_,35.12µm
_00490_,35.105µm
_03359_,35.1µm
net139,35.02µm
_04890_,34.98µm
_05256_,34.94µm
_06350_,34.94µm
_05615_,34.9µm
_02601_,34.88µm
u_interface.u_gelu_fp32.u_fp32_to_q16.s3_mag\[29\],34.88µm
_03868_,34.84µm
u_interface.u_gelu_fp32.u_synth_top.s2_m\[4\],34.8µm
u_interface.u_gelu_fp32.u_fp32_to_q16.s2_norm_mag\[24\],34.74µm
net32,34.72µm
_05899_,34.7µm
net545,34.68µm
net169,34.56µm
_04748_,34.52µm
_01545_,34.48µm
u_interface.u_gelu_fp32.u_q16_to_fp32.s1_mag\[24\],34.48µm
_05770_,34.46µm
u_interface.u_gelu_fp32.u_synth_top.s1_x\[29\],34.46µm
_01739_,34.405µm
_06378_,34.345µm
_01741_,34.29µm
_06357_,34.25µm
_04929_,34.24µm
_04961_,34.24µm
_03621_,34.16µm
_03634_,34.14µm
_03519_,34.12µm
_02780_,34.1µm
_01106_,34µm
_05766_,33.98µm
_06370_,33.96µm
_01727_,33.92µm
u_interface.u_gelu_fp32.u_synth_top.s1_hits\[0\],33.92µm
_02636_,33.88µm
_06135_,33.84µm
u_interface.u_gelu_fp32.u_q16_to_fp32.s2_mag\[23\],33.825µm
_01788_,33.8µm
_01821_,33.7µm
u_interface.u_gelu_fp32.u_q16_to_fp32.s3_norm_mag\[3\],33.66µm
_01585_,33.6µm
u_interface.pipeline_enable,33.58µm
u_interface.u_gelu_fp32.u_fp32_to_q16.s1_sign,33.54µm
_04152_,33.44µm
u_interface.u_gelu_fp32.u_fp32_to_q16.s2_shift\[2\],33.4µm
_01692_,33.395µm
u_interface.u_gelu_fp32.u_q16_to_fp32.s1_mag\[8\],33.38µm
net10,33.38µm
_00864_,33.365µm
_00944_,33.345µm
_02057_,33.33µm
_05618_,33.3µm
u_interface.fifo_data\[4\]\[28\],33.3µm
u_interface.u_gelu_fp32.u_q16_to_fp32.s3_norm_mag\[7\],33.28µm
_01664_,33.26µm
_01176_,33.225µm
_04626_,33.22µm
_05744_,33.17µm
u_interface.u_gelu_fp32.u_fp32_to_q16.s3_mag\[22\],33.14µm
_05735_,33.02µm
net47,33.02µm
_01742_,32.96µm
u_interface.meta_tuser_pipe\[11\],32.96µm
net806,32.88µm
u_interface.fifo_data\[12\]\[20\],32.84µm
_01227_,32.82µm
_04951_,32.82µm
_04643_,32.8µm
_01653_,32.78µm
_05544_,32.78µm
u_interface.u_gelu_fp32.u_synth_top.s2_m\[3\],32.78µm
_04875_,32.74µm
net439,32.74µm
_04205_,32.7µm
_06438_,32.66µm
u_interface.u_gelu_fp32.u_q16_to_fp32.s1_mag\[13\],32.64µm
_02856_,32.62µm
_05729_,32.6µm
u_interface.u_gelu_fp32.u_q16_to_fp32.s2_mag\[22\],32.54µm
_01035_,32.44µm
_01731_,32.44µm
_01859_,32.38µm
_04527_,32.38µm
u_interface.u_gelu_fp32.s1_data\[24\],32.36µm
_02829_,32.26µm
_06268_,32.24µm
u_interface.in_flight_count\[1\],32.24µm
_04884_,32.14µm
net107,32.14µm
net562,32.12µm
_03030_,32.08µm
_02710_,32µm
u_interface.u_gelu_fp32.u_synth_top.s3_mult\[61\],32µm
_01273_,31.98µm
net527,31.98µm
_01241_,31.96µm
_06184_,31.915µm
u_interface.fifo_data\[5\]\[28\],31.88µm
_01546_,31.86µm
u_interface.core_data_out\[14\],31.86µm
_03782_,31.84µm
u_interface.u_gelu_fp32.u_fp32_to_q16.s1_mant\[16\],31.82µm
_01816_,31.78µm
_04293_,31.72µm
u_interface.u_gelu_fp32.u_fp32_to_q16.s1_mant\[9\],31.72µm
_04292_,31.7µm
_03243_,31.66µm
_01203_,31.58µm
_02325_,31.56µm
_05281_,31.56µm
u_interface.fifo_data\[12\]\[25\],31.54µm
u_interface.core_data_out\[7\],31.53µm
_03091_,31.52µm
_03254_,31.51µm
u_interface.fifo_data\[0\]\[24\],31.5µm
_01711_,31.485µm
net339,31.43µm
u_interface.u_gelu_fp32.u_q16_to_fp32.s2_mag\[28\],31.38µm
_05284_,31.36µm
_01867_,31.34µm
_02990_,31.3µm
_03280_,31.29µm
u_interface.u_gelu_fp32.u_fp32_to_q16.s3_mag\[26\],31.26µm
_01236_,31.24µm
_01655_,31.24µm
_00503_,31.225µm
_06344_,31.22µm
_04769_,31.16µm
_01261_,31.14µm
_01603_,31.12µm
_01942_,31.12µm
_05943_,31.08µm
_06275_,31.02µm
_05724_,31µm
_01737_,30.92µm
_05488_,30.88µm
_01528_,30.86µm
net329,30.82µm
_02534_,30.8µm
_02250_,30.78µm
_02812_,30.77µm
_06342_,30.74µm
_02564_,30.68µm
_01144_,30.66µm
_06078_,30.66µm
_01745_,30.625µm
_03759_,30.62µm
_05840_,30.6µm
net718,30.6µm
_03925_,30.58µm
net178,30.57µm
net100,30.56µm
_00504_,30.555µm
_01032_,30.545µm
u_interface.u_gelu_fp32.u_q16_to_fp32.s3_exp\[5\],30.5µm
_06387_,30.435µm
_05546_,30.42µm
u_interface.u_gelu_fp32.u_q16_to_fp32.s2_mag\[8\],30.42µm
_03068_,30.4µm
_04750_,30.4µm
_05123_,30.4µm
_06274_,30.38µm
_02647_,30.35µm
net141,30.34µm
_02486_,30.32µm
_03683_,30.3µm
_04642_,30.3µm
_05050_,30.3µm
u_interface.u_gelu_fp32.u_q16_to_fp32.s3_norm_mag\[30\],30.28µm
_05458_,30.24µm
_05478_,30.2µm
m_axis_tdata[8],30.17µm
net1550,30.16µm
_04149_,30.15µm
_01353_,30.12µm
_02761_,30.12µm
_05549_,30.1µm
_05157_,30.08µm
_03187_,30.06µm
_03679_,30.06µm
_04124_,30.06µm
_04519_,30.06µm
_01730_,30.02µm
_01557_,30µm
u_interface.u_gelu_fp32.u_q16_to_fp32.s1_mag\[15\],29.84µm
_02323_,29.83µm
u_interface.u_gelu_fp32.u_fp32_to_q16.s2_norm_mag\[18\],29.82µm
u_interface.u_gelu_fp32.u_synth_top.s3_mult\[60\],29.82µm
_02993_,29.8µm
_02998_,29.8µm
_04927_,29.8µm
u_interface.fifo_data\[9\]\[24\],29.8µm
_02039_,29.78µm
_04618_,29.74µm
u_interface.u_gelu_fp32.u_synth_top.s1_hits\[10\],29.74µm
u_interface.u_gelu_fp32.s1_data\[19\],29.72µm
u_interface.u_gelu_fp32.u_q16_to_fp32.s2_mag\[4\],29.72µm
_01779_,29.67µm
_03363_,29.66µm
_04103_,29.6µm
_05625_,29.6µm
_01223_,29.56µm
_04776_,29.485µm
_01746_,29.44µm
_01600_,29.42µm
_01862_,29.42µm
_05538_,29.38µm
_01220_,29.34µm
_04777_,29.32µm
u_interface.u_gelu_fp32.u_fp32_to_q16.s2_norm_mag\[14\],29.3µm
_05512_,29.28µm
_01132_,29.26µm
u_interface.fifo_data\[13\]\[7\],29.26µm
_05765_,29.18µm
_03036_,29.12µm
_04646_,29.12µm
_05329_,29.11µm
_03110_,29.1µm
u_interface.u_gelu_fp32.s1_data\[25\],29.08µm
u_interface.u_gelu_fp32.u_q16_to_fp32.s3_norm_mag\[20\],29.06µm
_03784_,29µm
net720,28.99µm
_03314_,28.94µm
u_interface.u_gelu_fp32.u_synth_top.s1_hits\[14\],28.92µm
_02578_,28.9µm
_05004_,28.9µm
u_interface.u_gelu_fp32.u_q16_to_fp32.s3_norm_mag\[18\],28.88µm
_03219_,28.84µm
u_interface.u_gelu_fp32.u_q16_to_fp32.s2_mag\[24\],28.82µm
_04059_,28.78µm
_04516_,28.78µm
_03159_,28.74µm
_06354_,28.72µm
_05059_,28.7µm
_03540_,28.66µm
_01389_,28.64µm
_03298_,28.64µm
_03483_,28.6µm
_05501_,28.6µm
u_interface.u_gelu_fp32.u_fp32_to_q16.s2_norm_mag\[10\],28.6µm
u_interface.u_gelu_fp32.u_q16_to_fp32.s2_mag\[2\],28.58µm
net143,28.58µm
_06000_,28.56µm
_04238_,28.52µm
_01173_,28.5µm
_05046_,28.47µm
u_interface.u_gelu_fp32.u_fp32_to_q16.s2_norm_mag\[27\],28.46µm
_03408_,28.42µm
_03216_,28.34µm
u_interface.fifo_count\[2\],28.34µm
u_interface.u_gelu_fp32.u_fp32_to_q16.s3_mag\[23\],28.34µm
u_interface.u_gelu_fp32.u_q16_to_fp32.s3_norm_mag\[8\],28.34µm
_01137_,28.32µm
net48,28.28µm
_04534_,28.26µm
_01402_,28.22µm
_01552_,28.2µm
_03799_,28.16µm
_05839_,28.08µm
_02692_,28.06µm
u_interface.core_data_out\[16\],28.06µm
_04883_,28.04µm
_05743_,28.04µm
u_interface.u_gelu_fp32.u_fp32_to_q16.s3_mag\[24\],28.04µm
_01488_,28.03µm
_00486_,27.965µm
_05592_,27.92µm
u_interface.u_gelu_fp32.u_synth_top.s2_m\[6\],27.92µm
_01610_,27.9µm
_03628_,27.9µm
u_interface.u_gelu_fp32.u_fp32_to_q16.s3_mag\[27\],27.84µm
_05741_,27.83µm
_02768_,27.82µm
u_interface.u_gelu_fp32.u_fp32_to_q16.s1_mant\[7\],27.82µm
_02870_,27.8µm
_01677_,27.77µm
_06043_,27.74µm
_01818_,27.7µm
_02083_,27.68µm
_01201_,27.64µm
_02556_,27.64µm
_01342_,27.58µm
_04835_,27.52µm
_06130_,27.52µm
u_interface.in_flight_count\[4\],27.52µm
_03841_,27.5µm
_03355_,27.48µm
_04892_,27.48µm
_01248_,27.46µm
_02174_,27.46µm
u_interface.u_gelu_fp32.u_q16_to_fp32.s3_sign,27.46µm
u_interface.u_gelu_fp32.u_synth_top.s3_mult\[19\],27.44µm
_01679_,27.42µm
u_interface.fifo_data\[4\]\[3\],27.42µm
_01811_,27.28µm
u_interface.u_gelu_fp32.s1_data\[22\],27.26µm
_03995_,27.22µm
_03113_,27.205µm
u_interface.u_gelu_fp32.u_fp32_to_q16.s3_mag\[20\],27.2µm
u_interface.fifo_data\[0\]\[28\],27.16µm
_04699_,27.14µm
_06391_,27.14µm
_03617_,27.1µm
s_axil_awaddr[1],27.1µm
_01943_,27.09µm
_05315_,27.08µm
_06034_,26.98µm
_05955_,26.96µm
_01351_,26.9µm
_03088_,26.9µm
net52,26.9µm
_03482_,26.86µm
_06490_,26.86µm
_01792_,26.84µm
u_interface.core_data_out\[17\],26.84µm
_03821_,26.82µm
_03459_,26.78µm
_06039_,26.76µm
_02760_,26.74µm
_05384_,26.74µm
_02985_,26.72µm
_03066_,26.72µm
_03551_,26.7µm
_01631_,26.68µm
_06385_,26.64µm
_01958_,26.62µm
u_interface.u_gelu_fp32.s2_data\[30\],26.62µm
net1719,26.62µm
_02240_,26.56µm
u_interface.core_data_out\[2\],26.56µm
_03381_,26.54µm
net128,26.52µm
u_interface.fifo_wr_ptr\[0\],26.515µm
_04775_,26.42µm
_05429_,26.4µm
_06178_,26.38µm
u_interface.u_gelu_fp32.u_fp32_to_q16.s3_mag\[12\],26.38µm
_01957_,26.32µm
_01704_,26.28µm
_04942_,26.28µm
_06030_,26.28µm
s_axil_araddr[1],26.26µm
_01381_,26.24µm
_00501_,26.225µm
_03414_,26.22µm
net29,26.2µm
u_interface.fifo_count\[4\],26.18µm
_05131_,26.16µm
_05863_,26.08µm
_02261_,26.02µm
_04122_,26.02µm
_03723_,26µm
_03703_,25.98µm
net1594,25.98µm
_03304_,25.96µm
_01265_,25.94µm
_03031_,25.88µm
_01895_,25.86µm
_04814_,25.86µm
u_interface.fifo_data\[12\]\[24\],25.86µm
_01726_,25.845µm
u_interface.u_gelu_fp32.u_q16_to_fp32.s2_mag\[3\],25.845µm
_05878_,25.84µm
u_interface.fifo_data\[1\]\[28\],25.82µm
_03160_,25.8µm
net1394,25.78µm
net1738,25.76µm
_04015_,25.72µm
_04153_,25.72µm
u_interface.u_gelu_fp32.u_q16_to_fp32.s2_mag\[10\],25.72µm
net1748,25.71µm
_03259_,25.66µm
_03395_,25.65µm
_04263_,25.64µm
clknet_leaf_28_clk,25.64µm
_05163_,25.62µm
_03643_,25.61µm
_05938_,25.58µm
_01616_,25.56µm
_02908_,25.56µm
_01577_,25.54µm
_02854_,25.52µm
_03364_,25.5µm
_04017_,25.48µm
_06125_,25.48µm
_02857_,25.44µm
u_interface.core_data_out\[6\],25.44µm
_01392_,25.42µm
m_axis_tdata[9],25.41µm
_01877_,25.4µm
_01251_,25.38µm
_01874_,25.38µm
_05782_,25.38µm
_01615_,25.34µm
_02283_,25.34µm
u_interface.u_gelu_fp32.u_fp32_to_q16.s3_frac\[14\],25.34µm
_01410_,25.32µm
_02048_,25.3µm
_03594_,25.3µm
_04378_,25.3µm
_05226_,25.28µm
_05872_,25.28µm
_02333_,25.26µm
_06335_,25.26µm
s_axis_tlast,25.26µm
_04173_,25.22µm
_02840_,25.16µm
_02849_,25.16µm
_05316_,25.14µm
_02721_,25.08µm
net192,25.07µm
_01763_,25.06µm
u_interface.u_gelu_fp32.u_fp32_to_q16.s3_mag\[21\],25.06µm
_04688_,24.99µm
_04577_,24.965µm
_03458_,24.94µm
_05588_,24.94µm
u_interface.u_gelu_fp32.u_q16_to_fp32.s2_mag\[25\],24.93µm
_05849_,24.92µm
u_interface.u_gelu_fp32.u_q16_to_fp32.s1_mag\[10\],24.92µm
_05377_,24.9µm
u_interface.fifo_data\[8\]\[2\],24.9µm
_03108_,24.84µm
_01724_,24.82µm
_05777_,24.82µm
_03495_,24.78µm
_06026_,24.78µm
u_interface.fifo_data\[12\]\[5\],24.76µm
net116,24.76µm
u_interface.fifo_data\[9\]\[17\],24.74µm
_06072_,24.72µm
net1584,24.72µm
_02546_,24.68µm
_05237_,24.68µm
_05816_,24.675µm
_01259_,24.64µm
_01476_,24.64µm
_02192_,24.64µm
_02706_,24.64µm
_02804_,24.64µm
_03739_,24.6µm
u_interface.fifo_data\[4\]\[22\],24.54µm
_05655_,24.48µm
u_interface.fifo_data\[3\]\[16\],24.48µm
u_interface.u_gelu_fp32.u_synth_top.s3_b\[14\],24.48µm
_01728_,24.46µm
clknet_leaf_24_clk,24.44µm
_03832_,24.425µm
_02238_,24.42µm
_03097_,24.42µm
_01399_,24.4µm
u_interface.u_gelu_fp32.s2_data\[1\],24.4µm
_03230_,24.38µm
_02046_,24.34µm
_03999_,24.34µm
_04517_,24.34µm
u_interface.u_gelu_fp32.u_fp32_to_q16.s3_mag\[1\],24.34µm
_03956_,24.3µm
u_interface.u_gelu_fp32.u_synth_top.s2_dx\[3\],24.26µm
_02025_,24.22µm
u_interface.u_gelu_fp32.u_fp32_to_q16.s1_exp\[1\],24.22µm
_02735_,24.18µm
_03033_,24.18µm
u_interface.u_gelu_fp32.s1_data\[21\],24.18µm
_04341_,24.16µm
_01147_,24.14µm
_01136_,24.12µm
_04107_,24.1µm
_01686_,24.06µm
_06284_,24.06µm
net903,24.045µm
_03213_,24.02µm
_04891_,24.02µm
u_interface.u_gelu_fp32.u_q16_to_fp32.s2_mag\[6\],24.02µm
_02756_,24µm
_05260_,23.99µm
_01142_,23.98µm
_04926_,23.98µm
_03805_,23.97µm
_02826_,23.96µm
_02861_,23.94µm
_04501_,23.92µm
_01180_,23.9µm
_00951_,23.885µm
u_interface.u_gelu_fp32.s2_data\[0\],23.86µm
_06138_,23.855µm
net129,23.84µm
_01978_,23.76µm
u_interface.u_gelu_fp32.u_synth_top.s1_x\[23\],23.76µm
_05092_,23.74µm
u_interface.u_gelu_fp32.u_q16_to_fp32.s2_sign,23.74µm
_02498_,23.675µm
u_interface.u_gelu_fp32.u_q16_to_fp32.s2_mag\[17\],23.665µm
_02697_,23.66µm
_03595_,23.64µm
clknet_leaf_8_clk,23.6µm
_03505_,23.58µm
_05375_,23.58µm
_05192_,23.54µm
_05826_,23.53µm
_04686_,23.52µm
u_interface.fifo_data\[4\]\[16\],23.5µm
_03619_,23.46µm
_03824_,23.46µm
_04528_,23.46µm
u_interface.fifo_data\[6\]\[10\],23.445µm
_03903_,23.42µm
u_interface.u_gelu_fp32.u_fp32_to_q16.s3_frac\[17\],23.38µm
net1357,23.38µm
_01527_,23.36µm
u_interface.fifo_data\[3\]\[5\],23.36µm
_01993_,23.35µm
u_interface.u_gelu_fp32.s2_data\[7\],23.35µm
_03393_,23.34µm
u_interface.fifo_tlast\[12\],23.32µm
_01695_,23.3µm
_04088_,23.3µm
_01321_,23.28µm
_01139_,23.26µm
_04339_,23.26µm
_04934_,23.26µm
_01364_,23.24µm
_04099_,23.24µm
_03823_,23.22µm
u_interface.fifo_data\[15\]\[7\],23.22µm
_02219_,23.2µm
_05103_,23.2µm
_05454_,23.2µm
_03224_,23.18µm
_02009_,23.16µm
_05883_,23.16µm
_04997_,23.14µm
u_interface.u_gelu_fp32.u_synth_top.s1_x\[22\],23.14µm
u_interface.fifo_data\[3\]\[11\],23.12µm
_01927_,23.1µm
_03195_,23.1µm
_05385_,23.08µm
_05867_,23.06µm
s_axis_tuser,23.06µm
u_interface.core_data_out\[31\],23.04µm
_03410_,23.02µm
_05075_,23.02µm
_04343_,23µm
u_interface.u_gelu_fp32.u_q16_to_fp32.s2_mag\[7\],22.965µm
_02047_,22.96µm
_02902_,22.96µm
u_interface.fifo_data\[12\]\[4\],22.94µm
u_interface.u_gelu_fp32.u_fp32_to_q16.s1_mant\[3\],22.92µm
u_interface.u_gelu_fp32.u_fp32_to_q16.s3_mag\[0\],22.92µm
_01382_,22.88µm
_01547_,22.88µm
_04889_,22.86µm
_05401_,22.84µm
_06067_,22.825µm
_01335_,22.82µm
_03687_,22.8µm
clknet_leaf_89_clk,22.8µm
_01233_,22.78µm
_03281_,22.78µm
u_interface.u_gelu_fp32.u_q16_to_fp32.s3_exp\[4\],22.78µm
_01329_,22.74µm
_02863_,22.74µm
_05406_,22.74µm
_05453_,22.74µm
_03816_,22.73µm
_01775_,22.72µm
_03728_,22.7µm
_06223_,22.7µm
_02911_,22.68µm
_03389_,22.68µm
_04255_,22.68µm
u_interface.u_gelu_fp32.u_fp32_to_q16.s3_mag\[15\],22.68µm
_03469_,22.675µm
u_interface.fifo_data\[10\]\[31\],22.65µm
u_interface.fifo_data\[7\]\[17\],22.64µm
_03006_,22.62µm
_05778_,22.62µm
_03002_,22.6µm
_06221_,22.6µm
_06307_,22.6µm
_01120_,22.58µm
_01879_,22.58µm
_02596_,22.58µm
_04330_,22.58µm
_01561_,22.56µm
_01524_,22.52µm
_01409_,22.5µm
_01898_,22.5µm
s_axis_tvalid,22.5µm
u_interface.fifo_data\[5\]\[26\],22.5µm
u_interface.fifo_data\[10\]\[8\],22.485µm
_01324_,22.46µm
u_interface.u_gelu_fp32.u_q16_to_fp32.s2_mag\[29\],22.46µm
clknet_leaf_77_clk,22.46µm
_02308_,22.44µm
_03413_,22.44µm
_05862_,22.44µm
_01238_,22.42µm
_01758_,22.42µm
_01886_,22.36µm
u_interface.fifo_tlast\[5\],22.36µm
_01635_,22.3µm
_05915_,22.28µm
_01134_,22.26µm
_02062_,22.26µm
_03035_,22.26µm
_06389_,22.24µm
_02315_,22.22µm
_03168_,22.22µm
_01530_,22.2µm
_03403_,22.18µm
_04220_,22.18µm
_02743_,22.155µm
_01508_,22.14µm
_02850_,22.14µm
u_interface.u_gelu_fp32.u_fp32_to_q16.s3_mag\[3\],22.135µm
_02507_,22.12µm
net1431,22.12µm
_03264_,22.1µm
_04232_,22.09µm
_01278_,22.08µm
_02326_,22.08µm
_02795_,22.08µm
u_interface.u_gelu_fp32.u_synth_top.s2_dx\[19\],22.08µm
net1008,22.08µm
net1614,22.08µm
_02654_,22.04µm
_03751_,22.04µm
_03827_,22.04µm
net1019,22.04µm
_01183_,22.02µm
m_axis_tdata[2],22.01µm
_02991_,22µm
_04458_,22µm
_05482_,22µm
_06330_,22µm
u_interface.u_gelu_fp32.s1_data\[1\],22µm
_01362_,21.98µm
_02708_,21.96µm
_01732_,21.925µm
_03822_,21.92µm
u_interface.u_gelu_fp32.u_fp32_to_q16.s3_mag\[18\],21.92µm
u_interface.fifo_data\[12\]\[7\],21.84µm
net35,21.84µm
_05310_,21.82µm
net1271,21.82µm
net1680,21.79µm
_02733_,21.78µm
_03412_,21.76µm
_06339_,21.76µm
_04603_,21.7µm
net905,21.685µm
_03434_,21.68µm
_05263_,21.68µm
_01441_,21.6µm
_01554_,21.6µm
_01369_,21.58µm
u_interface.u_gelu_fp32.u_synth_top.s3_mult\[59\],21.58µm
net142,21.58µm
_01594_,21.54µm
u_interface.u_gelu_fp32.u_q16_to_fp32.s2_mag\[15\],21.54µm
_03549_,21.52µm
_05031_,21.52µm
u_interface.fifo_data\[5\]\[11\],21.52µm
_03241_,21.48µm
_03503_,21.48µm
_03561_,21.48µm
u_interface.fifo_tuser\[1\],21.48µm
_01506_,21.47µm
_01906_,21.46µm
_03864_,21.46µm
u_interface.u_gelu_fp32.u_fp32_to_q16.s2_norm_mag\[15\],21.46µm
net6,21.46µm
net1328,21.46µm
_04460_,21.44µm
_02594_,21.42µm
_04445_,21.42µm
_06106_,21.42µm
_01750_,21.4µm
_02157_,21.4µm
_04881_,21.4µm
u_interface.u_gelu_fp32.u_q16_to_fp32.s2_mag\[18\],21.4µm
_01196_,21.36µm
_03485_,21.36µm
_05045_,21.36µm
_06428_,21.36µm
net130,21.36µm
_01454_,21.34µm
_01909_,21.34µm
u_interface.u_gelu_fp32.u_fp32_to_q16.s3_mag\[11\],21.34µm
_04195_,21.32µm
net444,21.3µm
_00741_,21.285µm
_04439_,21.285µm
u_interface.fifo_data\[4\]\[10\],21.28µm
_02907_,21.26µm
u_interface.u_gelu_fp32.u_q16_to_fp32.s2_mag\[20\],21.26µm
_03910_,21.25µm
_05347_,21.25µm
_01308_,21.24µm
u_interface.core_data_out\[13\],21.24µm
_01548_,21.2µm
_06366_,21.2µm
u_interface.fifo_data\[15\]\[25\],21.2µm
_01687_,21.195µm
_05095_,21.18µm
u_interface.u_gelu_fp32.u_fp32_to_q16.s2_norm_mag\[19\],21.16µm
_01897_,21.12µm
_03302_,21.12µm
_02789_,21.1µm
_02905_,21.08µm
u_interface.fifo_data\[0\]\[16\],21.08µm
net125,21.08µm
u_interface.fifo_data\[10\]\[24\],21.05µm
_03589_,21.04µm
u_interface.u_gelu_fp32.u_q16_to_fp32.s2_mag\[13\],21.025µm
_01228_,21.02µm
_03645_,21.02µm
_01377_,20.98µm
_01426_,20.98µm
_03666_,20.94µm
u_interface.fifo_data\[15\]\[31\],20.94µm
_05277_,20.93µm
_01477_,20.92µm
u_interface.u_gelu_fp32.u_q16_to_fp32.s2_mag\[1\],20.905µm
_02890_,20.88µm
_02492_,20.86µm
_05505_,20.86µm
u_interface.core_data_out\[30\],20.86µm
_04496_,20.84µm
_01740_,20.82µm
_03804_,20.82µm
_03391_,20.8µm
_02866_,20.78µm
_03199_,20.78µm
_03201_,20.78µm
_04638_,20.78µm
u_interface.u_gelu_fp32.u_fp32_to_q16.s2_norm_mag\[22\],20.78µm
_02241_,20.76µm
_02274_,20.76µm
_01346_,20.72µm
_02703_,20.72µm
_02736_,20.72µm
_04178_,20.72µm
_05468_,20.72µm
_02685_,20.71µm
_01994_,20.7µm
_01256_,20.68µm
_02852_,20.68µm
_03859_,20.68µm
_03308_,20.67µm
_04364_,20.64µm
_01143_,20.62µm
_03949_,20.62µm
u_interface.fifo_data\[1\]\[10\],20.62µm
u_interface.fifo_tlast\[13\],20.62µm
u_interface.u_gelu_fp32.u_fp32_to_q16.s3_mag\[2\],20.62µm
_01150_,20.585µm
_02195_,20.58µm
_02802_,20.58µm
_04222_,20.58µm
_06328_,20.58µm
_02263_,20.54µm
_05415_,20.54µm
_01501_,20.52µm
_02343_,20.52µm
_02909_,20.5µm
u_interface.fifo_data\[15\]\[29\],20.5µm
_01784_,20.48µm
_05117_,20.46µm
_05511_,20.46µm
_05668_,20.46µm
u_interface.u_gelu_fp32.u_synth_top.s2_dx\[17\],20.44µm
_02818_,20.42µm
_05800_,20.42µm
u_interface.u_gelu_fp32.s1_data\[8\],20.42µm
u_interface.u_gelu_fp32.s2_data\[4\],20.4µm
_03741_,20.38µm
_05416_,20.38µm
u_interface.u_gelu_fp32.u_fp32_to_q16.s3_mag\[19\],20.38µm
_01722_,20.36µm
_04569_,20.36µm
_06102_,20.34µm
net1371,20.34µm
u_interface.u_gelu_fp32.u_fp32_to_q16.s3_mag\[9\],20.32µm
u_interface.u_gelu_fp32.u_q16_to_fp32.s2_mag\[9\],20.31µm
_03008_,20.3µm
_03865_,20.3µm
_03954_,20.28µm
u_interface.fifo_data\[3\]\[17\],20.28µm
u_interface.u_gelu_fp32.u_q16_to_fp32.s3_norm_mag\[16\],20.28µm
_01169_,20.26µm
_02509_,20.26µm
u_interface.u_gelu_fp32.u_fp32_to_q16.s2_norm_mag\[13\],20.26µm
u_interface.u_gelu_fp32.u_fp32_to_q16.s3_mag\[28\],20.26µm
_03401_,20.24µm
u_interface.fifo_data\[0\]\[0\],20.24µm
u_interface.u_gelu_fp32.u_q16_to_fp32.s3_norm_mag\[14\],20.24µm
_03556_,20.22µm
_04946_,20.2µm
_06355_,20.2µm
u_interface.fifo_data\[8\]\[29\],20.2µm
net1113,20.2µm
_02946_,20.18µm
_06306_,20.18µm
_04158_,20.16µm
u_interface.fifo_data\[3\]\[3\],20.14µm
u_interface.fifo_data\[8\]\[10\],20.14µm
_03904_,20.12µm
_05534_,20.12µm
net1165,20.12µm
_02337_,20.11µm
_02516_,20.1µm
_05144_,20.1µm
_01376_,20.08µm
_02853_,20.08µm
_03310_,20.08µm
_03356_,20.08µm
_06180_,20.06µm
_01140_,20.04µm
_01210_,20µm
_03001_,20µm
_03215_,20µm
_04915_,20µm
u_interface.fifo_data\[13\]\[28\],20µm
u_interface.fifo_data\[12\]\[13\],19.96µm
_02947_,19.94µm
_01282_,19.92µm
_02808_,19.92µm
_03072_,19.9µm
u_interface.u_gelu_fp32.u_fp32_to_q16.s1_mant\[22\],19.9µm
u_interface.u_gelu_fp32.u_q16_to_fp32.s3_norm_mag\[29\],19.9µm
_02542_,19.895µm
u_interface.fifo_data\[4\]\[4\],19.88µm
_01396_,19.86µm
_01591_,19.86µm
_01634_,19.86µm
_02868_,19.86µm
_06309_,19.86µm
_01114_,19.84µm
_02781_,19.84µm
_03317_,19.84µm
u_interface.u_gelu_fp32.u_synth_top.s3_mult\[46\],19.84µm
_01185_,19.82µm
_04635_,19.82µm
u_interface.fifo_data\[8\]\[6\],19.82µm
u_interface.u_gelu_fp32.u_q16_to_fp32.s3_norm_mag\[19\],19.82µm
_01299_,19.8µm
_03189_,19.78µm
_03321_,19.78µm
u_interface.u_gelu_fp32.s2_data\[31\],19.78µm
_05187_,19.76µm
_04351_,19.74µm
u_interface.fifo_data\[13\]\[15\],19.74µm
net110,19.74µm
_00005_,19.705µm
_01734_,19.7µm
_04271_,19.7µm
u_interface.fifo_data\[3\]\[10\],19.7µm
u_interface.u_gelu_fp32.u_q16_to_fp32.s3_exp\[7\],19.7µm
_03905_,19.67µm
u_interface.fifo_data\[8\]\[26\],19.66µm
m_axis_tdata[3],19.65µm
_03730_,19.64µm
m_axis_tdata[1],19.63µm
_02758_,19.62µm
_04327_,19.62µm
_05029_,19.62µm
_00672_,19.605µm
_01177_,19.6µm
_05580_,19.6µm
_02299_,19.59µm
_01331_,19.58µm
_05195_,19.58µm
_01296_,19.54µm
_04000_,19.54µm
_03252_,19.52µm
_02285_,19.5µm
_05996_,19.495µm
_01780_,19.49µm
_03986_,19.49µm
m_axis_tdata[21],19.49µm
_05183_,19.48µm
_01719_,19.465µm
u_interface.fifo_data\[3\]\[13\],19.46µm
u_interface.u_gelu_fp32.s1_data\[30\],19.44µm
_06439_,19.42µm
u_interface.fifo_data\[8\]\[7\],19.42µm
net1294,19.4µm
_00027_,19.365µm
_00733_,19.365µm
u_interface.fifo_data\[3\]\[12\],19.36µm
u_interface.u_gelu_fp32.u_synth_top.s3_mult\[44\],19.36µm
_03523_,19.34µm
u_interface.u_gelu_fp32.u_fp32_to_q16.s2_norm_mag\[23\],19.34µm
u_interface.fifo_data\[6\]\[3\],19.33µm
_01421_,19.32µm
_03914_,19.31µm
_01285_,19.3µm
_04446_,19.3µm
u_interface.u_gelu_fp32.s1_data\[6\],19.3µm
_02234_,19.28µm
_04068_,19.28µm
_05204_,19.28µm
u_interface.fifo_data\[0\]\[3\],19.28µm
_06196_,19.26µm
_02949_,19.24µm
u_interface.fifo_data\[8\]\[24\],19.24µm
_02501_,19.22µm
_04518_,19.22µm
net908,19.205µm
_01149_,19.2µm
_04787_,19.2µm
_06374_,19.18µm
u_interface.fifo_data\[7\]\[28\],19.18µm
_02291_,19.16µm
_02814_,19.16µm
_04588_,19.16µm
_00739_,19.155µm
_01880_,19.1µm
_01403_,19.08µm
_05793_,19.08µm
_01744_,19.06µm
_05338_,19.06µm
u_interface.u_gelu_fp32.u_q16_to_fp32.s2_mag\[30\],19.06µm
u_interface.fifo_data\[6\]\[29\],19.045µm
_01747_,19.04µm
u_interface.fifo_tuser\[12\],19.04µm
_01632_,19.02µm
_03698_,19.02µm
u_interface.fifo_data\[10\]\[27\],19.01µm
_03662_,19µm
_03745_,19µm
_04042_,19µm
_04109_,19µm
_06346_,19µm
u_interface.fifo_data\[14\]\[5\],18.985µm
_02317_,18.98µm
_01743_,18.96µm
net1185,18.96µm
m_axis_tdata[31],18.95µm
_01715_,18.94µm
_02007_,18.94µm
_02030_,18.94µm
_06360_,18.94µm
_01787_,18.92µm
_05650_,18.92µm
u_interface.fifo_data\[7\]\[26\],18.92µm
_01766_,18.9µm
_02193_,18.9µm
u_interface.fifo_data\[0\]\[9\],18.9µm
u_interface.u_gelu_fp32.u_fp32_to_q16.s3_mag\[16\],18.88µm
net68,18.87µm
_01648_,18.86µm
_03493_,18.86µm
u_interface.u_gelu_fp32.u_synth_top.s1_x\[20\],18.86µm
u_interface.fifo_data\[2\]\[3\],18.845µm
_06358_,18.84µm
_03641_,18.82µm
u_interface.u_gelu_fp32.s1_data\[20\],18.82µm
net1579,18.82µm
_05906_,18.805µm
_04802_,18.8µm
u_interface.fifo_data\[9\]\[1\],18.8µm
u_interface.u_gelu_fp32.s1_data\[23\],18.78µm
net1358,18.78µm
_00738_,18.765µm
_04417_,18.76µm
_05629_,18.76µm
_02113_,18.75µm
_02316_,18.74µm
u_interface.fifo_data\[5\]\[29\],18.74µm
u_interface.core_data_out\[12\],18.72µm
_05794_,18.7µm
net123,18.7µm
_06131_,18.68µm
_03197_,18.66µm
_04904_,18.66µm
_01232_,18.64µm
u_interface.fifo_data\[8\]\[18\],18.64µm
_01411_,18.62µm
u_interface.u_gelu_fp32.u_synth_top.s3_b\[0\],18.62µm
_01789_,18.6µm
_00609_,18.585µm
_04322_,18.58µm
_05023_,18.58µm
_01264_,18.56µm
_02224_,18.56µm
_02288_,18.56µm
_04794_,18.56µm
u_interface.fifo_data\[0\]\[20\],18.56µm
u_interface.u_gelu_fp32.u_fp32_to_q16.s2_norm_mag\[16\],18.56µm
u_interface.u_gelu_fp32.u_q16_to_fp32.s3_norm_mag\[22\],18.56µm
net89,18.56µm
net106,18.56µm
_01533_,18.54µm
_04634_,18.54µm
u_interface.fifo_data\[8\]\[17\],18.54µm
_01710_,18.52µm
_02247_,18.52µm
u_interface.fifo_data\[5\]\[22\],18.52µm
_00701_,18.505µm
u_interface.u_gelu_fp32.u_q16_to_fp32.s2_mag\[21\],18.505µm
net1363,18.485µm
_01109_,18.48µm
_01301_,18.48µm
_01303_,18.48µm
_03039_,18.48µm
_02914_,18.46µm
_05516_,18.46µm
_05352_,18.445µm
_03633_,18.44µm
_03768_,18.44µm
u_interface.fifo_data\[0\]\[8\],18.44µm
u_interface.u_gelu_fp32.u_q16_to_fp32.s2_clz\[4\],18.44µm
u_interface.u_gelu_fp32.u_synth_top.s1_x\[21\],18.44µm
u_interface.u_gelu_fp32.u_q16_to_fp32.s1_mag\[11\],18.42µm
_04617_,18.4µm
_05502_,18.4µm
u_interface.fifo_data\[13\]\[24\],18.4µm
_05693_,18.38µm
_01406_,18.36µm
_01431_,18.36µm
_02066_,18.36µm
_05224_,18.32µm
u_interface.fifo_data\[1\]\[22\],18.32µm
net1442,18.32µm
u_interface.u_gelu_fp32.u_q16_to_fp32.s2_mag\[5\],18.305µm
_01690_,18.28µm
_03266_,18.28µm
_04589_,18.26µm
_05115_,18.26µm
_06388_,18.26µm
u_interface.fifo_data\[15\]\[28\],18.26µm
_04239_,18.2µm
net16,18.2µm
_04192_,18.19µm
u_interface.u_gelu_fp32.u_fp32_to_q16.s1_exp\[0\],18.19µm
_01340_,18.18µm
_01570_,18.18µm
net1540,18.18µm
_02536_,18.16µm
u_interface.fifo_data\[8\]\[25\],18.15µm
_02249_,18.14µm
_03872_,18.14µm
_05805_,18.12µm
_01239_,18.1µm
_04138_,18.1µm
_01159_,18.08µm
_04594_,18.08µm
_05240_,18.08µm
_01618_,18.06µm
_03783_,18.06µm
_05322_,18.06µm
_05389_,18.04µm
_01807_,18.02µm
_06362_,18.02µm
net127,18.02µm
_03050_,18µm
_01824_,17.98µm
_02764_,17.98µm
_03059_,17.98µm
_06417_,17.98µm
_01209_,17.96µm
_02280_,17.96µm
_03972_,17.96µm
_05914_,17.94µm
m_axis_tdata[12],17.93µm
_02134_,17.92µm
_05617_,17.9µm
u_interface.u_gelu_fp32.s1_data\[18\],17.885µm
_01332_,17.88µm
_03849_,17.88µm
net904,17.865µm
_01589_,17.86µm
_02463_,17.86µm
_06300_,17.86µm
u_interface.fifo_data\[9\]\[9\],17.86µm
_00731_,17.84µm
net1018,17.82µm
net1647,17.82µm
_02627_,17.8µm
u_interface.fifo_data\[7\]\[23\],17.8µm
_01948_,17.78µm
_02815_,17.78µm
_04039_,17.78µm
_04944_,17.78µm
_03491_,17.76µm
u_interface.u_gelu_fp32.u_fp32_to_q16.s2_norm_mag\[12\],17.76µm
_04196_,17.74µm
_03771_,17.72µm
_01890_,17.7µm
_03997_,17.7µm
u_interface.u_gelu_fp32.u_fp32_to_q16.s3_mag\[7\],17.7µm
_01155_,17.68µm
u_interface.fifo_data\[11\]\[3\],17.68µm
_05850_,17.66µm
_02574_,17.64µm
_04916_,17.64µm
_05931_,17.64µm
_01161_,17.62µm
_02284_,17.62µm
_04742_,17.6µm
_05148_,17.59µm
_05935_,17.56µm
_01590_,17.54µm
_02893_,17.54µm
_04304_,17.54µm
_01908_,17.52µm
_03639_,17.52µm
_04273_,17.52µm
_04533_,17.52µm
u_interface.fifo_data\[1\]\[16\],17.52µm
_01622_,17.5µm
_03625_,17.5µm
_04254_,17.5µm
_04598_,17.5µm
_02229_,17.49µm
_02983_,17.48µm
u_interface.fifo_data\[0\]\[2\],17.48µm
u_interface.fifo_data\[8\]\[20\],17.48µm
_01367_,17.46µm
_03646_,17.46µm
_04295_,17.46µm
u_interface.fifo_data\[6\]\[25\],17.445µm
s_axil_arvalid,17.44µm
_01129_,17.42µm
_01309_,17.42µm
_05373_,17.42µm
net14,17.42µm
_01670_,17.41µm
_02548_,17.41µm
u_interface.fifo_data\[15\]\[30\],17.4µm
u_interface.u_gelu_fp32.s1_data\[4\],17.4µm
_05259_,17.38µm
_05305_,17.38µm
_02277_,17.34µm
u_interface.fifo_wr_ptr\[1\],17.34µm
_02896_,17.32µm
_01626_,17.315µm
_00497_,17.305µm
_02687_,17.3µm
_04102_,17.3µm
_02026_,17.295µm
_01786_,17.28µm
_05710_,17.28µm
u_interface.fifo_data\[2\]\[2\],17.265µm
u_interface.fifo_data\[6\]\[20\],17.25µm
_04668_,17.24µm
u_interface.u_gelu_fp32.u_fp32_to_q16.s1_mant\[4\],17.24µm
u_interface.u_gelu_fp32.u_synth_top.s1_x\[30\],17.24µm
net92,17.24µm
_02296_,17.22µm
_02576_,17.22µm
m_axis_tdata[6],17.21µm
_02629_,17.2µm
_02744_,17.2µm
_02938_,17.2µm
_05255_,17.2µm
clknet_leaf_0_clk,17.2µm
_06200_,17.195µm
_01372_,17.18µm
_01703_,17.18µm
net1623,17.18µm
_03078_,17.16µm
_05241_,17.16µm
_05587_,17.16µm
u_interface.u_gelu_fp32.u_q16_to_fp32.s1_mag\[12\],17.16µm
_03318_,17.15µm
_01327_,17.14µm
_02182_,17.14µm
_02259_,17.14µm
u_interface.fifo_data\[8\]\[22\],17.14µm
u_interface.u_gelu_fp32.u_fp32_to_q16.s1_mant\[8\],17.14µm
_02125_,17.12µm
_02246_,17.12µm
u_interface.fifo_data\[1\]\[15\],17.12µm
u_interface.u_gelu_fp32.u_q16_to_fp32.s3_norm_mag\[28\],17.12µm
net1501,17.105µm
_01284_,17.1µm
_02873_,17.1µm
_04918_,17.1µm
u_interface.fifo_data\[12\]\[16\],17.1µm
net1786,17.1µm
_00211_,17.085µm
u_interface.fifo_tuser\[14\],17.085µm
_03105_,17.08µm
_03515_,17.08µm
_03647_,17.08µm
_03527_,17.07µm
u_interface.fifo_data\[8\]\[13\],17.06µm
u_interface.fifo_tuser\[0\],17.06µm
_01418_,17.04µm
_02569_,17.04µm
u_interface.u_gelu_fp32.u_fp32_to_q16.s1_exp\[4\],17.04µm
u_interface.fifo_data\[2\]\[9\],17.025µm
_05312_,17.02µm
u_interface.fifo_data\[7\]\[29\],17.02µm
net1625,17.02µm
u_interface.fifo_data\[10\]\[4\],17.005µm
_02270_,17µm
_02521_,17µm
_02544_,17µm
m_axis_tdata[20],16.99µm
u_interface.fifo_data\[12\]\[0\],16.98µm
_03753_,16.96µm
u_interface.fifo_data\[13\]\[20\],16.96µm
net150,16.96µm
_04265_,16.94µm
_04677_,16.94µm
_04687_,16.94µm
_03629_,16.92µm
_05842_,16.92µm
_01937_,16.9µm
_05336_,16.9µm
_06267_,16.9µm
u_interface.fifo_data\[12\]\[14\],16.9µm
u_interface.fifo_data\[1\]\[3\],16.9µm
u_interface.fifo_data\[4\]\[29\],16.9µm
u_interface.fifo_data\[5\]\[14\],16.9µm
net985,16.9µm
_03531_,16.88µm
_02778_,16.86µm
_04087_,16.86µm
net844,16.86µm
u_interface.u_gelu_fp32.u_fp32_to_q16.s3_mag\[17\],16.86µm
net1234,16.86µm
_01391_,16.84µm
_04713_,16.84µm
u_interface.fifo_data\[10\]\[19\],16.825µm
_03620_,16.82µm
u_interface.fifo_data\[7\]\[25\],16.8µm
_01694_,16.785µm
_05280_,16.78µm
net978,16.775µm
s_axil_bvalid,16.76µm
u_interface.fifo_data\[3\]\[14\],16.76µm
u_interface.u_gelu_fp32.u_q16_to_fp32.s3_norm_mag\[27\],16.76µm
_06396_,16.72µm
_03715_,16.7µm
_04165_,16.7µm
u_interface.fifo_data\[0\]\[31\],16.7µm
_01348_,16.68µm
net146,16.68µm
_01371_,16.64µm
_05577_,16.64µm
u_interface.u_gelu_fp32.u_fp32_to_q16.s1_mant\[1\],16.64µm
_02095_,16.63µm
u_interface.fifo_data\[2\]\[14\],16.63µm
_02001_,16.62µm
_03489_,16.62µm
u_interface.fifo_data\[11\]\[27\],16.6µm
u_interface.fifo_data\[11\]\[29\],16.6µm
_02738_,16.58µm
u_interface.fifo_data\[0\]\[21\],16.58µm
_02101_,16.56µm
_03763_,16.56µm
_04441_,16.56µm
u_interface.fifo_data\[1\]\[1\],16.56µm
u_interface.fifo_data\[9\]\[20\],16.56µm
_04060_,16.555µm
_04510_,16.54µm
u_interface.u_gelu_fp32.u_synth_top.s3_mult\[36\],16.54µm
_05250_,16.52µm
_06057_,16.52µm
u_interface.u_gelu_fp32.u_synth_top.s3_b\[17\],16.52µm
_01884_,16.5µm
_01288_,16.48µm
_02092_,16.48µm
_03834_,16.48µm
u_interface.fifo_data\[13\]\[16\],16.48µm
_01904_,16.46µm
_04227_,16.46µm
net1462,16.46µm
_02833_,16.44µm
u_interface.fifo_data\[3\]\[7\],16.44µm
_01607_,16.4µm
_02152_,16.4µm
_02593_,16.4µm
_04325_,16.4µm
u_interface.u_gelu_fp32.u_synth_top.s3_mult\[54\],16.4µm
_01280_,16.38µm
_01597_,16.38µm
net1269,16.38µm
net1591,16.38µm
_01712_,16.36µm
_02941_,16.36µm
_03436_,16.36µm
_04994_,16.36µm
_01672_,16.34µm
_02580_,16.34µm
_02702_,16.34µm
_03468_,16.34µm
u_interface.fifo_data\[8\]\[19\],16.34µm
u_interface.fifo_tuser\[6\],16.325µm
_01971_,16.32µm
u_interface.u_gelu_fp32.u_fp32_to_q16.s2_norm_mag\[25\],16.32µm
u_interface.u_gelu_fp32.u_fp32_to_q16.s3_mag\[8\],16.32µm
u_interface.u_gelu_fp32.u_synth_top.s1_x\[18\],16.32µm
m_axis_tdata[19],16.31µm
_01580_,16.3µm
_05041_,16.3µm
_05749_,16.3µm
_05792_,16.3µm
u_interface.fifo_data\[1\]\[24\],16.3µm
u_interface.fifo_data\[7\]\[0\],16.3µm
u_interface.u_gelu_fp32.u_fp32_to_q16.s1_exp\[7\],16.3µm
net1339,16.3µm
net1566,16.3µm
_03322_,16.28µm
_04300_,16.28µm
_06120_,16.28µm
_05262_,16.27µm
_01243_,16.26µm
_05191_,16.26µm
_01287_,16.24µm
_02318_,16.24µm
u_interface.fifo_data\[10\]\[26\],16.225µm
u_interface.fifo_data\[6\]\[27\],16.225µm
_02023_,16.22µm
_02252_,16.22µm
_04481_,16.22µm
_05351_,16.22µm
_05422_,16.22µm
_06121_,16.22µm
net96,16.22µm
_03578_,16.215µm
_02306_,16.2µm
u_interface.core_data_out\[8\],16.2µm
net901,16.185µm
_01473_,16.18µm
_03704_,16.18µm
_03767_,16.18µm
_05773_,16.18µm
net1756,16.18µm
_01882_,16.16µm
_02488_,16.16µm
_04335_,16.16µm
_04766_,16.16µm
u_interface.u_gelu_fp32.s1_data\[0\],16.16µm
_01977_,16.14µm
_04675_,16.14µm
u_interface.fifo_data\[7\]\[24\],16.14µm
u_interface.fifo_data\[9\]\[29\],16.14µm
u_interface.u_gelu_fp32.u_fp32_to_q16.s1_mant\[17\],16.14µm
_00828_,16.12µm
_01213_,16.12µm
_02010_,16.12µm
_06265_,16.12µm
s_axis_tdata[10],16.12µm
_02328_,16.1µm
_05953_,16.1µm
u_interface.fifo_data\[5\]\[20\],16.1µm
u_interface.fifo_tlast\[11\],16.1µm
net1778,16.09µm
_02412_,16.08µm
_04552_,16.06µm
_04846_,16.04µm
u_interface.u_gelu_fp32.u_fp32_to_q16.s1_exp\[5\],16.04µm
u_interface.u_gelu_fp32.u_fp32_to_q16.s1_mant\[2\],16.04µm
_00368_,16.025µm
_01966_,16.02µm
_02620_,16.02µm
_03383_,16.02µm
u_interface.fifo_data\[13\]\[4\],16.02µm
_02137_,16µm
_03451_,16µm
net1488,16µm
_01198_,15.98µm
u_interface.fifo_data\[1\]\[26\],15.96µm
u_interface.u_gelu_fp32.u_fp32_to_q16.s1_mant\[6\],15.96µm
_03697_,15.95µm
u_interface.fifo_data\[15\]\[27\],15.93µm
u_interface.u_gelu_fp32.u_synth_top.s1_hits\[16\],15.93µm
net900,15.925µm
_01234_,15.92µm
_03887_,15.92µm
_04811_,15.92µm
u_interface.u_gelu_fp32.u_fp32_to_q16.s2_norm_mag\[21\],15.92µm
u_interface.u_gelu_fp32.u_q16_to_fp32.s3_norm_mag\[9\],15.9µm
_03584_,15.895µm
u_interface.fifo_data\[6\]\[11\],15.885µm
_04206_,15.88µm
u_interface.u_gelu_fp32.u_fp32_to_q16.s1_exp\[2\],15.88µm
_01320_,15.86µm
_02599_,15.86µm
_04967_,15.86µm
_06051_,15.845µm
_01571_,15.84µm
u_interface.u_gelu_fp32.u_fp32_to_q16.s2_norm_mag\[20\],15.84µm
_02806_,15.83µm
_02932_,15.82µm
_06495_,15.81µm
_01662_,15.8µm
_03246_,15.8µm
_03575_,15.8µm
_02625_,15.78µm
_04306_,15.78µm
_04709_,15.78µm
_05296_,15.78µm
_06458_,15.78µm
u_interface.fifo_data\[6\]\[28\],15.765µm
_01717_,15.76µm
_05837_,15.76µm
_06435_,15.76µm
_02796_,15.74µm
_02897_,15.74µm
_05106_,15.74µm
_05434_,15.74µm
_05965_,15.74µm
u_interface.fifo_data\[12\]\[26\],15.74µm
net176,15.74µm
_01257_,15.7µm
_01387_,15.7µm
_03550_,15.7µm
u_interface.fifo_data\[7\]\[22\],15.7µm
net1521,15.7µm
_01414_,15.68µm
_02956_,15.68µm
_03183_,15.68µm
u_interface.fifo_data\[11\]\[12\],15.68µm
u_interface.fifo_data\[11\]\[1\],15.68µm
u_interface.fifo_data\[11\]\[5\],15.68µm
u_interface.fifo_data\[12\]\[29\],15.68µm
u_interface.fifo_data\[7\]\[16\],15.68µm
_00028_,15.675µm
_05913_,15.66µm
_01876_,15.65µm
_05292_,15.645µm
u_interface.fifo_data\[6\]\[16\],15.645µm
_00850_,15.64µm
_01869_,15.64µm
_05064_,15.64µm
_01218_,15.62µm
_01314_,15.62µm
_01987_,15.62µm
_03772_,15.62µm
_04544_,15.62µm
_04812_,15.62µm
_03504_,15.61µm
_00810_,15.605µm
_05374_,15.6µm
u_interface.fifo_data\[13\]\[25\],15.6µm
net1619,15.58µm
_01902_,15.57µm
_01628_,15.56µm
_02232_,15.56µm
_03543_,15.56µm
_04166_,15.56µm
_04917_,15.545µm
_01315_,15.54µm
_03347_,15.54µm
_04476_,15.54µm
_04808_,15.54µm
_04816_,15.54µm
_03966_,15.52µm
_04645_,15.52µm
_05911_,15.52µm
_06042_,15.52µm
u_interface.fifo_data\[7\]\[14\],15.52µm
u_interface.fifo_tlast\[9\],15.52µm
net34,15.52µm
u_interface.fifo_data\[10\]\[13\],15.51µm
_00836_,15.505µm
_01300_,15.5µm
_01347_,15.5µm
u_interface.u_gelu_fp32.u_synth_top.s2_dx\[26\],15.5µm
net135,15.5µm
u_interface.fifo_data\[7\]\[6\],15.495µm
_01671_,15.46µm
_03884_,15.46µm
u_interface.fifo_data\[9\]\[4\],15.46µm
u_interface.fifo_data\[6\]\[5\],15.45µm
_01810_,15.44µm
_02107_,15.44µm
_03588_,15.44µm
u_interface.fifo_data\[14\]\[6\],15.41µm
_03918_,15.405µm
_01693_,15.4µm
_03077_,15.4µm
_05116_,15.4µm
_05936_,15.4µm
u_interface.fifo_tuser\[15\],15.4µm
_01333_,15.38µm
_01442_,15.38µm
_04670_,15.38µm
_01781_,15.36µm
u_interface.fifo_data\[10\]\[21\],15.35µm
u_interface.fifo_data\[6\]\[17\],15.345µm
_04503_,15.34µm
_04793_,15.34µm
_06494_,15.34µm
_03156_,15.32µm
_03602_,15.32µm
_03989_,15.32µm
_04194_,15.32µm
_04832_,15.32µm
u_interface.fifo_data\[11\]\[8\],15.32µm
u_interface.fifo_data\[10\]\[30\],15.305µm
u_interface.fifo_data\[2\]\[23\],15.305µm
_02882_,15.3µm
_05387_,15.3µm
_06375_,15.3µm
u_interface.u_gelu_fp32.u_fp32_to_q16.s1_mant\[10\],15.3µm
u_interface.u_gelu_fp32.u_synth_top.s3_b\[11\],15.3µm
_02864_,15.28µm
u_interface.fifo_data\[5\]\[10\],15.28µm
net1742,15.28µm
_04010_,15.27µm
_01258_,15.26µm
_03558_,15.26µm
u_interface.fifo_data\[12\]\[6\],15.26µm
_02935_,15.24µm
_03240_,15.24µm
_03513_,15.24µm
_04346_,15.24µm
_05981_,15.24µm
_03339_,15.22µm
u_interface.fifo_data\[14\]\[23\],15.22µm
u_interface.fifo_data\[5\]\[15\],15.22µm
net1316,15.22µm
_02353_,15.19µm
u_interface.fifo_data\[6\]\[14\],15.185µm
_01865_,15.18µm
_04040_,15.18µm
_04097_,15.18µm
_06104_,15.18µm
u_interface.fifo_data\[0\]\[26\],15.18µm
u_interface.fifo_data\[11\]\[18\],15.18µm
u_interface.fifo_data\[9\]\[10\],15.18µm
_01397_,15.16µm
_05461_,15.16µm
net1182,15.16µm
u_interface.fifo_data\[15\]\[17\],15.14µm
u_interface.u_gelu_fp32.u_fp32_to_q16.s3_frac\[28\],15.14µm
_00817_,15.1µm
_02003_,15.1µm
_02227_,15.1µm
_02723_,15.1µm
_04819_,15.1µm
_05307_,15.1µm
_06199_,15.1µm
u_interface.fifo_data\[12\]\[17\],15.1µm
u_interface.fifo_data\[2\]\[31\],15.1µm
u_interface.u_gelu_fp32.u_fp32_to_q16.s1_mant\[18\],15.1µm
net1516,15.1µm
_04008_,15.08µm
_04641_,15.08µm
_04952_,15.08µm
_05640_,15.08µm
_01926_,15.075µm
_01798_,15.06µm
_04571_,15.06µm
_02329_,15.04µm
_03212_,15.04µm
_03411_,15.02µm
_04333_,15.02µm
_02159_,15µm
_06395_,15µm
u_interface.fifo_tlast\[6\],14.99µm
_03058_,14.98µm
_03174_,14.98µm
_03608_,14.98µm
_03953_,14.98µm
_04963_,14.98µm
s_axil_awaddr[24],14.98µm
u_interface.fifo_data\[2\]\[6\],14.965µm
_01336_,14.96µm
_02659_,14.96µm
u_interface.fifo_data\[6\]\[13\],14.945µm
u_interface.fifo_data\[6\]\[18\],14.945µm
_01531_,14.94µm
_01794_,14.94µm
_02187_,14.94µm
u_interface.u_gelu_fp32.u_q16_to_fp32.s3_norm_mag\[12\],14.94µm
net144,14.94µm
_05200_,14.935µm
_01783_,14.92µm
_03060_,14.92µm
_03500_,14.92µm
_05078_,14.92µm
_05643_,14.92µm
u_interface.u_gelu_fp32.u_fp32_to_q16.s3_frac\[4\],14.92µm
net1788,14.92µm
_04139_,14.9µm
_05393_,14.9µm
_05487_,14.9µm
u_interface.fifo_data\[4\]\[30\],14.89µm
_01729_,14.88µm
_02146_,14.88µm
_06041_,14.88µm
net132,14.88µm
_00823_,14.865µm
_03009_,14.865µm
_01242_,14.86µm
_02267_,14.86µm
_02834_,14.86µm
_03032_,14.86µm
_03586_,14.86µm
_03616_,14.86µm
u_interface.fifo_tlast\[1\],14.86µm
u_interface.u_gelu_fp32.u_q16_to_fp32.s3_norm_mag\[0\],14.86µm
_01394_,14.84µm
_01815_,14.84µm
_05980_,14.84µm
u_interface.fifo_data\[14\]\[10\],14.83µm
_01202_,14.82µm
_02775_,14.82µm
_04478_,14.82µm
_05706_,14.82µm
u_interface.fifo_tuser\[2\],14.81µm
_05841_,14.805µm
_03222_,14.8µm
_05036_,14.8µm
u_interface.fifo_data\[11\]\[26\],14.8µm
u_interface.fifo_data\[12\]\[30\],14.8µm
_02275_,14.78µm
_02579_,14.78µm
_03776_,14.78µm
_05342_,14.78µm
_05480_,14.78µm
_05551_,14.78µm
_06222_,14.77µm
_01785_,14.765µm
_01115_,14.76µm
_03063_,14.76µm
_04081_,14.76µm
u_interface.fifo_data\[1\]\[9\],14.76µm
u_interface.fifo_tuser\[13\],14.76µm
_06473_,14.74µm
u_interface.u_gelu_fp32.u_fp32_to_q16.s3_mag\[10\],14.74µm
_03714_,14.72µm
u_interface.fifo_data\[13\]\[5\],14.72µm
u_interface.fifo_tuser\[7\],14.72µm
u_interface.u_gelu_fp32.u_synth_top.s3_mult\[40\],14.72µm
_01822_,14.7µm
net59,14.7µm
_02921_,14.68µm
_03613_,14.68µm
_03766_,14.68µm
_05969_,14.68µm
u_interface.u_gelu_fp32.u_synth_top.s3_mult\[55\],14.68µm
_01534_,14.66µm
_04115_,14.66µm
_04200_,14.66µm
u_interface.fifo_data\[4\]\[25\],14.66µm
u_interface.fifo_data\[5\]\[9\],14.66µm
net1558,14.66µm
net1575,14.66µm
_01215_,14.64µm
_02131_,14.64µm
_03288_,14.64µm
_03862_,14.64µm
_04416_,14.64µm
_00737_,14.625µm
_04479_,14.62µm
_05128_,14.62µm
net1420,14.62µm
_04326_,14.6µm
_04966_,14.6µm
_05264_,14.6µm
u_interface.fifo_data\[7\]\[10\],14.6µm
net1317,14.6µm
net1690,14.6µm
net897,14.585µm
_01216_,14.58µm
u_interface.u_gelu_fp32.u_synth_top.s1_x\[10\],14.58µm
u_interface.fifo_data\[14\]\[29\],14.565µm
_03846_,14.56µm
_04329_,14.56µm
_04878_,14.56µm
_05261_,14.56µm
_05788_,14.56µm
_05907_,14.56µm
net852,14.56µm
u_interface.fifo_data\[11\]\[30\],14.56µm
_00077_,14.54µm
_01400_,14.54µm
_03668_,14.54µm
u_interface.u_gelu_fp32.u_synth_top.s3_mult\[56\],14.53µm
_02173_,14.52µm
_02655_,14.52µm
_02737_,14.52µm
u_interface.fifo_data\[3\]\[4\],14.52µm
_02401_,14.5µm
_02493_,14.5µm
_02658_,14.5µm
_02925_,14.5µm
_03856_,14.5µm
_05561_,14.5µm
u_interface.fifo_data\[15\]\[11\],14.5µm
u_interface.u_gelu_fp32.s1_data\[2\],14.5µm
u_interface.fifo_data\[10\]\[14\],14.49µm
u_interface.fifo_data\[14\]\[28\],14.49µm
u_interface.fifo_data\[14\]\[2\],14.49µm
u_interface.fifo_data\[2\]\[16\],14.49µm
u_interface.fifo_data\[2\]\[1\],14.49µm
u_interface.fifo_data\[2\]\[5\],14.49µm
u_interface.u_gelu_fp32.u_fp32_to_q16.s1_exp\[3\],14.48µm
_01604_,14.46µm
_02865_,14.46µm
u_interface.core_data_out\[1\],14.46µm
u_interface.fifo_data\[14\]\[12\],14.45µm
_04786_,14.44µm
_01356_,14.42µm
_01401_,14.42µm
_01565_,14.42µm
_03845_,14.42µm
_05412_,14.42µm
net134,14.42µm
_04233_,14.415µm
u_interface.fifo_data\[10\]\[23\],14.41µm
u_interface.fifo_data\[2\]\[21\],14.41µm
_03486_,14.4µm
_03521_,14.4µm
_04380_,14.4µm
u_interface.fifo_data\[0\]\[30\],14.4µm
_03026_,14.38µm
_04436_,14.38µm
_06464_,14.38µm
_03402_,14.36µm
_05698_,14.36µm
u_interface.fifo_data\[7\]\[20\],14.36µm
u_interface.fifo_tlast\[15\],14.36µm
_02223_,14.34µm
_02345_,14.34µm
u_interface.fifo_data\[0\]\[15\],14.34µm
u_interface.fifo_data\[9\]\[19\],14.34µm
net1307,14.34µm
net1559,14.34µm
_05208_,14.32µm
u_interface.fifo_data\[0\]\[1\],14.3µm
u_interface.fifo_data\[12\]\[22\],14.3µm
u_interface.fifo_data\[3\]\[29\],14.3µm
u_interface.fifo_data\[4\]\[23\],14.3µm
_02320_,14.28µm
_02559_,14.28µm
_03947_,14.28µm
_04437_,14.28µm
_03161_,14.26µm
_05257_,14.26µm
_05610_,14.26µm
u_interface.fifo_data\[5\]\[6\],14.26µm
u_interface.u_gelu_fp32.s1_data\[28\],14.26µm
_01044_,14.245µm
_01868_,14.24µm
_02621_,14.24µm
_02347_,14.22µm
_03684_,14.22µm
s_axil_awaddr[0],14.22µm
u_interface.fifo_data\[15\]\[2\],14.22µm
net1435,14.22µm
net1574,14.2µm
_03612_,14.19µm
_02405_,14.18µm
_03734_,14.18µm
_06193_,14.18µm
u_interface.fifo_data\[4\]\[24\],14.18µm
u_interface.fifo_data\[7\]\[1\],14.18µm
_02226_,14.16µm
_02271_,14.16µm
_05947_,14.16µm
_02251_,14.14µm
_03166_,14.14µm
_03876_,14.14µm
_05498_,14.14µm
u_interface.fifo_data\[11\]\[20\],14.14µm
u_interface.fifo_data\[8\]\[14\],14.14µm
u_interface.fifo_data\[9\]\[6\],14.14µm
_03775_,14.13µm
u_interface.fifo_data\[3\]\[23\],14.12µm
_04906_,14.11µm
_04602_,14.1µm
_05061_,14.1µm
_04725_,14.095µm
u_interface.fifo_data\[2\]\[11\],14.09µm
_01358_,14.08µm
_02953_,14.08µm
_03605_,14.08µm
_01575_,14.06µm
_02256_,14.06µm
_06443_,14.06µm
u_interface.u_gelu_fp32.u_fp32_to_q16.s3_mag\[13\],14.06µm
net148,14.06µm
_01464_,14.04µm
_05692_,14.04µm
u_interface.fifo_data\[10\]\[28\],14.03µm
_03740_,14.02µm
_04397_,14.02µm
_04852_,14.02µm
_05977_,14.02µm
_06425_,14.02µm
_02825_,14.01µm
_02754_,14µm
_03261_,14µm
_03977_,14µm
_04443_,14µm
u_interface.fifo_data\[9\]\[7\],14µm
_03099_,13.98µm
_03365_,13.98µm
_03447_,13.98µm
_03658_,13.98µm
u_interface.fifo_data\[1\]\[21\],13.98µm
u_interface.u_gelu_fp32.u_q16_to_fp32.s1_mag\[16\],13.98µm
u_interface.fifo_data\[6\]\[15\],13.965µm
_03334_,13.96µm
_05380_,13.96µm
_06088_,13.96µm
_06432_,13.96µm
u_interface.fifo_data\[0\]\[7\],13.96µm
_05244_,13.955µm
u_interface.fifo_data\[6\]\[31\],13.95µm
_03576_,13.94µm
_03880_,13.94µm
_04660_,13.94µm
_05809_,13.94µm
_05199_,13.925µm
_02244_,13.92µm
_03133_,13.92µm
_03611_,13.92µm
_04204_,13.92µm
u_interface.u_gelu_fp32.u_fp32_to_q16.s3_frac\[19\],13.92µm
_00248_,13.905µm
_03377_,13.9µm
_01322_,13.88µm
_01563_,13.88µm
_05714_,13.88µm
u_interface.u_gelu_fp32.s2_data\[2\],13.88µm
net1128,13.88µm
_00492_,13.86µm
u_interface.fifo_data\[2\]\[26\],13.845µm
_01271_,13.84µm
_01913_,13.84µm
_03800_,13.84µm
_05283_,13.84µm
u_interface.u_gelu_fp32.u_fp32_to_q16.s2_norm_mag\[17\],13.84µm
_04072_,13.83µm
_02170_,13.82µm
_02661_,13.82µm
_03268_,13.82µm
_03511_,13.82µm
_05417_,13.82µm
_02965_,13.8µm
_03659_,13.8µm
_04705_,13.8µm
_05902_,13.8µm
u_interface.fifo_data\[11\]\[25\],13.8µm
u_interface.fifo_data\[15\]\[20\],13.8µm
_00033_,13.78µm
_03826_,13.78µm
_04071_,13.78µm
net9,13.78µm
_03993_,13.77µm
_03210_,13.76µm
_04117_,13.76µm
s_axis_tdata[17],13.76µm
u_interface.fifo_data\[1\]\[0\],13.76µm
u_interface.u_gelu_fp32.u_synth_top.s3_b\[9\],13.76µm
_00487_,13.755µm
_04903_,13.75µm
_04975_,13.74µm
_01892_,13.72µm
_03446_,13.72µm
_03497_,13.72µm
_06186_,13.72µm
u_interface.u_gelu_fp32.s1_data\[3\],13.72µm
u_interface.u_gelu_fp32.u_fp32_to_q16.s1_mant\[14\],13.72µm
_01469_,13.7µm
_04539_,13.7µm
u_interface.fifo_data\[10\]\[15\],13.69µm
_04352_,13.68µm
u_interface.fifo_data\[12\]\[2\],13.68µm
u_interface.fifo_data\[3\]\[2\],13.68µm
_00774_,13.665µm
_01891_,13.66µm
_06424_,13.66µm
u_interface.core_data_out\[21\],13.64µm
net1306,13.62µm
u_interface.fifo_data\[14\]\[11\],13.61µm
u_interface.fifo_data\[2\]\[22\],13.61µm
_01485_,13.6µm
_01509_,13.6µm
_05088_,13.6µm
_02786_,13.595µm
u_interface.fifo_data\[14\]\[18\],13.595µm
u_interface.fifo_data\[6\]\[12\],13.595µm
_01697_,13.58µm
_01841_,13.58µm
_03076_,13.58µm
_03802_,13.58µm
_04084_,13.58µm
_04229_,13.58µm
_04359_,13.58µm
_04841_,13.58µm
_05079_,13.58µm
u_interface.fifo_data\[15\]\[21\],13.58µm
u_interface.fifo_data\[3\]\[31\],13.58µm
u_interface.fifo_data\[7\]\[31\],13.58µm
u_interface.u_gelu_fp32.u_fp32_to_q16.s3_mag\[5\],13.58µm
_02019_,13.56µm
_02058_,13.56µm
_02980_,13.56µm
_04874_,13.56µm
_05435_,13.56µm
_06024_,13.56µm
_06286_,13.56µm
u_interface.u_gelu_fp32.u_synth_top.s3_mult\[38\],13.56µm
_01205_,13.54µm
_01222_,13.54µm
_02341_,13.54µm
_05216_,13.54µm
u_interface.fifo_data\[13\]\[13\],13.54µm
_00837_,13.525µm
_03964_,13.52µm
u_interface.fifo_data\[14\]\[3\],13.505µm
_01104_,13.5µm
_01470_,13.5µm
_03145_,13.5µm
_03814_,13.5µm
_04732_,13.5µm
_06058_,13.5µm
net1728,13.5µm
_05718_,13.485µm
_03439_,13.48µm
_05552_,13.48µm
_06476_,13.48µm
u_interface.fifo_data\[3\]\[25\],13.48µm
_02212_,13.47µm
_01624_,13.46µm
_04426_,13.46µm
u_interface.fifo_data\[11\]\[11\],13.46µm
_01988_,13.45µm
_04765_,13.44µm
_05246_,13.44µm
u_interface.fifo_data\[13\]\[23\],13.44µm
u_interface.fifo_data\[1\]\[27\],13.44µm
_00764_,13.42µm
_03651_,13.42µm
_04353_,13.42µm
_05118_,13.42µm
u_interface.fifo_data\[0\]\[19\],13.42µm
net1590,13.42µm
_02096_,13.4µm
_03898_,13.4µm
_05764_,13.4µm
_01446_,13.38µm
_04813_,13.38µm
_05341_,13.38µm
_05548_,13.38µm
u_interface.fifo_data\[0\]\[10\],13.38µm
u_interface.fifo_data\[0\]\[27\],13.38µm
u_interface.fifo_data\[11\]\[16\],13.38µm
u_interface.fifo_data\[1\]\[30\],13.38µm
u_interface.fifo_data\[3\]\[22\],13.38µm
u_interface.fifo_data\[4\]\[9\],13.38µm
u_interface.fifo_data\[7\]\[3\],13.38µm
u_interface.u_gelu_fp32.u_fp32_to_q16.s1_mant\[5\],13.38µm
net1455,13.38µm
net1704,13.38µm
u_interface.fifo_data\[2\]\[25\],13.37µm
_01235_,13.34µm
_03488_,13.34µm
u_interface.fifo_data\[11\]\[6\],13.34µm
u_interface.fifo_data\[13\]\[19\],13.34µm
u_interface.fifo_data\[1\]\[14\],13.34µm
_00539_,13.325µm
_03450_,13.32µm
net1021,13.32µm
net1458,13.32µm
_01363_,13.3µm
_03484_,13.3µm
_04036_,13.3µm
_04287_,13.3µm
_05070_,13.3µm
_05873_,13.3µm
_05985_,13.3µm
s_axil_araddr[2],13.3µm
u_interface.fifo_data\[15\]\[6\],13.3µm
u_interface.u_gelu_fp32.s1_data\[5\],13.3µm
u_interface.u_gelu_fp32.s1_data\[9\],13.3µm
_03399_,13.29µm
_04381_,13.29µm
_01190_,13.28µm
_03082_,13.28µm
_03350_,13.28µm
net1536,13.28µm
net1716,13.28µm
_00250_,13.265µm
_00911_,13.26µm
_01226_,13.26µm
_02643_,13.26µm
_04840_,13.26µm
_06302_,13.26µm
u_interface.fifo_data\[0\]\[11\],13.26µm
_03765_,13.24µm
_03848_,13.24µm
_05477_,13.23µm
_01378_,13.22µm
u_interface.fifo_data\[5\]\[7\],13.22µm
u_interface.u_gelu_fp32.u_synth_top.s3_mult\[53\],13.22µm
_03479_,13.2µm
_04362_,13.2µm
net147,13.2µm
_02082_,13.18µm
_04733_,13.18µm
_04956_,13.18µm
_05721_,13.18µm
_01293_,13.16µm
_01370_,13.16µm
_02041_,13.16µm
_05122_,13.16µm
u_interface.u_gelu_fp32.u_q16_to_fp32.s2_exp\[3\],13.16µm
net1373,13.16µm
u_interface.fifo_data\[6\]\[19\],13.15µm
_02845_,13.14µm
_03046_,13.14µm
_03789_,13.14µm
_06227_,13.14µm
u_interface.fifo_data\[6\]\[1\],13.135µm
_01071_,13.125µm
_03173_,13.12µm
_05890_,13.12µm
u_interface.fifo_data\[15\]\[22\],13.12µm
u_interface.fifo_data\[6\]\[7\],13.11µm
_05043_,13.1µm
u_interface.fifo_data\[11\]\[10\],13.1µm
u_interface.fifo_data\[15\]\[24\],13.1µm
_00166_,13.085µm
u_interface.fifo_data\[10\]\[29\],13.085µm
_04408_,13.08µm
_05771_,13.08µm
u_interface.u_gelu_fp32.u_fp32_to_q16.s2_norm_mag\[26\],13.08µm
u_interface.u_gelu_fp32.u_synth_top.s1_x\[19\],13.08µm
_02887_,13.06µm
_03971_,13.06µm
_05211_,13.06µm
_05786_,13.055µm
_02253_,13.05µm
_01806_,13.04µm
_03047_,13.04µm
_03226_,13.04µm
_03232_,13.04µm
_03609_,13.04µm
_03696_,13.04µm
_04130_,13.04µm
_05460_,13.04µm
_06299_,13.04µm
u_interface.fifo_data\[4\]\[6\],13.04µm
u_interface.fifo_data\[7\]\[9\],13.04µm
u_interface.fifo_data\[8\]\[31\],13.04µm
u_interface.fifo_data\[2\]\[24\],13.03µm
_05562_,13.025µm
_01274_,13.02µm
_01887_,13.02µm
_02242_,13.02µm
_03163_,13.02µm
_04182_,13.02µm
_04817_,13.02µm
_05185_,13.02µm
m_axis_tdata[26],13.01µm
m_axis_tdata[27],13.01µm
_01020_,13.005µm
u_interface.fifo_tlast\[14\],13.005µm
_02694_,13µm
_02712_,13µm
_01936_,12.98µm
_03387_,12.98µm
_03746_,12.98µm
u_interface.fifo_data\[3\]\[21\],12.97µm
_04996_,12.96µm
u_interface.u_gelu_fp32.u_fp32_to_q16.s3_frac\[8\],12.96µm
net1650,12.96µm
_01292_,12.94µm
_03253_,12.94µm
_03452_,12.94µm
_03911_,12.94µm
_04218_,12.94µm
_04488_,12.94µm
_05733_,12.94µm
u_interface.u_gelu_fp32.u_fp32_to_q16.s3_frac\[24\],12.94µm
_02276_,12.92µm
_02311_,12.92µm
_02693_,12.92µm
_03764_,12.92µm
_04116_,12.92µm
_04859_,12.92µm
net138,12.92µm
u_interface.fifo_data\[14\]\[27\],12.91µm
_04655_,12.9µm
_05595_,12.9µm
_02339_,12.88µm
u_interface.fifo_data\[12\]\[12\],12.88µm
u_interface.fifo_data\[15\]\[3\],12.88µm
u_interface.fifo_data\[3\]\[8\],12.88µm
net952,12.88µm
_01306_,12.86µm
_01768_,12.86µm
net1712,12.86µm
_04188_,12.84µm
_04324_,12.84µm
_05243_,12.84µm
_06073_,12.84µm
s_axil_araddr[14],12.84µm
s_axil_awaddr[21],12.84µm
s_axis_tdata[13],12.84µm
_01194_,12.82µm
_01888_,12.82µm
_04554_,12.82µm
u_interface.fifo_data\[10\]\[11\],12.805µm
_01341_,12.8µm
_01465_,12.8µm
_01852_,12.8µm
_02846_,12.8µm
_05135_,12.8µm
_05225_,12.8µm
_05430_,12.8µm
_05485_,12.8µm
u_interface.fifo_data\[13\]\[2\],12.8µm
u_interface.fifo_data\[3\]\[6\],12.8µm
u_interface.fifo_data\[5\]\[5\],12.8µm
u_interface.fifo_data\[7\]\[21\],12.8µm
u_interface.fifo_data\[9\]\[5\],12.8µm
_00308_,12.785µm
_04357_,12.78µm
_02526_,12.77µm
_02221_,12.76µm
_04404_,12.76µm
_06153_,12.76µm
u_interface.fifo_data\[5\]\[12\],12.76µm
_01842_,12.74µm
_03978_,12.74µm
u_interface.u_gelu_fp32.u_synth_top.s3_mult\[48\],12.74µm
net1267,12.74µm
net1609,12.74µm
_02731_,12.72µm
_02913_,12.72µm
_03798_,12.72µm
net108,12.72µm
_01337_,12.7µm
u_interface.fifo_data\[11\]\[19\],12.7µm
u_interface.fifo_data\[2\]\[17\],12.69µm
u_interface.fifo_data\[6\]\[22\],12.69µm
u_interface.fifo_data\[10\]\[17\],12.685µm
u_interface.fifo_data\[2\]\[28\],12.685µm
_02955_,12.68µm
_05845_,12.68µm
_06006_,12.68µm
u_interface.fifo_data\[9\]\[12\],12.68µm
_02302_,12.66µm
u_interface.fifo_data\[13\]\[29\],12.66µm
u_interface.fifo_data\[15\]\[4\],12.66µm
_03606_,12.64µm
_03670_,12.64µm
_05146_,12.64µm
_00305_,12.625µm
_00582_,12.625µm
_03083_,12.62µm
_03456_,12.62µm
_04321_,12.62µm
_04666_,12.62µm
_05541_,12.62µm
_05689_,12.62µm
_06047_,12.62µm
u_interface.fifo_data\[12\]\[28\],12.62µm
net44,12.62µm
net1505,12.62µm
_00973_,12.605µm
_01820_,12.6µm
_02912_,12.6µm
_03522_,12.6µm
_04576_,12.6µm
_04692_,12.6µm
_05464_,12.6µm
_05776_,12.6µm
_06066_,12.6µm
u_interface.fifo_data\[5\]\[17\],12.6µm
u_interface.u_gelu_fp32.u_synth_top.s1_hits\[15\],12.6µm
u_interface.fifo_data\[10\]\[20\],12.585µm
u_interface.fifo_data\[10\]\[9\],12.585µm
_02143_,12.58µm
_02514_,12.58µm
_03528_,12.58µm
_03607_,12.58µm
s_axil_rdata[0],12.58µm
u_interface.u_gelu_fp32.s2_data\[20\],12.58µm
u_interface.u_gelu_fp32.u_fp32_to_q16.s2_norm_mag\[9\],12.58µm
_02510_,12.56µm
_03142_,12.56µm
_03709_,12.56µm
_04230_,12.56µm
_03815_,12.55µm
u_interface.fifo_data\[14\]\[7\],12.55µm
u_interface.fifo_data\[14\]\[17\],12.545µm
u_interface.fifo_data\[14\]\[26\],12.545µm
_03938_,12.54µm
_04756_,12.54µm
u_interface.in_flight_count\[0\],12.54µm
u_interface.u_gelu_fp32.u_fp32_to_q16.s3_mag\[25\],12.54µm
net1475,12.54µm
_05972_,12.525µm
_01237_,12.52µm
_01334_,12.52µm
_04334_,12.52µm
_06258_,12.52µm
u_interface.fifo_data\[1\]\[13\],12.52µm
_05740_,12.5µm
_05834_,12.5µm
net1587,12.5µm
net1621,12.5µm
_01130_,12.48µm
_01654_,12.48µm
_01878_,12.48µm
_02013_,12.48µm
_03716_,12.48µm
_05301_,12.48µm
_02898_,12.46µm
_03720_,12.46µm
_03919_,12.46µm
_04710_,12.46µm
_05388_,12.46µm
_05586_,12.46µm
_05864_,12.46µm
u_interface.fifo_data\[11\]\[23\],12.46µm
u_interface.fifo_data\[12\]\[23\],12.46µm
u_interface.fifo_data\[15\]\[18\],12.46µm
u_interface.fifo_data\[1\]\[23\],12.46µm
u_interface.fifo_data\[3\]\[19\],12.46µm
u_interface.fifo_data\[3\]\[24\],12.46µm
u_interface.fifo_data\[7\]\[5\],12.46µm
u_interface.fifo_data\[9\]\[18\],12.46µm
_01584_,12.44µm
_03897_,12.44µm
u_interface.fifo_data\[3\]\[15\],12.44µm
u_interface.fifo_data\[10\]\[7\],12.43µm
u_interface.fifo_tlast\[2\],12.43µm
_04328_,12.425µm
_01302_,12.42µm
_03179_,12.42µm
_04342_,12.42µm
u_interface.fifo_data\[11\]\[28\],12.42µm
_03935_,12.41µm
_01574_,12.4µm
_04706_,12.4µm
_04911_,12.4µm
u_interface.fifo_data\[10\]\[10\],12.385µm
_02793_,12.38µm
_04612_,12.38µm
_05155_,12.38µm
_05371_,12.38µm
_05566_,12.38µm
_05795_,12.38µm
s_axil_awaddr[31],12.38µm
s_axil_awaddr[3],12.38µm
s_axis_tdata[15],12.38µm
u_interface.fifo_data\[12\]\[19\],12.38µm
u_interface.fifo_data\[12\]\[27\],12.38µm
_02742_,12.37µm
_00426_,12.365µm
_04224_,12.36µm
_04572_,12.36µm
net971,12.36µm
_01523_,12.34µm
_02454_,12.34µm
_03292_,12.34µm
_04216_,12.34µm
_05876_,12.34µm
u_interface.fifo_data\[13\]\[12\],12.34µm
u_interface.fifo_data\[15\]\[26\],12.34µm
u_interface.in_flight_count\[5\],12.34µm
u_interface.fifo_data\[2\]\[8\],12.325µm
_02512_,12.32µm
_04053_,12.32µm
net1236,12.32µm
_02239_,12.3µm
_04691_,12.3µm
u_interface.fifo_data\[15\]\[8\],12.3µm
u_interface.u_gelu_fp32.s1_data\[29\],12.3µm
net1104,12.3µm
_06154_,12.29µm
_01307_,12.28µm
_04111_,12.28µm
_04735_,12.28µm
_06382_,12.28µm
net1740,12.28µm
_02525_,12.27µm
_01175_,12.26µm
_04094_,12.26µm
_04976_,12.26µm
_05094_,12.26µm
_05174_,12.26µm
u_interface.fifo_data\[15\]\[16\],12.26µm
_04448_,12.255µm
_03427_,12.25µm
_01359_,12.24µm
_01772_,12.24µm
_02906_,12.24µm
_04021_,12.24µm
_04531_,12.24µm
u_interface.fifo_data\[14\]\[8\],12.23µm
u_interface.fifo_data\[14\]\[16\],12.225µm
u_interface.fifo_data\[14\]\[20\],12.225µm
_01422_,12.22µm
_03604_,12.22µm
_03886_,12.22µm
_04289_,12.22µm
_04500_,12.22µm
_04839_,12.22µm
_00026_,12.205µm
_00945_,12.205µm
_04450_,12.2µm
_05340_,12.2µm
_05413_,12.2µm
u_interface.fifo_data\[4\]\[8\],12.2µm
u_interface.fifo_data\[8\]\[28\],12.2µm
u_interface.fifo_data\[10\]\[2\],12.19µm
_00181_,12.185µm
_05228_,12.18µm
_01099_,12.16µm
_01666_,12.16µm
_02215_,12.16µm
_02972_,12.16µm
_06177_,12.16µm
net1160,12.16µm
_02553_,12.15µm
_02348_,12.14µm
_03131_,12.14µm
_03405_,12.14µm
_03591_,12.14µm
_03825_,12.14µm
_05514_,12.14µm
_05639_,12.14µm
_05762_,12.14µm
u_interface.fifo_data\[10\]\[1\],12.125µm
_01512_,12.12µm
_01558_,12.12µm
_02158_,12.12µm
_04899_,12.12µm
_05074_,12.12µm
u_interface.u_gelu_fp32.u_fp32_to_q16.s3_mag\[6\],12.12µm
net1758,12.12µm
_00728_,12.115µm
u_interface.fifo_data\[6\]\[24\],12.11µm
u_interface.fifo_data\[6\]\[9\],12.11µm
_01640_,12.1µm
_02418_,12.1µm
_02517_,12.1µm
_03567_,12.1µm
_03777_,12.1µm
u_interface.fifo_data\[11\]\[13\],12.1µm
_05048_,12.09µm
_03367_,12.08µm
_04214_,12.08µm
net1068,12.08µm
_02500_,12.075µm
_01967_,12.07µm
_00825_,12.06µm
_01317_,12.06µm
_03937_,12.06µm
_04308_,12.06µm
net1249,12.06µm
net1451,12.06µm
_01165_,12.04µm
_01289_,12.04µm
_01360_,12.04µm
_02014_,12.04µm
_02217_,12.04µm
_02883_,12.04µm
_02920_,12.04µm
_04164_,12.04µm
net1391,12.04µm
net1616,12.04µm
_01544_,12.02µm
_03655_,12.02µm
_04160_,12.02µm
_04435_,12.02µm
_06064_,12.02µm
u_interface.fifo_data\[7\]\[11\],12.02µm
u_interface.u_gelu_fp32.u_q16_to_fp32.s3_norm_mag\[21\],12.02µm
net1132,12.02µm
_02176_,12µm
_04546_,12µm
_05091_,12µm
_05150_,12µm
_05659_,12µm
u_interface.fifo_data\[0\]\[6\],12µm
u_interface.fifo_data\[13\]\[6\],12µm
u_interface.fifo_data\[7\]\[18\],12µm
u_interface.fifo_data\[9\]\[8\],12µm
u_interface.u_gelu_fp32.u_fp32_to_q16.s3_frac\[1\],12µm
u_interface.u_gelu_fp32.u_synth_top.s3_mult\[30\],12µm
_02683_,11.98µm
_03338_,11.98µm
_03991_,11.98µm
_04755_,11.98µm
u_interface.fifo_data\[6\]\[30\],11.97µm
_02933_,11.96µm
_03440_,11.96µm
_04035_,11.96µm
_06105_,11.96µm
u_interface.fifo_data\[5\]\[23\],11.96µm
u_interface.fifo_data\[9\]\[14\],11.96µm
u_interface.u_gelu_fp32.u_synth_top.s3_mult\[17\],11.96µm
_04147_,11.94µm
_06169_,11.94µm
u_interface.fifo_data\[13\]\[9\],11.94µm
net1105,11.94µm
net1320,11.94µm
_01255_,11.92µm
_01861_,11.92µm
_03719_,11.92µm
s_axil_araddr[27],11.92µm
s_axil_araddr[30],11.92µm
s_axil_awaddr[4],11.92µm
s_axis_tdata[21],11.92µm
u_interface.fifo_data\[0\]\[13\],11.92µm
u_interface.fifo_data\[0\]\[5\],11.92µm
_02286_,11.9µm
_02610_,11.9µm
_02830_,11.9µm
_03049_,11.9µm
_05376_,11.9µm
u_interface.fifo_data\[2\]\[13\],11.89µm
_01529_,11.88µm
_02081_,11.88µm
_02783_,11.88µm
_03435_,11.88µm
_04064_,11.88µm
_04948_,11.88µm
_05449_,11.88µm
u_interface.fifo_data\[6\]\[0\],11.88µm
u_interface.fifo_data\[6\]\[2\],11.88µm
u_interface.fifo_data\[8\]\[16\],11.88µm
u_interface.u_gelu_fp32.u_synth_top.s3_mult\[18\],11.88µm
_00220_,11.865µm
_01573_,11.86µm
_02104_,11.86µm
_03004_,11.86µm
_03277_,11.86µm
_03879_,11.86µm
_04649_,11.86µm
_05433_,11.86µm
net1404,11.86µm
_00266_,11.845µm
_02350_,11.84µm
_03278_,11.84µm
_04032_,11.84µm
_05450_,11.84µm
_05537_,11.84µm
_06418_,11.84µm
u_interface.u_gelu_fp32.u_fp32_to_q16.s3_frac\[16\],11.84µm
u_interface.u_gelu_fp32.u_fp32_to_q16.s3_mag\[31\],11.84µm
net1312,11.84µm
_01189_,11.82µm
_01419_,11.82µm
net1606,11.82µm
_02255_,11.8µm
_05995_,11.8µm
_06332_,11.8µm
_02788_,11.79µm
_02119_,11.78µm
_03811_,11.78µm
_04070_,11.78µm
_05976_,11.78µm
u_interface.fifo_data\[2\]\[4\],11.77µm
u_interface.fifo_data\[6\]\[21\],11.77µm
_01021_,11.76µm
_03642_,11.76µm
_04113_,11.76µm
_04250_,11.76µm
_05761_,11.76µm
u_interface.fifo_data\[14\]\[22\],11.76µm
_02181_,11.74µm
_02222_,11.74µm
_05563_,11.74µm
u_interface.fifo_data\[1\]\[2\],11.74µm
u_interface.fifo_data\[7\]\[27\],11.74µm
u_interface.fifo_data\[14\]\[21\],11.73µm
_01620_,11.72µm
_01889_,11.72µm
_02149_,11.72µm
_05238_,11.72µm
_05557_,11.72µm
_03878_,11.71µm
_05407_,11.71µm
_03952_,11.7µm
_04993_,11.7µm
_06497_,11.7µm
m_axis_tdata[13],11.7µm
u_interface.fifo_data\[8\]\[21\],11.7µm
net990,11.7µm
net1375,11.7µm
_02208_,11.68µm
_02836_,11.68µm
_04862_,11.68µm
_05925_,11.68µm
_04673_,11.675µm
u_interface.fifo_data\[14\]\[24\],11.665µm
_02184_,11.66µm
_03546_,11.66µm
_03965_,11.66µm
_03985_,11.66µm
_04990_,11.66µm
u_interface.fifo_rd_ptr\[1\],11.66µm
u_interface.u_gelu_fp32.s2_data\[25\],11.66µm
u_interface.fifo_data\[2\]\[29\],11.655µm
_03406_,11.64µm
_03889_,11.64µm
_05125_,11.64µm
u_interface.u_gelu_fp32.u_fp32_to_q16.s3_frac\[5\],11.64µm
_01357_,11.62µm
_01875_,11.62µm
_02672_,11.62µm
_03144_,11.62µm
_06310_,11.62µm
_02093_,11.6µm
_04453_,11.6µm
_05331_,11.6µm
net1365,11.6µm
_01900_,11.58µm
_03157_,11.58µm
_04184_,11.58µm
_05500_,11.58µm
_06331_,11.58µm
clknet_leaf_21_clk,11.58µm
net1473,11.58µm
_01972_,11.56µm
_03158_,11.56µm
_04246_,11.56µm
_05213_,11.56µm
_06270_,11.56µm
u_interface.fifo_data\[13\]\[17\],11.55µm
_01482_,11.54µm
_02098_,11.54µm
_02309_,11.54µm
_02644_,11.54µm
_03141_,11.54µm
_03372_,11.54µm
_03506_,11.54µm
_04799_,11.54µm
_05787_,11.54µm
_06447_,11.54µm
u_interface.fifo_data\[11\]\[9\],11.54µm
u_interface.fifo_data\[12\]\[8\],11.54µm
u_interface.fifo_data\[15\]\[23\],11.54µm
u_interface.fifo_data\[7\]\[12\],11.54µm
u_interface.u_gelu_fp32.u_fp32_to_q16.s3_frac\[30\],11.54µm
net1215,11.54µm
net1454,11.54µm
_01452_,11.52µm
_01675_,11.52µm
_04402_,11.52µm
u_interface.fifo_data\[7\]\[2\],11.52µm
_01286_,11.5µm
_01416_,11.5µm
_05457_,11.5µm
u_interface.fifo_data\[13\]\[26\],11.5µm
u_interface.fifo_data\[13\]\[3\],11.5µm
u_interface.fifo_data\[8\]\[3\],11.5µm
_04186_,11.49µm
_04520_,11.49µm
_02984_,11.48µm
_06124_,11.465µm
_01291_,11.46µm
_02784_,11.46µm
_04231_,11.46µm
_05060_,11.46µm
s_axil_araddr[13],11.46µm
s_axil_araddr[18],11.46µm
s_axil_araddr[3],11.46µm
net864,11.46µm
s_axil_wdata[0],11.46µm
u_interface.fifo_data\[4\]\[11\],11.46µm
_00514_,11.445µm
_01101_,11.44µm
_02755_,11.44µm
_03336_,11.44µm
_04007_,11.44µm
_06071_,11.44µm
net1673,11.44µm
_00392_,11.425µm
_00608_,11.425µm
_02190_,11.42µm
_02304_,11.42µm
_02695_,11.42µm
_04009_,11.42µm
_04240_,11.42µm
_04424_,11.42µm
_04559_,11.42µm
_04825_,11.42µm
_05054_,11.42µm
_05638_,11.42µm
u_interface.fifo_data\[0\]\[14\],11.42µm
_04780_,11.4µm
_03400_,11.39µm
_02089_,11.38µm
_02183_,11.38µm
_03257_,11.38µm
_04398_,11.38µm
_05400_,11.38µm
_06145_,11.38µm
u_interface.fifo_data\[4\]\[20\],11.38µm
u_interface.u_gelu_fp32.u_synth_top.s3_b\[15\],11.38µm
_02899_,11.37µm
net1237,11.36µm
_01184_,11.34µm
_04159_,11.34µm
_04679_,11.34µm
_06139_,11.34µm
net1562,11.34µm
_02237_,11.32µm
_02540_,11.32µm
_03706_,11.32µm
_04429_,11.32µm
u_interface.fifo_data\[1\]\[12\],11.32µm
u_interface.fifo_data\[3\]\[0\],11.32µm
u_interface.u_gelu_fp32.u_fp32_to_q16.s3_frac\[7\],11.32µm
net1730,11.32µm
u_interface.fifo_data\[10\]\[0\],11.31µm
u_interface.fifo_data\[2\]\[18\],11.31µm
u_interface.fifo_data\[2\]\[19\],11.31µm
_00167_,11.305µm
_03209_,11.305µm
net894,11.305µm
_01502_,11.3µm
_02690_,11.3µm
_03671_,11.3µm
_04433_,11.3µm
_05769_,11.3µm
_06479_,11.3µm
_02166_,11.28µm
_02635_,11.28µm
_04086_,11.28µm
_06444_,11.28µm
u_interface.fifo_data\[11\]\[7\],11.28µm
u_interface.fifo_data\[15\]\[15\],11.28µm
u_interface.fifo_data\[9\]\[31\],11.28µm
_00116_,11.275µm
_03547_,11.26µm
_04174_,11.26µm
_04529_,11.25µm
u_interface.fifo_data\[14\]\[25\],11.25µm
_00121_,11.245µm
_00131_,11.245µm
_00374_,11.245µm
net1685,11.245µm
_01837_,11.24µm
_02262_,11.24µm
_02811_,11.24µm
_05311_,11.24µm
_05440_,11.24µm
_05781_,11.24µm
s_axil_wready,11.24µm
s_axis_tready,11.24µm
u_interface.u_gelu_fp32.u_fp32_to_q16.s1_mant\[21\],11.24µm
u_interface.u_gelu_fp32.u_fp32_to_q16.s3_frac\[11\],11.24µm
net1659,11.24µm
_05578_,11.23µm
_01593_,11.22µm
_02843_,11.22µm
_04803_,11.22µm
_05536_,11.22µm
net997,11.22µm
_00382_,11.205µm
_03457_,11.2µm
_05633_,11.2µm
_05922_,11.2µm
_06002_,11.2µm
u_interface.fifo_data\[13\]\[1\],11.2µm
net1465,11.2µm
_04999_,11.19µm
u_interface.fifo_data\[10\]\[25\],11.19µm
_02209_,11.18µm
_03415_,11.18µm
_04264_,11.18µm
_04266_,11.18µm
_04337_,11.18µm
_04369_,11.18µm
_05860_,11.18µm
_06254_,11.18µm
u_interface.fifo_data\[14\]\[9\],11.17µm
_03188_,11.16µm
_03998_,11.16µm
u_interface.u_gelu_fp32.s2_data\[29\],11.16µm
net1345,11.16µm
net1500,11.16µm
_02513_,11.15µm
_03003_,11.14µm
_04667_,11.14µm
u_interface.u_gelu_fp32.u_fp32_to_q16.s3_frac\[0\],11.14µm
u_interface.fifo_data\[11\]\[24\],11.13µm
_01836_,11.12µm
_02147_,11.12µm
_04608_,11.12µm
_05314_,11.12µm
_05519_,11.12µm
u_interface.fifo_data\[12\]\[18\],11.12µm
net61,11.12µm
net994,11.12µm
_01812_,11.1µm
_03023_,11.1µm
_05452_,11.1µm
_06315_,11.1µm
u_interface.u_gelu_fp32.u_fp32_to_q16.s3_frac\[12\],11.1µm
net1002,11.1µm
_01621_,11.08µm
_03537_,11.08µm
_04129_,11.08µm
_04249_,11.08µm
_05149_,11.08µm
_05320_,11.08µm
_05372_,11.08µm
u_interface.fifo_data\[0\]\[23\],11.08µm
u_interface.fifo_data\[4\]\[27\],11.08µm
u_interface.fifo_data\[9\]\[27\],11.08µm
net1478,11.08µm
_03563_,11.075µm
_04076_,11.07µm
_01269_,11.06µm
_01493_,11.06µm
_02049_,11.06µm
_02210_,11.06µm
_02696_,11.06µm
_02739_,11.06µm
_02928_,11.06µm
_05335_,11.06µm
net1232,11.06µm
_01266_,11.04µm
_02773_,11.04µm
_02820_,11.04µm
_04768_,11.04µm
_04972_,11.04µm
_05167_,11.04µm
_06234_,11.04µm
u_interface.fifo_data\[1\]\[7\],11.04µm
u_interface.u_gelu_fp32.u_fp32_to_q16.s3_frac\[9\],11.04µm
_01272_,11.02µm
_01383_,11.02µm
net1053,11.02µm
net1286,11.02µm
net1699,11.02µm
_02511_,11µm
_02999_,11µm
_03360_,11µm
_03516_,11µm
_03855_,11µm
_04075_,11µm
_05533_,11µm
_05606_,11µm
_06189_,11µm
_06190_,11µm
m_axis_tready,11µm
s_axil_araddr[11],11µm
s_axil_araddr[16],11µm
s_axil_araddr[22],11µm
s_axil_araddr[24],11µm
s_axil_araddr[28],11µm
s_axil_araddr[31],11µm
s_axil_araddr[5],11µm
s_axil_araddr[7],11µm
s_axil_araddr[8],11µm
s_axil_araddr[9],11µm
s_axil_awaddr[10],11µm
s_axil_awaddr[11],11µm
s_axil_awaddr[13],11µm
s_axil_awaddr[16],11µm
s_axil_awaddr[17],11µm
s_axil_awaddr[20],11µm
s_axil_awaddr[23],11µm
s_axil_awaddr[25],11µm
s_axil_awaddr[2],11µm
s_axil_awaddr[5],11µm
s_axil_awaddr[7],11µm
s_axil_awaddr[8],11µm
s_axil_awaddr[9],11µm
s_axil_bready,11µm
s_axil_wstrb[0],11µm
s_axil_wvalid,11µm
s_axis_tdata[0],11µm
s_axis_tdata[11],11µm
s_axis_tdata[12],11µm
s_axis_tdata[14],11µm
s_axis_tdata[18],11µm
s_axis_tdata[19],11µm
s_axis_tdata[20],11µm
s_axis_tdata[22],11µm
s_axis_tdata[2],11µm
s_axis_tdata[31],11µm
s_axis_tdata[3],11µm
s_axis_tdata[5],11µm
s_axis_tdata[8],11µm
u_interface.fifo_data\[9\]\[0\],11µm
u_interface.u_gelu_fp32.u_fp32_to_q16.s3_frac\[13\],11µm
_00968_,10.995µm
_03239_,10.995µm
_02128_,10.98µm
_04454_,10.98µm
u_interface.fifo_data\[4\]\[1\],10.98µm
_01450_,10.96µm
_02730_,10.96µm
_02968_,10.96µm
_03287_,10.96µm
_03437_,10.96µm
_03601_,10.96µm
_04114_,10.96µm
_04379_,10.96µm
_04538_,10.96µm
_05624_,10.96µm
u_interface.fifo_data\[4\]\[0\],10.96µm
u_interface.fifo_data\[5\]\[16\],10.96µm
u_interface.u_gelu_fp32.u_fp32_to_q16.s3_frac\[21\],10.96µm
net1428,10.96µm
_00288_,10.945µm
_00387_,10.945µm
_01244_,10.94µm
_02587_,10.94µm
u_interface.fifo_tlast\[4\],10.94µm
net1035,10.94µm
net1189,10.94µm
_03087_,10.935µm
_03366_,10.935µm
_05989_,10.925µm
_06150_,10.925µm
_01420_,10.92µm
_02359_,10.92µm
_02878_,10.92µm
_03074_,10.92µm
_00367_,10.915µm
_05014_,10.91µm
_00038_,10.905µm
_00396_,10.905µm
_01373_,10.9µm
_06093_,10.9µm
net1042,10.9µm
_05009_,10.885µm
_02042_,10.88µm
_02978_,10.88µm
_03724_,10.88µm
_04005_,10.88µm
_04101_,10.88µm
_04928_,10.88µm
_05304_,10.88µm
_05670_,10.88µm
_05817_,10.88µm
u_interface.u_gelu_fp32.u_fp32_to_q16.s3_frac\[23\],10.88µm
_00231_,10.875µm
_02613_,10.875µm
_01211_,10.86µm
_03829_,10.86µm
_04394_,10.86µm
u_interface.fifo_data\[12\]\[21\],10.86µm
u_interface.u_gelu_fp32.u_synth_top.s3_mult\[47\],10.86µm
u_interface.fifo_data\[10\]\[22\],10.85µm
_03750_,10.84µm
_03874_,10.84µm
_03906_,10.84µm
_03981_,10.84µm
_04497_,10.84µm
_05035_,10.84µm
u_interface.u_gelu_fp32.u_q16_to_fp32.s3_norm_mag\[13\],10.84µm
u_interface.u_gelu_fp32.u_fp32_to_q16.s3_frac\[15\],10.83µm
_00885_,10.82µm
_02172_,10.82µm
_03019_,10.82µm
u_interface.fifo_data\[3\]\[9\],10.82µm
u_interface.fifo_data\[5\]\[25\],10.82µm
u_interface.u_gelu_fp32.u_fp32_to_q16.s3_frac\[27\],10.82µm
net131,10.82µm
_06147_,10.815µm
u_interface.fifo_data\[2\]\[0\],10.805µm
_05649_,10.8µm
_00413_,10.785µm
_00446_,10.785µm
_02531_,10.78µm
_03354_,10.78µm
_05884_,10.78µm
u_interface.fifo_data\[5\]\[1\],10.78µm
u_interface.fifo_data\[5\]\[21\],10.78µm
u_interface.u_gelu_fp32.u_synth_top.s3_mult\[45\],10.78µm
net101,10.78µm
_00007_,10.765µm
_00935_,10.765µm
_02114_,10.76µm
_02196_,10.76µm
_02443_,10.76µm
_02609_,10.76µm
_02919_,10.76µm
_03112_,10.76µm
_04844_,10.76µm
_05397_,10.76µm
u_interface.fifo_data\[11\]\[4\],10.76µm
u_interface.fifo_data\[5\]\[0\],10.76µm
_00400_,10.755µm
_00815_,10.755µm
_00365_,10.745µm
_00921_,10.745µm
net1723,10.745µm
_02771_,10.74µm
_02894_,10.74µm
_03235_,10.74µm
_04354_,10.74µm
_04797_,10.74µm
_05705_,10.74µm
_05857_,10.74µm
_05945_,10.74µm
u_interface.u_gelu_fp32.u_fp32_to_q16.s3_frac\[22\],10.74µm
_00832_,10.735µm
_03636_,10.735µm
_03250_,10.72µm
_04893_,10.72µm
u_interface.fifo_data\[4\]\[2\],10.72µm
_03040_,10.715µm
_02518_,10.71µm
_00467_,10.705µm
_00586_,10.705µm
_01602_,10.7µm
_02425_,10.7µm
_03056_,10.7µm
_03870_,10.7µm
_04728_,10.7µm
_04795_,10.7µm
u_interface.fifo_data\[11\]\[14\],10.7µm
u_interface.u_gelu_fp32.u_synth_top.s3_b\[10\],10.7µm
net1330,10.7µm
_05436_,10.695µm
_01479_,10.685µm
_02959_,10.68µm
_06241_,10.68µm
u_interface.fifo_rd_ptr\[2\],10.68µm
net1415,10.68µm
_02086_,10.66µm
_02254_,10.66µm
_02362_,10.66µm
_02995_,10.66µm
_04470_,10.66µm
_04741_,10.66µm
_04764_,10.66µm
_05033_,10.66µm
_05114_,10.66µm
_05526_,10.66µm
_05952_,10.66µm
s_axil_awaddr[29],10.66µm
u_interface.fifo_data\[1\]\[6\],10.66µm
net1174,10.66µm
u_interface.fifo_data\[6\]\[26\],10.65µm
_02724_,10.64µm
_04932_,10.64µm
_05929_,10.64µm
_06218_,10.64µm
net286,10.64µm
net1045,10.64µm
net1287,10.64µm
_02189_,10.635µm
m_axis_tdata[7],10.63µm
_00970_,10.625µm
_01652_,10.62µm
_03245_,10.62µm
_03404_,10.62µm
_03915_,10.62µm
_04181_,10.62µm
u_interface.fifo_data\[7\]\[13\],10.62µm
u_interface.fifo_data\[8\]\[9\],10.62µm
u_interface.fifo_data\[14\]\[31\],10.61µm
_00522_,10.6µm
_03793_,10.6µm
_04386_,10.6µm
_04455_,10.6µm
_06451_,10.6µm
net981,10.6µm
_02948_,10.58µm
_03169_,10.58µm
_05072_,10.58µm
u_interface.fifo_data\[11\]\[2\],10.58µm
u_interface.fifo_data\[5\]\[24\],10.58µm
u_interface.fifo_data\[5\]\[27\],10.58µm
u_interface.fifo_data\[5\]\[3\],10.58µm
net1689,10.575µm
_00110_,10.565µm
_00388_,10.565µm
_00415_,10.565µm
_01041_,10.565µm
_02869_,10.565µm
_05829_,10.56µm
_06132_,10.56µm
net1400,10.56µm
net1445,10.56µm
net1486,10.56µm
_02954_,10.54µm
_04212_,10.54µm
s_axil_araddr[19],10.54µm
s_axil_araddr[21],10.54µm
s_axis_tdata[1],10.54µm
s_axis_tdata[9],10.54µm
u_interface.fifo_data\[0\]\[18\],10.54µm
u_interface.fifo_data\[10\]\[5\],10.53µm
_02110_,10.525µm
_02973_,10.52µm
_03597_,10.52µm
_04596_,10.52µm
net1421,10.52µm
_02487_,10.5µm
_03152_,10.5µm
_03510_,10.5µm
_03958_,10.5µm
_04611_,10.5µm
_04974_,10.5µm
_05483_,10.5µm
_05880_,10.5µm
_06236_,10.5µm
u_interface.fifo_data\[0\]\[17\],10.5µm
u_interface.fifo_data\[14\]\[14\],10.5µm
u_interface.u_gelu_fp32.s2_data\[24\],10.5µm
_00640_,10.485µm
_03337_,10.48µm
_04151_,10.48µm
u_interface.u_gelu_fp32.u_q16_to_fp32.s3_norm_mag\[5\],10.48µm
_04637_,10.46µm
_05702_,10.46µm
u_interface.fifo_tlast\[7\],10.46µm
net1707,10.46µm
_00626_,10.445µm
_02451_,10.44µm
_03202_,10.44µm
_03694_,10.44µm
_03994_,10.44µm
net26,10.44µm
net67,10.44µm
net72,10.44µm
net1765,10.44µm
_01962_,10.42µm
_02573_,10.42µm
_03190_,10.42µm
_03585_,10.42µm
_03781_,10.42µm
_03801_,10.42µm
_03810_,10.42µm
_06076_,10.42µm
_00323_,10.405µm
u_interface.fifo_data\[6\]\[8\],10.405µm
_02447_,10.4µm
_03441_,10.4µm
_03596_,10.4µm
_03853_,10.4µm
net941,10.4µm
u_interface.fifo_data\[6\]\[23\],10.39µm
_01091_,10.365µm
_01883_,10.36µm
_03018_,10.36µm
_03180_,10.36µm
_04258_,10.36µm
u_interface.fifo_data\[1\]\[19\],10.36µm
u_interface.fifo_data\[9\]\[26\],10.36µm
u_interface.fifo_data\[9\]\[30\],10.36µm
u_interface.u_gelu_fp32.s1_data\[31\],10.36µm
net1362,10.36µm
_00958_,10.355µm
_00538_,10.345µm
_02728_,10.34µm
_03146_,10.34µm
_04093_,10.34µm
u_interface.fifo_data\[2\]\[12\],10.325µm
_01344_,10.32µm
_02230_,10.32µm
_03554_,10.32µm
_05730_,10.32µm
_06402_,10.32µm
m_axis_tdata[10],10.32µm
m_axis_tlast,10.32µm
m_axis_tuser,10.32µm
s_axil_rvalid,10.32µm
u_interface.u_gelu_fp32.s1_valid,10.32µm
u_interface.u_gelu_fp32.u_synth_top.s3_mult\[51\],10.32µm
net38,10.32µm
net91,10.32µm
net1483,10.32µm
u_interface.fifo_data\[10\]\[12\],10.31µm
_02461_,10.3µm
_02562_,10.3µm
_04022_,10.3µm
_04391_,10.3µm
_05248_,10.3µm
_05620_,10.3µm
_02532_,10.29µm
_00240_,10.285µm
_00284_,10.285µm
_03895_,10.285µm
u_interface.fifo_data\[6\]\[4\],10.285µm
_01417_,10.28µm
_02800_,10.28µm
_03333_,10.28µm
_05182_,10.28µm
_05325_,10.28µm
_05328_,10.28µm
u_interface.u_gelu_fp32.u_fp32_to_q16.s2_shift\[1\],10.28µm
_06033_,10.265µm
_01121_,10.26µm
_01438_,10.26µm
_02648_,10.26µm
_02957_,10.26µm
_03015_,10.26µm
_03448_,10.26µm
_03532_,10.26µm
_04650_,10.26µm
_00698_,10.245µm
_02597_,10.24µm
_03743_,10.24µm
_03941_,10.24µm
_03974_,10.24µm
_04201_,10.24µm
_05162_,10.24µm
_05750_,10.24µm
_05934_,10.24µm
net1489,10.24µm
net1604,10.24µm
_00822_,10.22µm
_03664_,10.22µm
_04729_,10.22µm
_04958_,10.22µm
_00735_,10.215µm
_06314_,10.205µm
u_interface.fifo_data\[2\]\[20\],10.205µm
_01448_,10.2µm
_03335_,10.2µm
_05593_,10.2µm
_05803_,10.2µm
_05870_,10.2µm
_05973_,10.2µm
s_axil_awaddr[26],10.2µm
u_interface.fifo_data\[12\]\[10\],10.2µm
u_interface.fifo_data\[12\]\[1\],10.2µm
u_interface.fifo_data\[15\]\[0\],10.2µm
u_interface.u_gelu_fp32.u_fp32_to_q16.s3_frac\[26\],10.2µm
net1333,10.2µm
_01311_,10.18µm
_01365_,10.18µm
_01543_,10.18µm
_02715_,10.18µm
_02862_,10.18µm
_03797_,10.18µm
_04125_,10.18µm
_04955_,10.18µm
_05807_,10.18µm
_06257_,10.18µm
net1233,10.18µm
u_interface.fifo_data\[2\]\[27\],10.17µm
net1198,10.165µm
_02633_,10.16µm
_02855_,10.16µm
_03027_,10.16µm
_03416_,10.16µm
_03920_,10.16µm
_05701_,10.16µm
_06060_,10.16µm
_06261_,10.16µm
u_interface.fifo_data\[3\]\[30\],10.16µm
u_interface.fifo_data\[4\]\[13\],10.16µm
u_interface.fifo_data\[5\]\[30\],10.16µm
u_interface.fifo_data\[9\]\[15\],10.16µm
u_interface.u_gelu_fp32.u_synth_top.s3_mult\[33\],10.16µm
_00821_,10.155µm
_01050_,10.145µm
_01515_,10.14µm
_01549_,10.14µm
_02970_,10.14µm
_04704_,10.14µm
_04954_,10.14µm
_05420_,10.14µm
_01318_,10.12µm
_02116_,10.12µm
u_interface.fifo_data\[13\]\[31\],10.12µm
u_interface.fifo_data\[9\]\[28\],10.12µm
net1508,10.12µm
_04505_,10.11µm
_01328_,10.1µm
_03034_,10.1µm
_03590_,10.1µm
_03842_,10.1µm
net1051,10.1µm
net1190,10.1µm
_04145_,10.09µm
_00212_,10.085µm
_02044_,10.08µm
_02194_,10.08µm
_02332_,10.08µm
_04237_,10.08µm
_05090_,10.08µm
_05524_,10.08µm
_05891_,10.08µm
s_axil_araddr[0],10.08µm
s_axil_araddr[10],10.08µm
s_axil_araddr[12],10.08µm
s_axil_araddr[15],10.08µm
s_axil_araddr[17],10.08µm
s_axil_araddr[20],10.08µm
s_axil_araddr[23],10.08µm
s_axil_araddr[25],10.08µm
s_axil_araddr[26],10.08µm
s_axil_araddr[29],10.08µm
s_axil_araddr[4],10.08µm
s_axil_araddr[6],10.08µm
s_axil_awaddr[12],10.08µm
s_axil_awaddr[14],10.08µm
s_axil_awaddr[15],10.08µm
s_axil_awaddr[18],10.08µm
s_axil_awaddr[19],10.08µm
s_axil_awaddr[22],10.08µm
s_axil_awaddr[27],10.08µm
s_axil_awaddr[28],10.08µm
s_axil_awaddr[30],10.08µm
s_axil_awaddr[6],10.08µm
s_axil_awvalid,10.08µm
net845,10.08µm
net847,10.08µm
net857,10.08µm
net862,10.08µm
net836,10.08µm
net838,10.08µm
net840,10.08µm
s_axil_rready,10.08µm
s_axis_tdata[16],10.08µm
s_axis_tdata[4],10.08µm
s_axis_tdata[6],10.08µm
s_axis_tdata[7],10.08µm
u_interface.fifo_data\[5\]\[4\],10.07µm
_00310_,10.065µm
_00515_,10.065µm
net902,10.065µm
_02207_,10.06µm
_02640_,10.06µm
_04213_,10.06µm
_04344_,10.06µm
_04524_,10.06µm
_05067_,10.06µm
_05521_,10.06µm
u_interface.u_gelu_fp32.u_fp32_to_q16.s3_frac\[20\],10.06µm
_02236_,10.05µm
_02940_,10.04µm
_02987_,10.04µm
_04168_,10.04µm
_04340_,10.04µm
_04658_,10.04µm
_06055_,10.04µm
_06158_,10.04µm
u_interface.fifo_data\[1\]\[17\],10.04µm
u_interface.u_gelu_fp32.u_fp32_to_q16.s3_mag\[4\],10.04µm
u_interface.u_gelu_fp32.u_synth_top.s3_mult\[49\],10.04µm
_00191_,10.025µm
_00439_,10.025µm
_03808_,10.02µm
_04420_,10.02µm
_01463_,10.01µm
_01330_,10µm
_01361_,10µm
_02035_,10µm
_06159_,10µm
net1202,9.985µm
_02099_,9.96µm
_03258_,9.96µm
_03627_,9.96µm
_03907_,9.96µm
_05297_,9.96µm
_05473_,9.96µm
_05626_,9.96µm
_05727_,9.96µm
_06056_,9.96µm
u_interface.fifo_data\[14\]\[30\],9.96µm
u_interface.fifo_data\[7\]\[19\],9.96µm
u_interface.meta_tuser_pipe\[10\],9.96µm
_01206_,9.94µm
_02390_,9.94µm
_02468_,9.94µm
_03265_,9.94µm
_03571_,9.94µm
_04248_,9.94µm
_04783_,9.94µm
_04826_,9.94µm
_05223_,9.94µm
_05472_,9.94µm
_05905_,9.94µm
_06442_,9.94µm
_06459_,9.94µm
_06477_,9.94µm
u_interface.fifo_data\[3\]\[28\],9.94µm
u_interface.fifo_data\[5\]\[19\],9.94µm
u_interface.fifo_data\[14\]\[0\],9.93µm
_02522_,9.92µm
_03544_,9.92µm
_05455_,9.92µm
_05768_,9.92µm
_05853_,9.92µm
u_interface.fifo_data\[1\]\[31\],9.92µm
_00496_,9.905µm
_02466_,9.9µm
_02746_,9.9µm
_03866_,9.9µm
_05047_,9.9µm
u_interface.fifo_data\[0\]\[22\],9.9µm
u_interface.fifo_data\[13\]\[21\],9.9µm
u_interface.fifo_data\[5\]\[31\],9.9µm
u_interface.fifo_data\[8\]\[27\],9.9µm
_02138_,9.88µm
_04316_,9.88µm
_05465_,9.88µm
_05550_,9.88µm
_05960_,9.88µm
_00577_,9.865µm
_00876_,9.865µm
_00993_,9.865µm
_02439_,9.86µm
_04251_,9.86µm
_05201_,9.86µm
_05300_,9.86µm
m_axis_tdata[16],9.86µm
m_axis_tdata[22],9.86µm
m_axis_tvalid,9.86µm
s_axil_awready,9.86µm
u_interface.core_data_out\[0\],9.86µm
u_interface.fifo_data\[0\]\[12\],9.86µm
u_interface.fifo_data\[13\]\[14\],9.86µm
net74,9.86µm
net1177,9.86µm
net1364,9.86µm
net1773,9.86µm
_00022_,9.845µm
_00493_,9.845µm
_06144_,9.845µm
_01646_,9.84µm
_02368_,9.84µm
_02684_,9.84µm
_02859_,9.84µm
_03198_,9.84µm
_03236_,9.84µm
_04013_,9.84µm
_04077_,9.84µm
_05105_,9.84µm
_05456_,9.84µm
_05704_,9.84µm
u_interface.u_gelu_fp32.u_synth_top.s3_mult\[34\],9.84µm
net1583,9.84µm
_00008_,9.835µm
u_interface.fifo_tlast\[10\],9.825µm
_01749_,9.82µm
_02402_,9.82µm
_03445_,9.82µm
_03917_,9.82µm
_04177_,9.82µm
_05806_,9.82µm
_05879_,9.82µm
_06050_,9.82µm
_06162_,9.82µm
_06348_,9.82µm
u_interface.fifo_data\[12\]\[15\],9.82µm
u_interface.fifo_data\[5\]\[18\],9.82µm
net1052,9.82µm
u_interface.fifo_data\[14\]\[4\],9.81µm
_02642_,9.8µm
_04365_,9.8µm
_00100_,9.795µm
_04191_,9.78µm
_04223_,9.78µm
_04421_,9.78µm
u_interface.u_gelu_fp32.u_q16_to_fp32.s3_norm_mag\[1\],9.78µm
net95,9.78µm
net1011,9.78µm
_00797_,9.76µm
_01195_,9.76µm
_02290_,9.76µm
_02456_,9.76µm
net1518,9.76µm
_05441_,9.75µm
_00595_,9.745µm
_02004_,9.74µm
_02971_,9.74µm
_03570_,9.74µm
_04031_,9.74µm
_04211_,9.74µm
_05928_,9.74µm
_05964_,9.74µm
u_interface.fifo_data\[13\]\[0\],9.74µm
u_interface.fifo_data\[1\]\[11\],9.74µm
u_interface.fifo_wr_ptr\[2\],9.74µm
_04091_,9.73µm
u_interface.fifo_data\[2\]\[10\],9.73µm
_02163_,9.72µm
_02810_,9.72µm
_03207_,9.72µm
_04199_,9.72µm
u_interface.u_gelu_fp32.u_fp32_to_q16.s3_frac\[6\],9.72µm
_04161_,9.715µm
_00296_,9.705µm
net895,9.705µm
_03150_,9.7µm
_03508_,9.7µm
_03785_,9.7µm
_04016_,9.7µm
_04590_,9.7µm
_05153_,9.7µm
u_interface.fifo_data\[11\]\[21\],9.7µm
u_interface.fifo_data\[12\]\[31\],9.7µm
u_interface.fifo_data\[7\]\[8\],9.7µm
u_interface.fifo_data\[8\]\[0\],9.7µm
u_interface.fifo_tuser\[4\],9.7µm
u_interface.u_gelu_fp32.u_synth_top.s3_mult\[50\],9.7µm
_00175_,9.68µm
_01579_,9.68µm
_04672_,9.68µm
_01919_,9.66µm
_02055_,9.66µm
_03227_,9.66µm
u_interface.fifo_data\[1\]\[8\],9.66µm
u_interface.fifo_data\[8\]\[1\],9.66µm
net1201,9.66µm
net1377,9.66µm
net1546,9.66µm
net1618,9.66µm
net1651,9.645µm
_01404_,9.64µm
net1459,9.64µm
net898,9.635µm
_01643_,9.625µm
_02634_,9.62µm
_04336_,9.62µm
_04880_,9.62µm
_04959_,9.62µm
_05120_,9.62µm
_00861_,9.615µm
_02612_,9.615µm
_03357_,9.615µm
_03011_,9.61µm
_06482_,9.605µm
_03309_,9.6µm
_03587_,9.6µm
_04055_,9.6µm
_05819_,9.6µm
_05927_,9.6µm
_01138_,9.595µm
_00112_,9.585µm
_00032_,9.58µm
_01457_,9.58µm
_01702_,9.58µm
_02473_,9.58µm
_02520_,9.58µm
_03043_,9.58µm
_03153_,9.58µm
_03693_,9.58µm
_03980_,9.58µm
_04208_,9.58µm
_04387_,9.58µm
net1510,9.58µm
_05337_,9.57µm
_01339_,9.56µm
_01453_,9.56µm
_03735_,9.56µm
u_interface.u_gelu_fp32.u_synth_top.s3_mult\[22\],9.56µm
_02481_,9.54µm
_04550_,9.54µm
_04579_,9.54µm
_05634_,9.54µm
_00096_,9.525µm
_03779_,9.52µm
_05110_,9.52µm
_05919_,9.52µm
u_interface.u_gelu_fp32.s2_data\[16\],9.52µm
u_interface.u_gelu_fp32.u_synth_top.s3_b\[2\],9.52µm
_04664_,9.51µm
_02197_,9.5µm
_02858_,9.5µm
_03299_,9.5µm
_03394_,9.5µm
_03552_,9.5µm
_03933_,9.5µm
_04056_,9.5µm
_05034_,9.5µm
_05785_,9.5µm
u_interface.fifo_data\[4\]\[21\],9.5µm
u_interface.u_gelu_fp32.s2_data\[17\],9.5µm
u_interface.fifo_data\[10\]\[18\],9.49µm
_00055_,9.485µm
u_interface.fifo_data\[14\]\[15\],9.485µm
_00905_,9.48µm
_01323_,9.48µm
_01778_,9.48µm
_02763_,9.48µm
_03713_,9.48µm
_03894_,9.48µm
_03913_,9.48µm
_04303_,9.48µm
_05751_,9.48µm
_05887_,9.48µm
_06101_,9.48µm
_06219_,9.48µm
_06230_,9.48µm
_06406_,9.48µm
u_interface.u_gelu_fp32.u_fp32_to_q16.s2_is_zero,9.48µm
net1687,9.47µm
net891,9.465µm
_03055_,9.46µm
_03117_,9.46µm
_04210_,9.46µm
_04543_,9.46µm
_04665_,9.46µm
u_interface.fifo_data\[9\]\[25\],9.46µm
_00901_,9.44µm
_01151_,9.44µm
_05221_,9.44µm
net1039,9.44µm
_01354_,9.42µm
_03770_,9.42µm
_05772_,9.42µm
_05892_,9.42µm
_06014_,9.42µm
_00199_,9.415µm
_04867_,9.41µm
_04930_,9.41µm
_00429_,9.405µm
_00645_,9.405µm
_02782_,9.4µm
_05419_,9.4µm
_05545_,9.4µm
_05912_,9.4µm
_05979_,9.4µm
s_axil_arready,9.4µm
u_interface.fifo_data\[8\]\[5\],9.4µm
net21,9.4µm
net1063,9.4µm
_03562_,9.39µm
_01592_,9.38µm
_02462_,9.38µm
_02550_,9.38µm
_03273_,9.38µm
_03426_,9.38µm
_04018_,9.38µm
_04399_,9.38µm
_05202_,9.38µm
_05520_,9.38µm
_05825_,9.38µm
_05917_,9.38µm
_02807_,9.37µm
s_axis_tdata[26],9.37µm
_00115_,9.365µm
_00601_,9.365µm
_01126_,9.36µm
_01133_,9.36µm
_01325_,9.36µm
_02678_,9.36µm
_02787_,9.36µm
_03114_,9.36µm
_03263_,9.36µm
_04383_,9.36µm
_05017_,9.36µm
_05368_,9.36µm
_05421_,9.36µm
_05499_,9.36µm
_05956_,9.36µm
_06376_,9.36µm
u_interface.u_gelu_fp32.u_fp32_to_q16.s1_mant\[11\],9.36µm
net932,9.36µm
_03780_,9.355µm
_01855_,9.34µm
_05083_,9.34µm
_05097_,9.34µm
u_interface.fifo_data\[3\]\[20\],9.34µm
_02618_,9.32µm
_02809_,9.32µm
_03754_,9.32µm
_04490_,9.32µm
_05227_,9.32µm
_06312_,9.32µm
net1164,9.32µm
_01425_,9.3µm
_04721_,9.3µm
net1292,9.3µm
net1298,9.3µm
_02478_,9.28µm
_02716_,9.28µm
_03024_,9.28µm
_03233_,9.28µm
_03349_,9.28µm
_04028_,9.28µm
_05010_,9.28µm
_05349_,9.28µm
_06040_,9.28µm
_06087_,9.28µm
_06089_,9.28µm
u_interface.fifo_data\[8\]\[11\],9.28µm
u_interface.u_gelu_fp32.u_fp32_to_q16.s1_mant\[13\],9.28µm
_04483_,9.27µm
_00036_,9.26µm
_01160_,9.26µm
_01162_,9.26µm
_02585_,9.26µm
_02769_,9.26µm
_02960_,9.26µm
_03438_,9.26µm
_03583_,9.26µm
_03987_,9.26µm
_04726_,9.26µm
_05073_,9.26µm
_05885_,9.26µm
net1077,9.26µm
_00104_,9.245µm
_00618_,9.245µm
_02588_,9.24µm
_03331_,9.24µm
_03731_,9.24µm
_03988_,9.24µm
_04162_,9.24µm
_04247_,9.24µm
_04690_,9.24µm
_04953_,9.24µm
_06248_,9.24µm
u_interface.fifo_data\[11\]\[15\],9.24µm
u_interface.fifo_data\[1\]\[4\],9.24µm
u_interface.fifo_data\[4\]\[17\],9.24µm
u_interface.fifo_data\[4\]\[18\],9.24µm
u_interface.fifo_data\[4\]\[5\],9.24µm
u_interface.fifo_data\[8\]\[15\],9.24µm
u_interface.fifo_data\[9\]\[16\],9.24µm
u_interface.fifo_rd_ptr\[3\],9.24µm
_00512_,9.22µm
_01850_,9.22µm
_03592_,9.22µm
_03786_,9.22µm
_03893_,9.22µm
net1059,9.22µm
net1142,9.22µm
net1387,9.22µm
net1656,9.22µm
_00170_,9.205µm
_00715_,9.205µm
_05098_,9.2µm
_05272_,9.2µm
_06337_,9.2µm
u_interface.fifo_data\[12\]\[3\],9.2µm
u_interface.fifo_data\[8\]\[30\],9.2µm
u_interface.u_gelu_fp32.u_q16_to_fp32.s3_norm_mag\[4\],9.2µm
net1487,9.2µm
net1504,9.2µm
_02936_,9.19µm
_00102_,9.185µm
_00277_,9.185µm
_00373_,9.185µm
_00569_,9.185µm
_05790_,9.18µm
_00566_,9.175µm
_00746_,9.175µm
_03306_,9.16µm
_03778_,9.16µm
_03790_,9.16µm
_04284_,9.16µm
_04313_,9.16µm
_04567_,9.16µm
_04625_,9.16µm
_04937_,9.16µm
_05369_,9.16µm
_05467_,9.16µm
_05909_,9.16µm
u_interface.u_gelu_fp32.u_fp32_to_q16.s1_mant\[20\],9.16µm
m_axis_tdata[4],9.15µm
_01761_,9.14µm
_02281_,9.14µm
_03598_,9.14µm
_04480_,9.14µm
_05418_,9.14µm
_00471_,9.125µm
_01119_,9.12µm
_02682_,9.12µm
_03193_,9.12µm
_03618_,9.12µm
_03901_,9.12µm
_04144_,9.12µm
_04486_,9.12µm
_05463_,9.12µm
u_interface.fifo_data\[13\]\[10\],9.12µm
u_interface.fifo_data\[7\]\[4\],9.12µm
u_interface.fifo_data\[9\]\[11\],9.12µm
u_interface.fifo_data\[9\]\[21\],9.12µm
u_interface.fifo_tuser\[5\],9.12µm
u_interface.u_gelu_fp32.u_synth_top.s3_mult\[52\],9.12µm
_02671_,9.115µm
_02228_,9.1µm
_02519_,9.1µm
_03432_,9.1µm
_05258_,9.1µm
net1020,9.1µm
net1424,9.1µm
_05923_,9.085µm
_05703_,9.08µm
u_interface.fifo_data\[15\]\[10\],9.08µm
u_interface.u_gelu_fp32.u_q16_to_fp32.s2_exp\[7\],9.08µm
net1706,9.08µm
_00662_,9.075µm
_00111_,9.065µm
_02611_,9.06µm
_03223_,9.06µm
_04003_,9.06µm
_04858_,9.06µm
u_interface.u_gelu_fp32.s1_data\[11\],9.06µm
_03051_,9.05µm
u_interface.fifo_data\[10\]\[16\],9.05µm
_00511_,9.045µm
_02686_,9.04µm
_02699_,9.04µm
_02838_,9.04µm
_03176_,9.04µm
_03656_,9.04µm
_03721_,9.04µm
_04026_,9.04µm
_04030_,9.04µm
_04089_,9.04µm
_04098_,9.04µm
_04171_,9.04µm
_04215_,9.04µm
_04305_,9.04µm
_04560_,9.04µm
_05324_,9.04µm
_05367_,9.04µm
u_interface.fifo_tlast\[8\],9.04µm
u_interface.u_gelu_fp32.u_synth_top.s3_mult\[27\],9.04µm
net947,9.04µm
s_axis_tdata[24],9.03µm
_00936_,9.02µm
_01494_,9.02µm
_01578_,9.02µm
_01848_,9.02µm
_02122_,9.02µm
_03293_,9.02µm
_04135_,9.02µm
_05169_,9.02µm
u_interface.fifo_data\[13\]\[11\],9.02µm
u_interface.fifo_data\[4\]\[7\],9.02µm
u_interface.fifo_data\[8\]\[12\],9.02µm
_03718_,9.015µm
_02669_,9.01µm
_01791_,9µm
_03048_,9µm
_03924_,9µm
_04268_,9µm
_06345_,8.995µm
_02360_,8.98µm
_03632_,8.98µm
_05484_,8.98µm
u_interface.u_gelu_fp32.u_q16_to_fp32.s2_exp\[1\],8.98µm
u_interface.u_gelu_fp32.u_synth_top.s3_mult\[57\],8.98µm
net1355,8.98µm
_02077_,8.96µm
_04452_,8.96µm
_05018_,8.96µm
_06373_,8.96µm
_00160_,8.945µm
_00727_,8.945µm
_01415_,8.94µm
_02245_,8.94µm
_02330_,8.94µm
_02652_,8.94µm
_04245_,8.94µm
_04280_,8.94µm
_04851_,8.94µm
_05359_,8.94µm
_06103_,8.94µm
net1670,8.94µm
_03836_,8.93µm
_00309_,8.925µm
_01430_,8.92µm
_01461_,8.92µm
_03270_,8.92µm
_04389_,8.92µm
_04620_,8.92µm
_05332_,8.92µm
_05471_,8.92µm
_05869_,8.92µm
_06167_,8.92µm
_00246_,8.905µm
_00249_,8.905µm
_00385_,8.905µm
_00390_,8.905µm
_01141_,8.9µm
_01678_,8.9µm
_02073_,8.9µm
_02294_,8.9µm
_02770_,8.9µm
_02844_,8.9µm
_03542_,8.9µm
_04241_,8.9µm
_04548_,8.9µm
_06256_,8.9µm
_06430_,8.9µm
net1746,8.9µm
u_interface.fifo_data\[14\]\[1\],8.89µm
_03507_,8.88µm
_04807_,8.88µm
_00540_,8.865µm
_03262_,8.86µm
_03291_,8.86µm
_04373_,8.86µm
_04910_,8.86µm
_06377_,8.86µm
u_interface.u_gelu_fp32.u_synth_top.s1_x\[25\],8.86µm
net982,8.86µm
net1221,8.86µm
net1253,8.86µm
net1543,8.86µm
_00854_,8.84µm
_00867_,8.84µm
_02608_,8.84µm
_04639_,8.84µm
_05630_,8.84µm
net17,8.84µm
net1544,8.84µm
_02651_,8.82µm
_02847_,8.82µm
_03206_,8.82µm
_03295_,8.82µm
_05013_,8.82µm
_06445_,8.82µm
net1291,8.82µm
_04623_,8.805µm
_02335_,8.8µm
_02448_,8.8µm
_02537_,8.8µm
_02566_,8.8µm
_03021_,8.8µm
_03699_,8.8µm
_03812_,8.8µm
_03875_,8.8µm
_04244_,8.8µm
_04465_,8.8µm
_06119_,8.8µm
net97,8.8µm
_01016_,8.78µm
_01669_,8.78µm
_02535_,8.78µm
_02590_,8.78µm
_02874_,8.78µm
_02951_,8.78µm
_03251_,8.78µm
_03384_,8.78µm
_03773_,8.78µm
_03990_,8.78µm
_04074_,8.78µm
_04283_,8.78µm
_05918_,8.78µm
_05983_,8.78µm
_06489_,8.78µm
u_interface.fifo_data\[11\]\[0\],8.78µm
u_interface.fifo_data\[15\]\[9\],8.78µm
u_interface.fifo_data\[1\]\[20\],8.78µm
u_interface.fifo_tuser\[9\],8.78µm
u_interface.u_gelu_fp32.s2_data\[3\],8.78µm
net1461,8.78µm
net1646,8.78µm
net1674,8.765µm
_00206_,8.76µm
_03982_,8.76µm
net1161,8.76µm
m_axis_tdata[0],8.75µm
m_axis_tdata[15],8.75µm
m_axis_tdata[30],8.75µm
_03957_,8.745µm
_03501_,8.74µm
_04746_,8.74µm
_04985_,8.74µm
_05178_,8.74µm
_05370_,8.74µm
_05445_,8.74µm
_05763_,8.74µm
net1074,8.74µm
net1254,8.74µm
net1388,8.74µm
_02297_,8.73µm
_04096_,8.73µm
_00208_,8.725µm
_00547_,8.725µm
_00607_,8.725µm
_00692_,8.725µm
_01097_,8.725µm
_01262_,8.72µm
_04190_,8.72µm
net832,8.72µm
net843,8.72µm
net849,8.72µm
net853,8.72µm
net856,8.72µm
net858,8.72µm
net861,8.72µm
net865,8.72µm
_04023_,8.715µm
_02164_,8.7µm
_02491_,8.7µm
_02981_,8.7µm
_03622_,8.7µm
_04809_,8.7µm
_05109_,8.7µm
_05111_,8.7µm
_05405_,8.7µm
_06110_,8.7µm
u_interface.fifo_data\[3\]\[18\],8.7µm
u_interface.fifo_data\[7\]\[15\],8.7µm
u_interface.fifo_data\[7\]\[30\],8.7µm
_02975_,8.69µm
_00427_,8.685µm
_01964_,8.68µm
_05184_,8.68µm
_05959_,8.68µm
_01172_,8.66µm
_01803_,8.66µm
_02140_,8.66µm
_02268_,8.66µm
_02823_,8.66µm
_02944_,8.66µm
_02977_,8.66µm
_03070_,8.66µm
_03289_,8.66µm
_03297_,8.66µm
_03600_,8.66µm
_04123_,8.66µm
_04584_,8.66µm
_04702_,8.66µm
_04901_,8.66µm
_05509_,8.66µm
u_interface.fifo_data\[11\]\[22\],8.66µm
u_interface.fifo_data\[1\]\[29\],8.66µm
u_interface.u_gelu_fp32.u_synth_top.s3_mult\[21\],8.66µm
u_interface.u_gelu_fp32.u_q16_to_fp32.s3_norm_mag\[10\],8.655µm
_00477_,8.635µm
_03477_,8.62µm
_04877_,8.62µm
net1078,8.62µm
net1314,8.62µm
_00747_,8.615µm
_00290_,8.605µm
u_interface.fifo_data\[14\]\[13\],8.605µm
_01767_,8.6µm
_02725_,8.6µm
_02740_,8.6µm
_02963_,8.6µm
_04163_,8.6µm
u_interface.u_gelu_fp32.u_synth_top.s1_x\[13\],8.6µm
_02567_,8.58µm
_02888_,8.58µm
_03795_,8.58µm
_04562_,8.58µm
_04727_,8.58µm
_04845_,8.58µm
_04900_,8.58µm
_05099_,8.58µm
_05556_,8.58µm
_05812_,8.58µm
_06233_,8.58µm
_06347_,8.58µm
u_interface.u_gelu_fp32.s2_data\[19\],8.58µm
u_interface.fifo_data\[14\]\[19\],8.57µm
_01013_,8.56µm
_01586_,8.56µm
_01922_,8.56µm
_02303_,8.56µm
_02431_,8.56µm
_02571_,8.56µm
_02711_,8.56µm
_03115_,8.56µm
_03417_,8.56µm
_03967_,8.56µm
_04079_,8.56µm
_04137_,8.56µm
_04372_,8.56µm
_04498_,8.56µm
_05383_,8.56µm
_05844_,8.56µm
u_interface.fifo_data\[1\]\[5\],8.56µm
u_interface.fifo_tuser\[8\],8.56µm
u_interface.u_gelu_fp32.u_fp32_to_q16.s3_frac\[25\],8.56µm
u_interface.u_gelu_fp32.u_q16_to_fp32.s3_norm_mag\[6\],8.56µm
net933,8.56µm
_02750_,8.54µm
_03247_,8.54µm
_04299_,8.54µm
_04474_,8.54µm
_00694_,8.525µm
_01230_,8.52µm
_02704_,8.52µm
_02803_,8.52µm
_03014_,8.52µm
_03705_,8.52µm
_03975_,8.52µm
_04760_,8.52µm
_06455_,8.52µm
net940,8.52µm
net1144,8.52µm
_02667_,8.5µm
_03165_,8.5µm
_03211_,8.5µm
_03369_,8.5µm
_05399_,8.5µm
u_interface.u_gelu_fp32.u_synth_top.s3_mult\[23\],8.5µm
_00072_,8.485µm
_00203_,8.485µm
_00239_,8.485µm
_00258_,8.485µm
_00690_,8.485µm
_01313_,8.48µm
_02410_,8.48µm
_02469_,8.48µm
_03370_,8.48µm
_04363_,8.48µm
u_interface.u_gelu_fp32.u_synth_top.s3_mult\[42\],8.48µm
m_axis_tdata[11],8.47µm
_02199_,8.46µm
_02205_,8.46µm
_02496_,8.46µm
_03388_,8.46µm
_03857_,8.46µm
_03916_,8.46µm
_04278_,8.46µm
_04568_,8.46µm
_05210_,8.46µm
_05295_,8.46µm
_00331_,8.445µm
u_interface.fifo_data\[2\]\[15\],8.445µm
_01295_,8.44µm
_01608_,8.44µm
_01998_,8.44µm
_02530_,8.44µm
_02619_,8.44µm
_02930_,8.44µm
_02992_,8.44µm
_03022_,8.44µm
_03490_,8.44µm
_03673_,8.44µm
_03838_,8.44µm
_04358_,8.44µm
_04413_,8.44µm
_04796_,8.44µm
_04863_,8.44µm
_04879_,8.44µm
_04969_,8.44µm
_04983_,8.44µm
_05176_,8.44µm
_05428_,8.435µm
_01170_,8.42µm
_01472_,8.42µm
_04370_,8.42µm
_04962_,8.42µm
u_interface.u_gelu_fp32.u_synth_top.s3_mult\[39\],8.42µm
_02727_,8.415µm
_02752_,8.4µm
_02819_,8.4µm
_03100_,8.4µm
_03807_,8.4µm
_04269_,8.4µm
_04384_,8.4µm
_05508_,8.4µm
_05529_,8.4µm
net912,8.4µm
u_interface.fifo_data\[10\]\[6\],8.395µm
_02126_,8.38µm
_02153_,8.38µm
_03010_,8.38µm
_03788_,8.38µm
_05077_,8.38µm
net1090,8.38µm
net1107,8.38µm
_01087_,8.365µm
_01706_,8.36µm
_01759_,8.36µm
_03533_,8.36µm
_04001_,8.36µm
_04714_,8.36µm
_05056_,8.36µm
_05087_,8.36µm
u_interface.fifo_data\[11\]\[17\],8.36µm
_04112_,8.35µm
_04143_,8.35µm
u_interface.fifo_data\[2\]\[30\],8.35µm
_01932_,8.34µm
_02475_,8.34µm
_02485_,8.34µm
_02656_,8.34µm
_03695_,8.34µm
_03835_,8.34µm
_03847_,8.34µm
_03851_,8.34µm
_03883_,8.34µm
_04947_,8.34µm
_05275_,8.34µm
_05641_,8.34µm
_06129_,8.34µm
net995,8.34µm
net1176,8.34µm
net1274,8.34µm
u_interface.fifo_data\[10\]\[3\],8.33µm
_00534_,8.325µm
_01496_,8.32µm
_02472_,8.32µm
_02575_,8.32µm
_02976_,8.32µm
_03712_,8.32µm
_04067_,8.32µm
_05575_,8.32µm
u_interface.fifo_data\[12\]\[9\],8.32µm
u_interface.fifo_data\[15\]\[1\],8.32µm
u_interface.fifo_data\[15\]\[5\],8.32µm
u_interface.fifo_data\[4\]\[15\],8.32µm
u_interface.fifo_data\[5\]\[8\],8.32µm
u_interface.u_gelu_fp32.s2_data\[11\],8.32µm
u_interface.u_gelu_fp32.u_fp32_to_q16.s3_frac\[3\],8.32µm
u_interface.u_gelu_fp32.u_synth_top.s3_b\[8\],8.32µm
net1379,8.315µm
_00940_,8.305µm
_00570_,8.3µm
_00977_,8.3µm
_01550_,8.3µm
_05673_,8.3µm
net983,8.3µm
net1199,8.3µm
net1273,8.3µm
net1401,8.3µm
_01113_,8.28µm
_04203_,8.28µm
_06318_,8.28µm
net1188,8.28µm
_03494_,8.275µm
net188,8.27µm
_00051_,8.265µm
_00257_,8.265µm
_00877_,8.265µm
_01076_,8.265µm
_03101_,8.26µm
_03762_,8.26µm
_05172_,8.26µm
_01480_,8.24µm
_02726_,8.24µm
_02794_,8.24µm
_02958_,8.24µm
_04132_,8.24µm
_04207_,8.24µm
_04604_,8.24µm
_04992_,8.24µm
_05012_,8.24µm
_05173_,8.24µm
_06017_,8.24µm
u_interface.u_gelu_fp32.s2_data\[12\],8.24µm
net1718,8.24µm
_00048_,8.225µm
_00188_,8.225µm
_00224_,8.225µm
_00267_,8.225µm
_00375_,8.225µm
_00604_,8.225µm
_00630_,8.225µm
_01708_,8.225µm
_03111_,8.22µm
_04674_,8.22µm
_05141_,8.22µm
_00318_,8.205µm
_01075_,8.205µm
u_interface.fifo_data\[2\]\[7\],8.205µm
_01713_,8.2µm
_01899_,8.2µm
_03140_,8.2µm
_03386_,8.2µm
_03652_,8.2µm
_04432_,8.2µm
_04622_,8.2µm
_05063_,8.2µm
_05270_,8.2µm
_06235_,8.2µm
_06269_,8.2µm
u_interface.fifo_data\[0\]\[4\],8.2µm
net13,8.2µm
net1470,8.2µm
_00040_,8.195µm
_00304_,8.195µm
_00531_,8.185µm
net1299,8.18µm
_00118_,8.165µm
_04553_,8.16µm
_05774_,8.16µm
u_interface.fifo_tuser\[3\],8.16µm
net1503,8.16µm
_00982_,8.155µm
net896,8.155µm
_03267_,8.14µm
_04685_,8.14µm
_05988_,8.14µm
_06461_,8.14µm
u_interface.u_gelu_fp32.u_synth_top.s2_b\[4\],8.14µm
net1733,8.14µm
_02108_,8.12µm
_02279_,8.12µm
_02900_,8.12µm
_03502_,8.12µm
_03837_,8.12µm
_03890_,8.12µm
_04052_,8.12µm
_04270_,8.12µm
_04395_,8.12µm
_04558_,8.12µm
_04830_,8.12µm
_04860_,8.12µm
_05218_,8.12µm
_05308_,8.12µm
_05570_,8.12µm
_05657_,8.12µm
_05791_,8.12µm
_05858_,8.12µm
_05940_,8.12µm
_06244_,8.12µm
u_interface.fifo_data\[15\]\[13\],8.12µm
_03496_,8.115µm
u_interface.fifo_tuser\[10\],8.115µm
_01398_,8.1µm
_01540_,8.1µm
_01629_,8.1µm
_01681_,8.1µm
_01917_,8.1µm
_02313_,8.1µm
_02822_,8.1µm
_03102_,8.1µm
_03509_,8.1µm
_03681_,8.1µm
_04034_,8.1µm
_04083_,8.1µm
_05970_,8.1µm
_05984_,8.1µm
_06271_,8.1µm
u_interface.fifo_data\[13\]\[22\],8.1µm
net1528,8.1µm
_02033_,8.095µm
_00389_,8.085µm
_00798_,8.085µm
_04882_,8.08µm
_05130_,8.08µm
_00035_,8.065µm
_00201_,8.065µm
_01085_,8.065µm
_02446_,8.06µm
_02904_,8.06µm
_02950_,8.06µm
_03351_,8.06µm
_03455_,8.06µm
u_interface.core_data_out\[18\],8.06µm
u_interface.u_gelu_fp32.u_q16_to_fp32.s2_exp\[4\],8.06µm
u_interface.u_gelu_fp32.u_synth_top.s3_mult\[31\],8.06µm
net1547,8.06µm
net1596,8.06µm
_00781_,8.055µm
_05613_,8.04µm
_06015_,8.04µm
_00441_,8.035µm
_00159_,8.025µm
_00380_,8.025µm
_01423_,8.02µm
_01997_,8.02µm
_02310_,8.02µm
_03167_,8.02µm
_03319_,8.02µm
_03867_,8.02µm
_04221_,8.02µm
_04276_,8.02µm
_04678_,8.02µm
_05715_,8.02µm
_06410_,8.02µm
u_interface.u_gelu_fp32.u_synth_top.s3_b\[7\],8.02µm
_00932_,8.005µm
_03817_,8µm
_04045_,8µm
_04425_,8µm
_05596_,8µm
_05780_,8µm
_06097_,8µm
_00325_,7.985µm
_01310_,7.98µm
_02000_,7.98µm
_02027_,7.98µm
_02206_,7.98µm
_02292_,7.98µm
_02558_,7.98µm
_03686_,7.98µm
_04319_,7.98µm
_04700_,7.98µm
_05664_,7.98µm
_05861_,7.98µm
_06173_,7.98µm
_06255_,7.98µm
u_interface.u_gelu_fp32.s2_data\[5\],7.98µm
net1001,7.98µm
net1289,7.98µm
net1349,7.98µm
net1771,7.98µm
_01941_,7.96µm
_02017_,7.96µm
_03361_,7.96µm
_04513_,7.96µm
_04630_,7.96µm
_04828_,7.96µm
_01268_,7.94µm
_02364_,7.94µm
_03313_,7.94µm
_03536_,7.94µm
_05645_,7.94µm
_05757_,7.94µm
net1015,7.94µm
net1193,7.94µm
net1311,7.94µm
net1762,7.94µm
_02969_,7.925µm
_01028_,7.92µm
_03139_,7.92µm
_04431_,7.92µm
net1688,7.92µm
_00322_,7.905µm
net1399,7.905µm
_01468_,7.9µm
_02169_,7.9µm
_02497_,7.9µm
_02767_,7.9µm
_02945_,7.9µm
_03005_,7.9µm
_03305_,7.9µm
_04219_,7.9µm
_04286_,7.9µm
_04366_,7.9µm
_04581_,7.9µm
_05107_,7.9µm
_05143_,7.9µm
_05164_,7.9µm
_05345_,7.9µm
_05680_,7.9µm
_06115_,7.9µm
_06127_,7.9µm
net1172,7.9µm
net1290,7.9µm
u_interface.fifo_data\[6\]\[6\],7.89µm
net950,7.89µm
_00776_,7.885µm
_00848_,7.88µm
_00852_,7.88µm
_01490_,7.88µm
_01551_,7.88µm
_03557_,7.88µm
_03839_,7.88µm
_04108_,7.88µm
_04382_,7.88µm
_04575_,7.88µm
_04833_,7.88µm
_05071_,7.88µm
_05802_,7.88µm
u_interface.u_gelu_fp32.u_fp32_to_q16.s1_mant\[0\],7.88µm
net1238,7.88µm
_00204_,7.865µm
_02776_,7.865µm
_00583_,7.86µm
_02801_,7.86µm
_02832_,7.86µm
_03425_,7.86µm
_03732_,7.86µm
_04141_,7.86µm
_04285_,7.86µm
_04471_,7.86µm
_04651_,7.86µm
_04744_,7.86µm
_06231_,7.86µm
u_interface.fifo_data\[1\]\[18\],7.86µm
u_interface.fifo_data\[1\]\[25\],7.86µm
u_interface.fifo_data\[4\]\[14\],7.86µm
u_interface.fifo_data\[4\]\[31\],7.86µm
u_interface.fifo_data\[9\]\[22\],7.86µm
u_interface.fifo_tlast\[3\],7.86µm
_04898_,7.855µm
net1130,7.84µm
net1472,7.84µm
net1080,7.82µm
net1319,7.82µm
net881,7.815µm
_01952_,7.8µm
_03155_,7.8µm
_05102_,7.785µm
_01736_,7.78µm
_02344_,7.78µm
_02766_,7.78µm
_03225_,7.78µm
_03397_,7.78µm
_03535_,7.78µm
_03710_,7.78µm
_03813_,7.78µm
_04069_,7.78µm
_04257_,7.78µm
_04294_,7.78µm
_04456_,7.78µm
_04477_,7.78µm
_04511_,7.78µm
_04573_,7.78µm
_04636_,7.78µm
_04854_,7.78µm
_04933_,7.78µm
_05897_,7.78µm
net1597,7.78µm
net1607,7.78µm
_00293_,7.765µm
_00579_,7.765µm
net887,7.765µm
_02929_,7.76µm
_03175_,7.76µm
_03204_,7.76µm
_03471_,7.76µm
_03748_,7.76µm
_04403_,7.76µm
_04629_,7.76µm
net1140,7.76µm
_01110_,7.74µm
_02072_,7.74µm
_02524_,7.74µm
_03073_,7.74µm
_03630_,7.74µm
_03909_,7.74µm
_04423_,7.74µm
_05507_,7.74µm
_06253_,7.74µm
u_interface.u_gelu_fp32.u_q16_to_fp32.s3_norm_mag\[2\],7.74µm
u_interface.u_gelu_fp32.u_synth_top.s3_mult\[37\],7.74µm
_01014_,7.7µm
_03285_,7.7µm
_03463_,7.7µm
_04243_,7.7µm
_06276_,7.7µm
net1418,7.7µm
net1446,7.7µm
_00984_,7.695µm
_00922_,7.685µm
_01864_,7.68µm
_02817_,7.68µm
_03200_,7.68µm
u_interface.meta_tlast_pipe\[8\],7.68µm
u_interface.meta_tuser_pipe\[4\],7.68µm
u_interface.u_gelu_fp32.u_fp32_to_q16.s2_valid,7.68µm
u_interface.u_gelu_fp32.u_synth_top.s2_dx\[20\],7.68µm
net1593,7.68µm
_01116_,7.66µm
_02549_,7.66µm
_02837_,7.66µm
_03560_,7.66µm
_03792_,7.66µm
_03959_,7.66µm
_04038_,7.66µm
_04680_,7.66µm
_04897_,7.66µm
_05360_,7.66µm
_05814_,7.66µm
_06069_,7.66µm
_06172_,7.66µm
net1087,7.66µm
_01436_,7.65µm
_00695_,7.645µm
_01006_,7.64µm
_02495_,7.64µm
_03396_,7.64µm
_03669_,7.64µm
_04063_,7.64µm
_04551_,7.64µm
_06038_,7.64µm
u_interface.fifo_data\[3\]\[27\],7.64µm
u_interface.fifo_data\[9\]\[13\],7.64µm
u_interface.u_gelu_fp32.s2_valid,7.64µm
u_interface.u_gelu_fp32.u_fp32_to_q16.s1_exp\[6\],7.64µm
u_interface.u_gelu_fp32.u_fp32_to_q16.s1_mant\[12\],7.64µm
net181,7.64µm
_02848_,7.62µm
_00106_,7.605µm
_00120_,7.605µm
_00039_,7.6µm
_01290_,7.6µm
_01698_,7.6µm
_06203_,7.6µm
net1327,7.6µm
net1555,7.6µm
_02479_,7.58µm
_03940_,7.58µm
_04311_,7.58µm
_00306_,7.565µm
_00321_,7.565µm
_00846_,7.565µm
net1713,7.565µm
_02141_,7.56µm
_02338_,7.56µm
_03943_,7.56µm
_04615_,7.56µm
_04837_,7.56µm
_05139_,7.56µm
_05495_,7.56µm
_05515_,7.56µm
_05848_,7.56µm
_06023_,7.56µm
net1241,7.56µm
net1321,7.56µm
net1668,7.56µm
_00270_,7.555µm
_00498_,7.545µm
_00760_,7.545µm
_02552_,7.54µm
_02691_,7.54µm
_03409_,7.54µm
_03833_,7.54µm
_04033_,7.54µm
_05015_,7.54µm
_05152_,7.54µm
_05601_,7.54µm
_05930_,7.54µm
_06134_,7.54µm
_00207_,7.525µm
_00225_,7.525µm
_00653_,7.525µm
_01103_,7.52µm
_02876_,7.52µm
_02994_,7.52µm
_03342_,7.52µm
_03559_,7.52µm
_04169_,7.52µm
_04371_,7.52µm
_04827_,7.52µm
_05362_,7.52µm
_05700_,7.52µm
_05910_,7.52µm
_06111_,7.52µm
_06208_,7.52µm
_06245_,7.52µm
u_interface.u_gelu_fp32.s2_data\[9\],7.52µm
net1296,7.52µm
net1390,7.52µm
_03205_,7.51µm
_01437_,7.5µm
_05364_,7.5µm
_05684_,7.5µm
_02060_,7.48µm
_02459_,7.48µm
_03229_,7.48µm
net1058,7.48µm
net1167,7.48µm
net1477,7.48µm
_00812_,7.46µm
_00855_,7.46µm
_00976_,7.46µm
_03831_,7.46µm
_03983_,7.46µm
_06007_,7.46µm
_06182_,7.46µm
_06403_,7.46µm
u_interface.meta_tlast_pipe\[2\],7.46µm
net1150,7.46µm
net1163,7.46µm
_01316_,7.44µm
_01572_,7.44µm
_02352_,7.44µm
_03316_,7.44µm
_03352_,7.44µm
_03398_,7.44µm
_03624_,7.44µm
_04338_,7.44µm
_04595_,7.44µm
_05040_,7.44µm
_05186_,7.44µm
_06098_,7.44µm
_06484_,7.44µm
u_interface.fifo_data\[12\]\[11\],7.44µm
u_interface.u_gelu_fp32.u_synth_top.s3_mult\[26\],7.44µm
net1157,7.44µm
net1211,7.44µm
_02570_,7.435µm
net1585,7.435µm
_03454_,7.42µm
_03640_,7.42µm
_03644_,7.42µm
_04657_,7.42µm
_05518_,7.41µm
_03053_,7.4µm
_03896_,7.4µm
_03955_,7.4µm
_03960_,7.4µm
_05717_,7.4µm
_05975_,7.4µm
_06114_,7.4µm
_06486_,7.4µm
u_interface.fifo_data\[13\]\[27\],7.4µm
u_interface.fifo_data\[4\]\[19\],7.4µm
u_interface.fifo_data\[8\]\[4\],7.4µm
net937,7.4µm
net1515,7.4µm
_00056_,7.385µm
_00168_,7.385µm
_00190_,7.385µm
_00423_,7.385µm
_04133_,7.38µm
net1065,7.38µm
net1072,7.38µm
net1212,7.38µm
net1519,7.38µm
net1537,7.38µm
_05049_,7.37µm
_06083_,7.36µm
net1496,7.36µm
net1672,7.36µm
_00459_,7.355µm
_05998_,7.35µm
_00585_,7.345µm
_00963_,7.345µm
net935,7.345µm
_01455_,7.34µm
_01771_,7.34µm
_03922_,7.34µm
_04024_,7.34µm
_05469_,7.34µm
_05470_,7.34µm
_05726_,7.34µm
net1493,7.34µm
net1529,7.34µm
_01102_,7.32µm
_01432_,7.32µm
_01796_,7.32µm
_02377_,7.32µm
_02470_,7.32µm
_02680_,7.32µm
_02785_,7.32µm
_02792_,7.32µm
_03665_,7.32µm
_03923_,7.32µm
_03944_,7.32µm
_04644_,7.32µm
_05691_,7.32µm
_05854_,7.32µm
_00187_,7.305µm
_00330_,7.305µm
_00578_,7.305µm
_00592_,7.305µm
_00611_,7.305µm
_00842_,7.305µm
_00843_,7.305µm
_04485_,7.3µm
net1040,7.3µm
net1180,7.3µm
_00016_,7.295µm
_00992_,7.285µm
_02155_,7.28µm
_02476_,7.28µm
_03653_,7.28µm
_03749_,7.28µm
_03936_,7.28µm
_04228_,7.28µm
_04949_,7.28µm
_04965_,7.28µm
_05279_,7.28µm
_05355_,7.28µm
_06163_,7.28µm
net94,7.28µm
net1303,7.275µm
_02477_,7.26µm
_00749_,7.245µm
_00753_,7.245µm
_01000_,7.24µm
_03996_,7.24µm
_04156_,7.24µm
_04564_,7.24µm
_05475_,7.24µm
_00780_,7.225µm
_00755_,7.22µm
_01118_,7.22µm
_01368_,7.22µm
_01976_,7.22µm
_03017_,7.22µm
_03711_,7.22µm
_04522_,7.22µm
_04661_,7.22µm
_04887_,7.22µm
_05203_,7.22µm
_05522_,7.22µm
_06372_,7.22µm
_06466_,7.22µm
u_interface.fifo_data\[4\]\[26\],7.22µm
u_interface.meta_tuser_pipe\[3\],7.22µm
net60,7.22µm
net924,7.22µm
net1603,7.22µm
_00573_,7.205µm
_01487_,7.2µm
_01893_,7.2µm
_02465_,7.2µm
_03218_,7.2µm
_03466_,7.2µm
_04621_,7.2µm
_04696_,7.2µm
_05318_,7.2µm
_05353_,7.2µm
_05667_,7.2µm
_05671_,7.2µm
_05713_,7.2µm
_05871_,7.2µm
_06156_,7.2µm
u_interface.fifo_tuser\[11\],7.2µm
_00010_,7.185µm
_00890_,7.18µm
_00895_,7.18µm
_00933_,7.18µm
_01405_,7.18µm
_01538_,7.18µm
_01813_,7.18µm
_01853_,7.18µm
_01903_,7.18µm
_01982_,7.18µm
_02180_,7.18µm
_02545_,7.18µm
_02582_,7.18µm
_02719_,7.18µm
_03228_,7.18µm
_04512_,7.18µm
_05598_,7.18µm
_05881_,7.18µm
_06082_,7.18µm
u_interface.fifo_data\[0\]\[25\],7.18µm
net965,7.18µm
net1231,7.18µm
net1264,7.18µm
_00840_,7.165µm
_00910_,7.165µm
_03214_,7.16µm
_05589_,7.16µm
net175,7.16µm
_00259_,7.145µm
_00261_,7.145µm
_00393_,7.145µm
_00406_,7.145µm
_00453_,7.145µm
_00594_,7.145µm
_00600_,7.145µm
_00603_,7.145µm
_00714_,7.145µm
_01065_,7.145µm
_00883_,7.14µm
_01384_,7.14µm
net1348,7.14µm
_02064_,7.135µm
_00263_,7.125µm
_02258_,7.12µm
_02641_,7.12µm
_03378_,7.12µm
_05207_,7.12µm
_05882_,7.12µm
m_axis_tdata[14],7.11µm
_00378_,7.105µm
_00401_,7.105µm
_00457_,7.105µm
_00916_,7.105µm
_01801_,7.105µm
_01319_,7.1µm
_01343_,7.1µm
_01754_,7.1µm
_01826_,7.1µm
_02312_,7.1µm
_02415_,7.1µm
_02474_,7.1µm
_03303_,7.1µm
_03928_,7.1µm
_04095_,7.1µm
_04148_,7.1µm
_04537_,7.1µm
_04694_,7.1µm
_05159_,7.1µm
_06003_,7.1µm
net30,7.1µm
net65,7.1µm
net928,7.1µm
net1028,7.1µm
net1552,7.1µm
_00927_,7.08µm
_02757_,7.08µm
_02937_,7.08µm
_03373_,7.08µm
_03882_,7.08µm
_04712_,7.08µm
_05016_,7.08µm
_05276_,7.08µm
_05427_,7.08µm
_05836_,7.08µm
_06474_,7.08µm
_06481_,7.08µm
net977,7.08µm
_01156_,7.06µm
_01443_,7.06µm
_02185_,7.06µm
_02605_,7.06µm
_03184_,7.06µm
_03371_,7.06µm
_03581_,7.06µm
_03672_,7.06µm
_03690_,7.06µm
_03840_,7.06µm
_03929_,7.06µm
_04347_,7.06µm
_04587_,7.06µm
_05080_,7.06µm
_05081_,7.06µm
_05560_,7.06µm
_05898_,7.06µm
_06085_,7.06µm
_06291_,7.06µm
u_interface.fifo_data\[11\]\[31\],7.06µm
u_interface.u_gelu_fp32.u_fp32_to_q16.s3_frac\[18\],7.06µm
net172,7.06µm
net917,7.06µm
net1026,7.06µm
net1116,7.06µm
net1556,7.06µm
net1692,7.06µm
_00107_,7.045µm
_01088_,7.045µm
_02923_,7.04µm
_04411_,7.04µm
_05051_,7.03µm
_00217_,7.025µm
_00605_,7.025µm
s_axis_tdata[25],7.01µm
_00505_,7.005µm
_00838_,7µm
_04428_,7µm
_05350_,7µm
_06198_,7µm
net1115,7µm
net1270,7µm
net1557,7µm
net1620,7µm
_00291_,6.985µm
_00550_,6.985µm
_01111_,6.98µm
_01135_,6.98µm
_01873_,6.98µm
_02123_,6.98µm
_02508_,6.98µm
_02821_,6.98µm
_03045_,6.98µm
_03067_,6.98µm
_03275_,6.98µm
_03320_,6.98µm
_04058_,6.98µm
_04080_,6.98µm
_04348_,6.98µm
_04442_,6.98µm
_04654_,6.98µm
_04977_,6.98µm
_06117_,6.98µm
_06142_,6.98µm
_06148_,6.98µm
_06164_,6.98µm
u_interface.u_gelu_fp32.s2_data\[23\],6.98µm
net1638,6.98µm
_00172_,6.96µm
_00517_,6.96µm
_00965_,6.96µm
_01033_,6.96µm
_01582_,6.96µm
_02314_,6.96µm
_02673_,6.96µm
_02942_,6.96µm
_03475_,6.96µm
_04272_,6.96µm
_04751_,6.96µm
_05254_,6.96µm
_00789_,6.955µm
_03963_,6.955µm
_01158_,6.945µm
_02591_,6.94µm
_02645_,6.94µm
_02891_,6.94µm
_03428_,6.94µm
_04140_,6.94µm
_04703_,6.94µm
_04938_,6.94µm
_06213_,6.94µm
_06240_,6.94µm
u_interface.fifo_data\[15\]\[19\],6.94µm
_00245_,6.925µm
_01026_,6.925µm
_01093_,6.925µm
net90,6.92µm
net1089,6.92µm
net1121,6.92µm
net1288,6.92µm
net1329,6.92µm
net1378,6.92µm
net1385,6.92µm
net1405,6.92µm
net1432,6.92µm
net1476,6.92µm
_00862_,6.915µm
_01587_,6.9µm
_03125_,6.9µm
net1099,6.9µm
m_axis_tdata[25],6.89µm
_00256_,6.885µm
_00366_,6.885µm
_00562_,6.885µm
_00732_,6.885µm
_01066_,6.885µm
_03042_,6.88µm
_03514_,6.88µm
_04475_,6.88µm
_04610_,6.88µm
_05339_,6.88µm
_06209_,6.88µm
u_interface.u_gelu_fp32.u_synth_top.s1_x\[17\],6.88µm
_05540_,6.87µm
_00215_,6.865µm
_01164_,6.86µm
_02547_,6.86µm
_02565_,6.86µm
_02670_,6.86µm
_02705_,6.86µm
_02791_,6.86µm
_02851_,6.86µm
_03492_,6.86µm
_03796_,6.86µm
_04619_,6.86µm
_04988_,6.86µm
_05113_,6.86µm
_05303_,6.86µm
_05396_,6.86µm
_05993_,6.86µm
_06049_,6.86µm
_06136_,6.86µm
u_interface.u_gelu_fp32.u_synth_top.s2_dx\[24\],6.86µm
_00230_,6.845µm
_03098_,6.84µm
_03828_,6.84µm
_04106_,6.84µm
_04128_,6.84µm
_04252_,6.84µm
_04717_,6.84µm
_04784_,6.84µm
_00109_,6.825µm
_00132_,6.825µm
_00158_,6.825µm
_00173_,6.825µm
_00209_,6.825µm
_00376_,6.825µm
_00629_,6.825µm
_00633_,6.825µm
_00723_,6.825µm
_01030_,6.825µm
_01885_,6.82µm
_05660_,6.82µm
_06202_,6.82µm
net1041,6.82µm
net1622,6.805µm
_01294_,6.78µm
_01352_,6.78µm
_01486_,6.78µm
_03803_,6.78µm
_05231_,6.78µm
_05543_,6.78µm
_05838_,6.78µm
_05926_,6.78µm
_06146_,6.78µm
m_axis_tdata[29],6.77µm
_00899_,6.76µm
_01152_,6.76µm
_01835_,6.76µm
_02321_,6.76µm
_03071_,6.76µm
_03286_,6.76µm
_03680_,6.76µm
_03692_,6.76µm
_04049_,6.76µm
_05166_,6.76µm
_05688_,6.76µm
_05828_,6.76µm
_06032_,6.76µm
_06036_,6.76µm
u_interface.u_gelu_fp32.s2_data\[28\],6.76µm
u_interface.u_gelu_fp32.u_synth_top.s1_x\[4\],6.76µm
net19,6.76µm
net1542,6.76µm
_05003_,6.75µm
_01068_,6.745µm
_00998_,6.74µm
_01475_,6.74µm
_02666_,6.74µm
_02884_,6.74µm
_03279_,6.74µm
_03326_,6.74µm
_03379_,6.74µm
_03908_,6.74µm
_03930_,6.74µm
_04314_,6.74µm
_04779_,6.74µm
_04896_,6.74µm
_05476_,6.74µm
_05569_,6.74µm
_05653_,6.74µm
_06161_,6.74µm
_06212_,6.74µm
_06214_,6.74µm
net1124,6.74µm
_00494_,6.735µm
_00897_,6.72µm
_01500_,6.72µm
_01560_,6.72µm
_02105_,6.72µm
_02165_,6.72µm
_02231_,6.72µm
_02572_,6.72µm
_02895_,6.72µm
_03512_,6.72µm
_03984_,6.72µm
_04606_,6.72µm
_05949_,6.72µm
u_interface.fifo_data\[13\]\[8\],6.72µm
u_interface.fifo_data\[7\]\[7\],6.72µm
u_interface.fifo_data\[8\]\[8\],6.72µm
u_interface.u_gelu_fp32.u_synth_top.s1_x\[5\],6.72µm
net12,6.72µm
net102,6.72µm
_00179_,6.705µm
_00243_,6.705µm
_00317_,6.705µm
_00644_,6.705µm
_00939_,6.705µm
_02016_,6.7µm
_02079_,6.7µm
_04197_,6.7µm
_00340_,6.695µm
_01090_,6.695µm
_00140_,6.685µm
_00156_,6.685µm
_00221_,6.685µm
_00428_,6.685µm
_00542_,6.685µm
_00641_,6.685µm
_00865_,6.685µm
net1334,6.685µm
_03037_,6.68µm
_02319_,6.675µm
net837,6.67µm
_03000_,6.66µm
_03727_,6.66µm
_05181_,6.66µm
_05448_,6.66µm
_06308_,6.66µm
_06393_,6.66µm
net187,6.66µm
_00061_,6.645µm
_00326_,6.645µm
_00351_,6.645µm
_00381_,6.645µm
_00394_,6.645µm
_00422_,6.645µm
_01011_,6.64µm
_02074_,6.64µm
_02148_,6.64µm
_02595_,6.64µm
_03208_,6.64µm
_03480_,6.64µm
_03498_,6.64µm
_03854_,6.64µm
_03921_,6.64µm
_04597_,6.64µm
_04767_,6.64µm
_04810_,6.64µm
_04855_,6.64µm
_04857_,6.64µm
_04984_,6.64µm
_05069_,6.64µm
_05140_,6.64µm
_05171_,6.64µm
_05510_,6.64µm
_05851_,6.64µm
_05852_,6.64µm
_06045_,6.64µm
_06077_,6.64µm
_06091_,6.64µm
u_interface.fifo_data\[5\]\[13\],6.64µm
net1509,6.64µm
net1525,6.64µm
_00301_,6.625µm
_03221_,6.625µm
_00279_,6.62µm
_03178_,6.62µm
_03599_,6.62µm
_04406_,6.62µm
_04447_,6.62µm
_05251_,6.62µm
_05678_,6.62µm
_06107_,6.62µm
net871,6.62µm
_00002_,6.6µm
_01413_,6.6µm
_01832_,6.6µm
_02346_,6.6µm
_02389_,6.6µm
_02675_,6.6µm
_02841_,6.6µm
_02918_,6.6µm
_03290_,6.6µm
_03382_,6.6µm
_03407_,6.6µm
_03420_,6.6µm
_04506_,6.6µm
_04957_,6.6µm
_06294_,6.6µm
_06340_,6.6µm
u_interface.u_gelu_fp32.u_fp32_to_q16.s3_frac\[10\],6.6µm
net944,6.6µm
net1036,6.6µm
net1279,6.6µm
net1305,6.6µm
_02070_,6.58µm
_06496_,6.58µm
_05894_,6.56µm
_00200_,6.54µm
_00875_,6.54µm
_02499_,6.54µm
_05652_,6.54µm
net64,6.54µm
net969,6.54µm
net1093,6.54µm
net1239,6.54µm
_00066_,6.525µm
_00574_,6.525µm
_00638_,6.525µm
_00756_,6.525µm
_01079_,6.525µm
_01096_,6.525µm
_02051_,6.525µm
_02179_,6.52µm
_02387_,6.52µm
_02460_,6.52µm
_02471_,6.52µm
_02665_,6.52µm
_03467_,6.52µm
_03677_,6.52µm
_03946_,6.52µm
_04472_,6.52µm
_04547_,6.52µm
_04593_,6.52µm
_04989_,6.52µm
_05517_,6.52µm
_05962_,6.52µm
u_interface.fifo_data\[4\]\[12\],6.52µm
_00593_,6.5µm
_03151_,6.5µm
_03769_,6.5µm
_04561_,6.5µm
_04578_,6.5µm
_04734_,6.5µm
_05616_,6.5µm
net1175,6.5µm
net1226,6.5µm
_05151_,6.495µm
_00660_,6.485µm
_01058_,6.485µm
_01153_,6.48µm
_01200_,6.48µm
_01444_,6.48µm
_01748_,6.48µm
_02604_,6.48µm
_02934_,6.48µm
_03192_,6.48µm
_03708_,6.48µm
_03861_,6.48µm
_04368_,6.48µm
_04865_,6.48µm
_05334_,6.48µm
_06352_,6.48µm
net1548,6.48µm
_00244_,6.465µm
_00421_,6.465µm
_00598_,6.465µm
_00602_,6.465µm
_01081_,6.465µm
_01250_,6.44µm
_01304_,6.44µm
net1361,6.44µm
net1471,6.44µm
net1567,6.44µm
net1569,6.44µm
net1577,6.44µm
net1779,6.44µm
_00697_,6.425µm
_00969_,6.425µm
_01831_,6.42µm
_02020_,6.42µm
_04345_,6.42µm
_05432_,6.42µm
_02036_,6.4µm
_02269_,6.4µm
_02885_,6.4µm
_02892_,6.4µm
_02927_,6.4µm
_02982_,6.4µm
_03020_,6.4µm
_03760_,6.4µm
_04253_,6.4µm
_04323_,6.4µm
_04467_,6.4µm
_05391_,6.4µm
_05687_,6.4µm
_05709_,6.4µm
_05760_,6.4µm
_05823_,6.4µm
_06009_,6.4µm
_06149_,6.4µm
_06207_,6.4µm
u_interface.fifo_data\[8\]\[23\],6.4µm
net1654,6.4µm
_00994_,6.385µm
_01225_,6.38µm
_03353_,6.38µm
_05847_,6.38µm
_00041_,6.365µm
_00069_,6.365µm
_00089_,6.365µm
_00094_,6.365µm
_00161_,6.365µm
_00164_,6.365µm
_00184_,6.365µm
_00186_,6.365µm
_00198_,6.365µm
_00236_,6.365µm
_00247_,6.365µm
_00377_,6.365µm
_00411_,6.365µm
_00556_,6.365µm
_00619_,6.365µm
_00627_,6.365µm
_00652_,6.365µm
_00689_,6.365µm
_01074_,6.365µm
_01083_,6.365µm
_04731_,6.36µm
_05590_,6.36µm
_05784_,6.36µm
net1561,6.36µm
_00281_,6.355µm
_01092_,6.345µm
net1613,6.345µm
net1664,6.345µm
_02444_,6.33µm
_05712_,6.32µm
_05904_,6.32µm
_06246_,6.32µm
u_interface.u_gelu_fp32.s2_data\[6\],6.32µm
net1588,6.32µm
rst,6.31µm
s_axis_tdata[27],6.31µm
s_axis_tdata[29],6.31µm
_00924_,6.305µm
_02272_,6.305µm
_01002_,6.3µm
_01484_,6.3µm
_01992_,6.3µm
_02324_,6.3µm
_04155_,6.3µm
_04209_,6.3µm
_05306_,6.3µm
_05527_,6.3µm
_06431_,6.3µm
_06472_,6.3µm
u_interface.u_gelu_fp32.u_synth_top.s1_x\[12\],6.3µm
u_interface.u_gelu_fp32.u_synth_top.s1_x\[3\],6.3µm
net1426,6.3µm
net1766,6.3µm
_00530_,6.285µm
_00576_,6.285µm
_00717_,6.285µm
_02087_,6.28µm
_02450_,6.28µm
_02632_,6.28µm
_02650_,6.28µm
_03276_,6.28µm
_03311_,6.28µm
_04291_,6.28µm
_04532_,6.28µm
_04563_,6.28µm
_04753_,6.28µm
_04866_,6.28µm
_04931_,6.28µm
_05068_,6.28µm
_05119_,6.28µm
_05127_,6.28µm
_05194_,6.28µm
_05395_,6.28µm
_05491_,6.28µm
_05532_,6.28µm
_05573_,6.28µm
_05728_,6.28µm
_05821_,6.28µm
_05942_,6.28µm
u_interface.u_gelu_fp32.u_synth_top.s3_b\[3\],6.28µm
u_interface.u_gelu_fp32.u_synth_top.s3_mult\[25\],6.28µm
_01279_,6.26µm
_01481_,6.26µm
_02203_,6.26µm
_02265_,6.26µm
_02441_,6.26µm
_02489_,6.26µm
_02790_,6.26µm
_03016_,6.26µm
_03028_,6.26µm
_03148_,6.26µm
_03269_,6.26µm
_04609_,6.26µm
_05126_,6.26µm
_05752_,6.26µm
_06046_,6.26µm
_06247_,6.26µm
u_interface.fifo_data\[3\]\[26\],6.26µm
net171,6.26µm
net1694,6.26µm
net1697,6.26µm
_00806_,6.245µm
_00835_,6.245µm
_03182_,6.24µm
_00042_,6.225µm
_00093_,6.225µm
_00122_,6.225µm
_00424_,6.225µm
_00462_,6.225µm
_00489_,6.225µm
_00639_,6.225µm
_01086_,6.225µm
_03736_,6.225µm
net961,6.225µm
_02805_,6.22µm
_00485_,6.205µm
_02178_,6.205µm
_01840_,6.2µm
_02657_,6.2µm
_03085_,6.2µm
_04461_,6.2µm
_04627_,6.2µm
_05158_,6.2µm
_05215_,6.2µm
_05600_,6.2µm
_05609_,6.2µm
_06074_,6.2µm
u_interface.u_gelu_fp32.u_fp32_to_q16.s3_frac\[29\],6.2µm
_04189_,6.19µm
_00083_,6.185µm
_00117_,6.185µm
_00251_,6.185µm
_00410_,6.185µm
_00412_,6.185µm
_00532_,6.185µm
_00730_,6.185µm
_00763_,6.185µm
_00844_,6.185µm
_01207_,6.18µm
_01459_,6.18µm
_01492_,6.18µm
_01954_,6.18µm
_02043_,6.18µm
_02054_,6.18µm
_02177_,6.18µm
_02375_,6.18µm
_02505_,6.18µm
_02741_,6.18µm
_02886_,6.18µm
_02903_,6.18µm
_03565_,6.18µm
_04669_,6.18µm
_04820_,6.18µm
_04868_,6.18µm
_05190_,6.18µm
_05346_,6.18µm
_05572_,6.18µm
_05754_,6.18µm
_05865_,6.18µm
_06181_,6.18µm
_06394_,6.18µm
u_interface.u_gelu_fp32.u_q16_to_fp32.s3_is_zero,6.18µm
u_interface.u_gelu_fp32.u_synth_top.s3_mult\[20\],6.18µm
net71,6.18µm
net1627,6.18µm
net1643,6.18µm
net1652,6.18µm
_00006_,6.165µm
_00520_,6.165µm
_02996_,6.16µm
_03194_,6.16µm
_03449_,6.16µm
_04142_,6.16µm
_04312_,6.16µm
_04523_,6.16µm
_04586_,6.16µm
_05220_,6.16µm
_05242_,6.16µm
_05901_,6.16µm
_01123_,6.14µm
_01489_,6.14µm
_01649_,6.14µm
_01720_,6.14µm
_01947_,6.14µm
_02029_,6.14µm
_02282_,6.14µm
_02732_,6.14µm
_02748_,6.14µm
_02827_,6.14µm
_03548_,6.14µm
_03635_,6.14µm
_03961_,6.14µm
_04282_,6.14µm
_04469_,6.14µm
_04628_,6.14µm
_04693_,6.14µm
_06303_,6.14µm
_06311_,6.14µm
_06436_,6.14µm
net1013,6.14µm
net1044,6.14µm
net1200,6.14µm
net1245,6.14µm
net1368,6.14µm
net1565,6.14µm
_02334_,6.12µm
_02490_,6.115µm
_00163_,6.105µm
_01605_,6.08µm
_01738_,6.08µm
_02127_,6.08µm
_02720_,6.08µm
_04715_,6.08µm
_05933_,6.08µm
_06061_,6.08µm
_06206_,6.08µm
net999,6.08µm
net1118,6.08µm
_02440_,6.06µm
_02515_,6.06µm
_02528_,6.06µm
_02607_,6.06µm
_02734_,6.06µm
_03054_,6.06µm
_03574_,6.06µm
_04078_,6.06µm
_04360_,6.06µm
_04697_,6.06µm
_05038_,6.06µm
_05219_,6.06µm
_05234_,6.06µm
_05924_,6.06µm
_06210_,6.06µm
u_interface.fifo_data\[13\]\[18\],6.06µm
u_interface.fifo_data\[13\]\[30\],6.06µm
u_interface.fifo_data\[9\]\[3\],6.06µm
u_interface.u_gelu_fp32.u_synth_top.s1_x\[16\],6.06µm
net1324,6.06µm
_05513_,6.055µm
_00545_,6.04µm
_00658_,6.04µm
_00769_,6.04µm
_03462_,6.04µm
_04267_,6.04µm
net934,6.04µm
net1323,6.04µm
net1497,6.04µm
net1507,6.04µm
net1520,6.04µm
net1598,6.04µm
net1720,6.04µm
_03517_,6.03µm
_00473_,6.025µm
net1463,6.025µm
net1678,6.025µm
net991,6.02µm
_06109_,6.015µm
_00264_,6.005µm
_00298_,6.005µm
_00449_,6.005µm
_05170_,5.99µm
_02233_,5.98µm
_02503_,5.98µm
_02638_,5.98µm
_03283_,5.98µm
_03787_,5.98µm
_04895_,5.98µm
_05104_,5.98µm
_05558_,5.98µm
_06086_,5.98µm
net1032,5.98µm
net1046,5.98µm
net1213,5.98µm
net1220,5.98µm
net1259,5.98µm
net1701,5.98µm
_02213_,5.97µm
net848,5.97µm
net859,5.97µm
_00213_,5.965µm
_00229_,5.965µm
_00297_,5.965µm
_00391_,5.965µm
_00561_,5.965µm
net1754,5.965µm
_01338_,5.96µm
_04120_,5.96µm
_04806_,5.96µm
_06226_,5.96µm
net984,5.96µm
net1630,5.96µm
net1747,5.96µm
_01380_,5.94µm
_01756_,5.94µm
_01770_,5.94µm
_02171_,5.94µm
_03274_,5.94µm
_04047_,5.94µm
_04613_,5.94µm
_04763_,5.94µm
_04982_,5.94µm
_05206_,5.94µm
_05267_,5.94µm
_05319_,5.94µm
_05357_,5.94µm
_05676_,5.94µm
_05746_,5.94µm
_05832_,5.94µm
_05991_,5.94µm
_06018_,5.94µm
_06152_,5.94µm
u_interface.u_gelu_fp32.s2_data\[13\],5.94µm
u_interface.u_gelu_fp32.u_synth_top.s3_mult\[28\],5.94µm
_01217_,5.92µm
net1534,5.92µm
_00463_,5.905µm
_00785_,5.905µm
_01125_,5.9µm
_01462_,5.9µm
_01595_,5.9µm
_04388_,5.9µm
_06062_,5.9µm
_00050_,5.895µm
_00709_,5.895µm
_00740_,5.895µm
net886,5.895µm
_00646_,5.885µm
_00659_,5.865µm
_00972_,5.865µm
_01047_,5.865µm
_01871_,5.86µm
_02038_,5.86µm
_02967_,5.86µm
_03973_,5.86µm
_04449_,5.86µm
_04922_,5.86µm
_04978_,5.86µm
_05136_,5.86µm
_05920_,5.86µm
u_interface.meta_tlast_pipe\[10\],5.86µm
net45,5.86µm
_00647_,5.845µm
_00685_,5.845µm
_00906_,5.84µm
_00930_,5.84µm
_01466_,5.84µm
_01923_,5.84µm
_01946_,5.84µm
_02426_,5.84µm
_03044_,5.84µm
_04995_,5.84µm
_05147_,5.84µm
_05594_,5.84µm
_05603_,5.84µm
_05621_,5.84µm
_05666_,5.84µm
_05877_,5.84µm
u_interface.fifo_data\[0\]\[29\],5.84µm
u_interface.u_gelu_fp32.u_fp32_to_q16.s2_sign,5.84µm
net40,5.84µm
net1256,5.84µm
net1393,5.84µm
_01168_,5.82µm
_02161_,5.82µm
_02453_,5.82µm
_02598_,5.82µm
_03473_,5.82µm
_04105_,5.82µm
_04459_,5.82µm
_04484_,5.82µm
_04736_,5.82µm
_05403_,5.82µm
_05409_,5.82µm
_05737_,5.82µm
_05856_,5.82µm
_06090_,5.82µm
_06197_,5.82µm
u_interface.u_gelu_fp32.u_synth_top.s1_x\[8\],5.82µm
net1641,5.82µm
_00495_,5.805µm
_00997_,5.8µm
_01817_,5.8µm
_02351_,5.8µm
_02586_,5.8µm
_02646_,5.8µm
_03374_,5.8µm
_03472_,5.8µm
_03553_,5.8µm
_04260_,5.8µm
_04907_,5.8µm
_05154_,5.8µm
_05738_,5.8µm
_05997_,5.8µm
_00801_,5.785µm
_01451_,5.78µm
_01105_,5.77µm
_00060_,5.765µm
_00113_,5.765µm
_00174_,5.765µm
_00176_,5.765µm
_00316_,5.765µm
_00700_,5.765µm
net914,5.765µm
_01773_,5.74µm
_01961_,5.74µm
_02218_,5.74µm
_03138_,5.74µm
_05654_,5.74µm
_06238_,5.74µm
u_interface.u_gelu_fp32.u_synth_top.s3_b\[1\],5.74µm
_00552_,5.725µm
_01254_,5.72µm
_01709_,5.72µm
_02032_,5.72µm
_02186_,5.72µm
_02201_,5.72µm
_02541_,5.72µm
_02617_,5.72µm
_03089_,5.72µm
_03092_,5.72µm
_03136_,5.72µm
_03376_,5.72µm
_03774_,5.72µm
_03932_,5.72µm
_04134_,5.72µm
_04256_,5.72µm
_04350_,5.72µm
_04427_,5.72µm
_04457_,5.72µm
_04493_,5.72µm
_04659_,5.72µm
_04970_,5.72µm
_05044_,5.72µm
_05293_,5.72µm
_05313_,5.72µm
_05736_,5.72µm
_06029_,5.72µm
_06242_,5.72µm
_06252_,5.72µm
_06297_,5.72µm
_06400_,5.72µm
u_interface.u_gelu_fp32.s1_data\[12\],5.72µm
u_interface.u_gelu_fp32.s2_data\[15\],5.72µm
u_interface.u_gelu_fp32.s2_data\[27\],5.72µm
u_interface.u_gelu_fp32.u_synth_top.s3_mult\[35\],5.72µm
net8,5.72µm
net1192,5.72µm
net1666,5.72µm
_02557_,5.7µm
_02602_,5.7µm
_03729_,5.7µm
_04422_,5.7µm
_04671_,5.7µm
_05344_,5.7µm
_05602_,5.7µm
_06183_,5.7µm
_00029_,5.695µm
_01393_,5.68µm
_01408_,5.68µm
_01433_,5.68µm
_02145_,5.68µm
_02200_,5.68µm
_02877_,5.68µm
_03095_,5.68µm
_03104_,5.68µm
_03128_,5.68µm
_03375_,5.68µm
_03648_,5.68µm
_03674_,5.68µm
_03809_,5.68µm
_03858_,5.68µm
_04310_,5.68µm
_04317_,5.68µm
_04843_,5.68µm
_04940_,5.68µm
_05245_,5.68µm
_05798_,5.68µm
_05968_,5.68µm
_06237_,5.68µm
_06492_,5.68µm
u_interface.u_gelu_fp32.s2_data\[14\],5.68µm
u_interface.u_gelu_fp32.u_q16_to_fp32.s1_sign,5.68µm
net1204,5.68µm
net1412,5.68µm
net1494,5.68µm
_01037_,5.675µm
_00124_,5.645µm
_00234_,5.645µm
_00402_,5.625µm
_00819_,5.62µm
_02543_,5.62µm
_03170_,5.62µm
_03877_,5.62µm
_04025_,5.62µm
_05124_,5.62µm
_06185_,5.62µm
_06485_,5.62µm
net1012,5.62µm
net1353,5.62µm
net1437,5.62µm
_04821_,5.61µm
_00195_,5.605µm
_00699_,5.605µm
_02592_,5.6µm
_02639_,5.6µm
_03038_,5.6µm
_03307_,5.6µm
_03487_,5.6µm
_03663_,5.6µm
_03992_,5.6µm
_04146_,5.6µm
_04873_,5.6µm
_04941_,5.6µm
_05247_,5.6µm
_05424_,5.6µm
_05722_,5.6µm
_05742_,5.6µm
_05797_,5.6µm
_06010_,5.6µm
_06225_,5.6µm
u_interface.fifo_data\[15\]\[12\],5.6µm
u_interface.fifo_data\[15\]\[14\],5.6µm
u_interface.fifo_data\[5\]\[2\],5.6µm
u_interface.u_gelu_fp32.s2_data\[26\],5.6µm
u_interface.u_gelu_fp32.u_synth_top.s3_b\[13\],5.6µm
u_interface.u_gelu_fp32.u_synth_top.s3_b\[5\],5.6µm
_00025_,5.58µm
_00037_,5.58µm
_00460_,5.58µm
_00635_,5.58µm
_00767_,5.58µm
_01024_,5.58µm
_01192_,5.58µm
_01562_,5.58µm
_02689_,5.58µm
_05591_,5.58µm
net979,5.58µm
net1057,5.58µm
net1599,5.58µm
_01355_,5.56µm
_03580_,5.56µm
_04936_,5.56µm
_05679_,5.56µm
_06094_,5.56µm
_00171_,5.555µm
_00649_,5.555µm
_00343_,5.545µm
_00408_,5.545µm
_00575_,5.545µm
_00610_,5.545µm
net1073,5.525µm
_03116_,5.52µm
_05542_,5.52µm
_06452_,5.52µm
net1408,5.52µm
net1439,5.52µm
net1467,5.52µm
net1601,5.52µm
_00052_,5.505µm
_00273_,5.505µm
_00357_,5.505µm
_00535_,5.505µm
_00584_,5.505µm
_00648_,5.505µm
_00773_,5.505µm
_00845_,5.505µm
net1693,5.505µm
_02867_,5.5µm
_03057_,5.5µm
_03191_,5.5µm
_05027_,5.5µm
_05859_,5.5µm
_06313_,5.5µm
u_interface.u_gelu_fp32.u_synth_top.s3_mult\[29\],5.5µm
_01776_,5.48µm
_02798_,5.48µm
_02839_,5.48µm
_02879_,5.48µm
_03196_,5.48µm
_03203_,5.48µm
_03638_,5.48µm
_04981_,5.48µm
_05026_,5.48µm
_05086_,5.48µm
_05232_,5.48µm
_05635_,5.48µm
u_interface.u_gelu_fp32.s2_data\[18\],5.48µm
net1669,5.48µm
_00071_,5.475µm
_00416_,5.475µm
_03392_,5.475µm
_01388_,5.46µm
_01905_,5.46µm
_03650_,5.46µm
_05425_,5.46µm
net1395,5.46µm
_03132_,5.44µm
_03260_,5.44µm
_00078_,5.435µm
_00588_,5.435µm
_00628_,5.435µm
_00650_,5.435µm
_00663_,5.435µm
_01069_,5.435µm
net1178,5.435µm
net1246,5.435µm
u_interface.u_gelu_fp32.u_synth_top.s3_mult\[41\],5.41µm
_02018_,5.405µm
net1605,5.405µm
_01350_,5.4µm
_02404_,5.4µm
_02429_,5.4µm
_02772_,5.4µm
_03103_,5.4µm
_03885_,5.4µm
_03926_,5.4µm
_04356_,5.4µm
_04385_,5.4µm
_04393_,5.4µm
_04743_,5.4µm
_04869_,5.4µm
_04998_,5.4µm
_05042_,5.4µm
_05327_,5.4µm
_05775_,5.4µm
_05941_,5.4µm
_02331_,5.38µm
_02568_,5.38µm
_02709_,5.38µm
_03084_,5.38µm
_03294_,5.38µm
_04004_,5.38µm
_04762_,5.38µm
_04960_,5.38µm
_05474_,5.38µm
_05628_,5.38µm
_05696_,5.38µm
_05755_,5.38µm
_06013_,5.38µm
_06092_,5.38µm
_06434_,5.38µm
u_interface.u_gelu_fp32.u_fp32_to_q16.s3_is_zero,5.38µm
u_interface.u_gelu_fp32.u_q16_to_fp32.s1_valid,5.38µm
net22,5.38µm
net1450,5.38µm
net1775,5.38µm
_00713_,5.365µm
_02581_,5.36µm
_04720_,5.36µm
_05921_,5.36µm
_05971_,5.36µm
_06228_,5.36µm
_06304_,5.36µm
_00860_,5.355µm
_00448_,5.345µm
_00711_,5.345µm
_00831_,5.345µm
_00904_,5.34µm
_00999_,5.34µm
_01567_,5.34µm
_01914_,5.34µm
_01915_,5.34µm
_02102_,5.34µm
_02449_,5.34µm
_02701_,5.34µm
_02722_,5.34µm
_02759_,5.34µm
_03927_,5.34µm
_04290_,5.34µm
_04375_,5.34µm
_04591_,5.34µm
_04722_,5.34µm
_04789_,5.34µm
_06035_,5.34µm
_06292_,5.34µm
_06449_,5.34µm
u_interface.fifo_tlast\[0\],5.34µm
u_interface.meta_tlast_pipe\[0\],5.34µm
u_interface.u_gelu_fp32.u_q16_to_fp32.s2_exp\[5\],5.34µm
u_interface.u_gelu_fp32.u_q16_to_fp32.s2_valid,5.34µm
net1506,5.34µm
net1538,5.34µm
net1635,5.34µm
_00177_,5.325µm
_00805_,5.325µm
_00451_,5.315µm
_00553_,5.315µm
net1384,5.315µm
_00130_,5.305µm
_00202_,5.305µm
_00476_,5.305µm
_00853_,5.305µm
_00929_,5.305µm
net851,5.29µm
net834,5.29µm
net839,5.29µm
s_axis_tdata[28],5.29µm
net1608,5.29µm
_01925_,5.28µm
_02111_,5.28µm
_02156_,5.28µm
_03850_,5.28µm
_04131_,5.28µm
_04279_,5.28µm
_04499_,5.28µm
_04695_,5.28µm
_04902_,5.28µm
_05677_,5.28µm
_06004_,5.28µm
_00440_,5.265µm
_00563_,5.265µm
_00568_,5.265µm
_01179_,5.26µm
_01214_,5.26µm
_01297_,5.26µm
_01863_,5.26µm
_02168_,5.26µm
_02273_,5.26µm
_02603_,5.26µm
_02698_,5.26µm
_02922_,5.26µm
_03256_,5.26µm
_03284_,5.26µm
_03852_,5.26µm
_04002_,5.26µm
_04557_,5.26µm
_04829_,5.26µm
_05028_,5.26µm
_05437_,5.26µm
_05503_,5.26µm
_05576_,5.26µm
_05822_,5.26µm
_05855_,5.26µm
_05944_,5.26µm
_05951_,5.26µm
_06027_,5.26µm
u_interface.u_gelu_fp32.u_synth_top.s3_mult\[32\],5.26µm
net77,5.26µm
net98,5.26µm
net1122,5.26µm
net1134,5.26µm
net1141,5.26µm
net1308,5.26µm
net1374,5.26µm
net1632,5.26µm
_02059_,5.255µm
_00820_,5.245µm
_00830_,5.245µm
_03119_,5.245µm
_03819_,5.24µm
_03881_,5.24µm
_04850_,5.24µm
_05820_,5.24µm
net884,5.24µm
net889,5.24µm
_01231_,5.22µm
_01375_,5.22µm
_01467_,5.22µm
_01700_,5.22µm
_01716_,5.22µm
_01918_,5.22µm
_01921_,5.22µm
_02080_,5.22µm
_02188_,5.22µm
_02216_,5.22µm
_02366_,5.22µm
_04046_,5.22µm
_06259_,5.22µm
_06448_,5.22µm
u_interface.u_gelu_fp32.s2_data\[8\],5.22µm
net1086,5.22µm
net1224,5.22µm
net1366,5.22µm
_05994_,5.2µm
_00370_,5.185µm
_00688_,5.165µm
_00621_,5.16µm
_00795_,5.16µm
_01995_,5.16µm
_03892_,5.16µm
net1109,5.16µm
net1146,5.16µm
net1162,5.16µm
net1532,5.16µm
net1663,5.16µm
_02577_,5.14µm
_02779_,5.14µm
_02962_,5.14µm
_03185_,5.14µm
_04242_,5.14µm
_04605_,5.14µm
_04740_,5.14µm
_04761_,5.14µm
_04861_,5.14µm
_04925_,5.14µm
_05053_,5.14µm
_05290_,5.14µm
_05348_,5.14µm
_05506_,5.14µm
_05585_,5.14µm
_05948_,5.14µm
_06140_,5.14µm
_06165_,5.14µm
_06217_,5.14µm
_06273_,5.14µm
_06317_,5.14µm
net173,5.14µm
_02538_,5.12µm
_02688_,5.12µm
_03255_,5.12µm
_03707_,5.12µm
_04412_,5.12µm
_04908_,5.12µm
_05663_,5.12µm
_05939_,5.12µm
_06409_,5.12µm
net75,5.12µm
net960,5.12µm
net963,5.12µm
net1083,5.12µm
net1148,5.12µm
net1153,5.12µm
net1282,5.12µm
net1411,5.12µm
net1514,5.12µm
_04758_,5.1µm
_00053_,5.095µm
_00193_,5.095µm
_00379_,5.095µm
_00682_,5.095µm
_00101_,5.085µm
_00275_,5.085µm
_00335_,5.085µm
_00397_,5.085µm
_00399_,5.085µm
_00703_,5.085µm
net879,5.085µm
_02871_,5.075µm
_05299_,5.07µm
m_axis_tdata[18],5.07µm
_01267_,5.06µm
_03123_,5.06µm
_06137_,5.06µm
_06420_,5.06µm
net951,5.06µm
net1119,5.06µm
net1262,5.06µm
net1770,5.06µm
_00474_,5.045µm
_00564_,5.045µm
_00851_,5.045µm
_00967_,5.045µm
_01098_,5.045µm
net893,5.045µm
net1218,5.045µm
_01252_,5.04µm
_03344_,5.04µm
_04006_,5.04µm
_04521_,5.04µm
_04640_,5.04µm
_04656_,5.04µm
_05486_,5.04µm
net1228,5.04µm
_04749_,5.025µm
_05950_,5.025µm
_02136_,5.02µm
_02616_,5.02µm
_02628_,5.02µm
_02974_,5.02µm
_03860_,5.02µm
_04462_,5.02µm
_04662_,5.02µm
_04805_,5.02µm
_04815_,5.02µm
_05539_,5.02µm
_05564_,5.02µm
_05583_,5.02µm
_05637_,5.02µm
_05708_,5.02µm
_05987_,5.02µm
_06295_,5.02µm
u_interface.u_gelu_fp32.u_synth_top.s3_mult\[43\],5.02µm
net1170,5.02µm
net1696,5.02µm
_00705_,5.015µm
_03345_,5µm
_06336_,5µm
_00307_,4.975µm
_00622_,4.975µm
_03470_,4.97µm
net1657,4.965µm
s_axis_tdata[30],4.95µm
net831,4.95µm
_01894_,4.94µm
_03968_,4.94µm
_04876_,4.94µm
_04968_,4.94µm
_06133_,4.94µm
_06463_,4.94µm
net1727,4.94µm
net1760,4.94µm
_01154_,4.92µm
_01181_,4.92µm
_01830_,4.92µm
_01974_,4.92µm
_02409_,4.92µm
_02662_,4.92µm
_02717_,4.92µm
_02939_,4.92µm
_04037_,4.92µm
_04504_,4.92µm
_04566_,4.92µm
_04663_,4.92µm
_05180_,4.92µm
_05229_,4.92µm
_05266_,4.92µm
_05358_,4.92µm
_05410_,4.92µm
_05957_,4.92µm
_06044_,4.92µm
u_interface.u_gelu_fp32.u_fp32_to_q16.s2_overflow,4.92µm
net949,4.92µm
net1576,4.92µm
net1767,4.92µm
_04515_,4.91µm
_05156_,4.91µm
_00849_,4.905µm
_03118_,4.905µm
_01814_,4.9µm
_02084_,4.9µm
_02753_,4.9µm
_03312_,4.9µm
_03682_,4.9µm
_03701_,4.9µm
_03761_,4.9µm
_04502_,4.9µm
_05008_,4.9µm
_05161_,4.9µm
_05492_,4.9µm
_05496_,4.9µm
_05568_,4.9µm
_05631_,4.9µm
u_interface.fifo_data\[9\]\[23\],4.9µm
u_interface.fifo_data\[9\]\[2\],4.9µm
u_interface.u_gelu_fp32.u_synth_top.s1_x\[0\],4.9µm
u_interface.u_gelu_fp32.u_synth_top.s1_x\[1\],4.9µm
_00491_,4.885µm
_00759_,4.885µm
net1640,4.885µm
_00900_,4.88µm
_01843_,4.88µm
_01845_,4.88µm
_02202_,4.88µm
_02289_,4.88µm
_02561_,4.88µm
_03041_,4.88µm
_03667_,4.88µm
_05343_,4.88µm
_05356_,4.88µm
_05896_,4.88µm
_06022_,4.88µm
_06194_,4.88µm
net929,4.88µm
net1639,4.88µm
m_axis_tdata[24],4.85µm
_00009_,4.845µm
_00134_,4.845µm
_00152_,4.845µm
_00292_,4.845µm
_00302_,4.845µm
_00337_,4.845µm
_00372_,4.845µm
_00395_,4.845µm
_00734_,4.845µm
_00975_,4.845µm
_01062_,4.845µm
_02034_,4.825µm
_01447_,4.82µm
_01968_,4.82µm
_02045_,4.82µm
_02423_,4.82µm
_04367_,4.82µm
_04838_,4.82µm
_05682_,4.82µm
_06419_,4.82µm
_06433_,4.82µm
_00581_,4.805µm
_00651_,4.805µm
_00777_,4.8µm
_00778_,4.8µm
_00783_,4.8µm
_00796_,4.8µm
_01003_,4.8µm
_01305_,4.8µm
_01483_,4.8µm
_01793_,4.8µm
_01849_,4.8µm
_01910_,4.8µm
_02400_,4.8µm
_02560_,4.8µm
_02631_,4.8µm
_03499_,4.8µm
_03555_,4.8µm
_03733_,4.8µm
_04349_,4.8µm
_04377_,4.8µm
_04545_,4.8µm
_04824_,4.8µm
_04924_,4.8µm
_05058_,4.8µm
_05137_,4.8µm
_05269_,4.8µm
_05672_,4.8µm
_06053_,4.8µm
_06465_,4.8µm
u_interface.u_gelu_fp32.u_synth_top.s1_x\[31\],4.8µm
net51,4.8µm
net79,4.8µm
net913,4.8µm
net916,4.8µm
net921,4.8µm
net1003,4.8µm
net1071,4.8µm
net1147,4.8µm
net1276,4.8µm
net1425,4.8µm
net1549,4.8µm
net1755,4.8µm
_01949_,4.78µm
_03873_,4.78µm
_04029_,4.78µm
_06471_,4.78µm
_04150_,4.775µm
net1745,4.77µm
_02307_,4.76µm
_03301_,4.76µm
_03756_,4.76µm
_06319_,4.76µm
net126,4.76µm
net1137,4.76µm
net1341,4.76µm
_00742_,4.755µm
_06118_,4.74µm
m_axis_tdata[23],4.73µm
_00138_,4.725µm
_00286_,4.725µm
net1580,4.725µm
_00818_,4.72µm
_03939_,4.71µm
_00915_,4.7µm
_00964_,4.7µm
_01721_,4.7µm
_01959_,4.7µm
_04185_,4.7µm
_05824_,4.7µm
net41,4.7µm
net973,4.7µm
net1318,4.7µm
net1573,4.7µm
net1624,4.7µm
net1695,4.7µm
net1700,4.7µm
_04570_,4.69µm
net105,4.69µm
_01478_,4.68µm
_01809_,4.68µm
_02367_,4.68µm
_02614_,4.68µm
_02931_,4.68µm
_04298_,4.68µm
_04822_,4.68µm
_05282_,4.68µm
_05846_,4.68µm
_06054_,4.68µm
_06188_,4.68µm
_06470_,4.68µm
_03649_,4.66µm
_04127_,4.66µm
_04800_,4.66µm
_05734_,4.66µm
net967,4.66µm
net1067,4.66µm
net1252,4.66µm
net1263,4.66µm
net1383,4.66µm
_00014_,4.635µm
_00076_,4.625µm
_00214_,4.625µm
_00219_,4.625µm
_00233_,4.625µm
_00356_,4.625µm
net833,4.61µm
net846,4.61µm
net863,4.61µm
net842,4.61µm
s_axis_tdata[23],4.61µm
_00185_,4.605µm
_00315_,4.605µm
_00417_,4.605µm
_02961_,4.6µm
_04090_,4.6µm
_05739_,4.6µm
_05818_,4.6µm
net1010,4.6µm
net1055,4.6µm
net1491,4.6µm
net1511,4.6µm
net1759,4.6µm
_00223_,4.585µm
_00319_,4.585µm
_00478_,4.585µm
net1554,4.585µm
_00800_,4.58µm
_01829_,4.58µm
_02394_,4.58µm
_03143_,4.58µm
_03348_,4.58µm
_03603_,4.58µm
_06326_,4.58µm
net1553,4.58µm
_01765_,4.56µm
_02300_,4.56µm
_02747_,4.56µm
_03539_,4.56µm
_03573_,4.56µm
_04526_,4.56µm
_05555_,4.56µm
_06025_,4.56µm
_06251_,4.56µm
u_interface.u_gelu_fp32.s2_data\[10\],4.56µm
net1628,4.56µm
_00873_,4.555µm
_01157_,4.54µm
_01246_,4.54µm
_03660_,4.54µm
_05002_,4.54µm
_06493_,4.54µm
_00813_,4.525µm
_00165_,4.505µm
_00398_,4.505µm
_00748_,4.505µm
net1717,4.505µm
_05439_,4.5µm
_00455_,4.485µm
_00461_,4.485µm
_00696_,4.485µm
_01474_,4.48µm
_01828_,4.48µm
_01939_,4.48µm
_02078_,4.48µm
_02480_,4.48µm
_02539_,4.48µm
_02554_,4.48µm
_03065_,4.48µm
_03900_,4.48µm
_04020_,4.48µm
_04043_,4.48µm
_04050_,4.48µm
_04100_,4.48µm
_04217_,4.48µm
_04434_,4.48µm
_04923_,4.48µm
_05037_,4.48µm
_05076_,4.48µm
_05656_,4.48µm
_05707_,4.48µm
_06048_,4.48µm
_06063_,4.48µm
_06070_,4.48µm
_06122_,4.48µm
_06128_,4.48µm
_06427_,4.48µm
_01970_,4.46µm
_02100_,4.46µm
_02243_,4.46µm
_02464_,4.46µm
_03249_,4.46µm
_03325_,4.46µm
_03675_,4.46µm
_03691_,4.46µm
_03948_,4.46µm
_04514_,4.46µm
_04724_,4.46µm
_05020_,4.46µm
_05235_,4.46µm
_05447_,4.46µm
_05451_,4.46µm
_05642_,4.46µm
_05681_,4.46µm
_05888_,4.46µm
_05961_,4.46µm
_06052_,4.46µm
_06143_,4.46µm
_06298_,4.46µm
u_interface.meta_tlast_pipe\[3\],4.46µm
u_interface.u_gelu_fp32.u_fp32_to_q16.s1_valid,4.46µm
u_interface.u_gelu_fp32.u_q16_to_fp32.s1_mag\[14\],4.46µm
u_interface.u_gelu_fp32.u_q16_to_fp32.s2_clz\[1\],4.46µm
u_interface.u_gelu_fp32.u_synth_top.v_pipe\[1\],4.46µm
net1024,4.46µm
_00665_,4.445µm
_00979_,4.445µm
_06096_,4.445µm
_02494_,4.44µm
_02966_,4.44µm
_03137_,4.44µm
_03220_,4.44µm
_03238_,4.44µm
_03564_,4.44µm
_04355_,4.44µm
_04494_,4.44µm
_05404_,4.44µm
_05426_,4.44µm
_05597_,4.44µm
_05874_,4.44µm
_00059_,4.435µm
_00154_,4.425µm
_00758_,4.425µm
_00768_,4.425µm
_00872_,4.425µm
_00680_,4.42µm
_02061_,4.42µm
_02167_,4.42µm
_02504_,4.42µm
_03248_,4.42µm
_04583_,4.42µm
_06285_,4.42µm
_06498_,4.42µm
u_interface.fifo_data\[3\]\[1\],4.42µm
_00779_,4.405µm
_00786_,4.405µm
m_axis_tdata[17],4.39µm
m_axis_tdata[28],4.39µm
m_axis_tdata[5],4.39µm
_00114_,4.385µm
_00145_,4.385µm
_00294_,4.385µm
_00364_,4.385µm
_00615_,4.385µm
_01023_,4.385µm
_01049_,4.385µm
_04183_,4.38µm
_01456_,4.36µm
_01851_,4.36µm
_01912_,4.36µm
_01965_,4.36µm
_02668_,4.36µm
_03340_,4.36µm
_03529_,4.36µm
_04236_,4.36µm
_04309_,4.36µm
_04318_,4.36µm
_04774_,4.36µm
_05022_,4.36µm
_06204_,4.36µm
_06216_,4.36µm
_06229_,4.36µm
net1634,4.36µm
_02002_,4.345µm
_01553_,4.34µm
_02011_,4.34µm
_02067_,4.34µm
_02365_,4.34µm
_02385_,4.34µm
_02483_,4.34µm
_02626_,4.34µm
_02831_,4.34µm
_02842_,4.34µm
_02910_,4.34µm
_03282_,4.34µm
_03332_,4.34µm
_03518_,4.34µm
_03722_,4.34µm
_04118_,4.34µm
_04261_,4.34µm
_04307_,4.34µm
_04376_,4.34µm
_04401_,4.34µm
_04592_,4.34µm
_04723_,4.34µm
_04752_,4.34µm
_05052_,4.34µm
_05057_,4.34µm
_05168_,4.34µm
_05810_,4.34µm
_05833_,4.34µm
_05967_,4.34µm
_06001_,4.34µm
_06080_,4.34µm
_06333_,4.34µm
_06413_,4.34µm
net56,4.34µm
net85,4.34µm
net88,4.34µm
net121,4.34µm
net996,4.34µm
net1016,4.34µm
net1033,4.34µm
net1085,4.34µm
net1326,4.34µm
net1344,4.34µm
net1633,4.34µm
net1735,4.34µm
_00481_,4.325µm
_05889_,4.32µm
_00021_,4.295µm
_00725_,4.295µm
_01034_,4.295µm
_05160_,4.27µm
net841,4.27µm
_00148_,4.265µm
_00338_,4.265µm
_00483_,4.26µm
_00546_,4.24µm
_00571_,4.24µm
_00765_,4.24µm
_00766_,4.24µm
_00920_,4.24µm
_02130_,4.24µm
_03390_,4.24µm
_04361_,4.24µm
_04405_,4.24µm
_04601_,4.24µm
_05644_,4.24µm
_06277_,4.24µm
_06287_,4.24µm
net968,4.24µm
net1047,4.24µm
net1186,4.24µm
net1203,4.24µm
net1260,4.24µm
net1278,4.24µm
net1336,4.24µm
net1403,4.24µm
net1513,4.24µm
net1523,4.24µm
net1681,4.24µm
_02162_,4.22µm
_02915_,4.22µm
_04463_,4.22µm
_04473_,4.22µm
_04599_,4.22µm
_04818_,4.22µm
_05021_,4.22µm
_05055_,4.22µm
_05093_,4.22µm
_05253_,4.22µm
_05286_,4.22µm
_06170_,4.22µm
net1242,4.22µm
net1346,4.22µm
net1711,4.22µm
_04126_,4.2µm
_04909_,4.2µm
net1181,4.2µm
net1197,4.2µm
net1295,4.2µm
net1376,4.2µm
_00218_,4.195µm
_06321_,4.18µm
_00065_,4.165µm
_00123_,4.165µm
_00142_,4.165µm
_00144_,4.165µm
_00151_,4.165µm
_00276_,4.165µm
_00347_,4.165µm
_00348_,4.165µm
_00360_,4.165µm
_00057_,4.145µm
_00241_,4.145µm
_01555_,4.14µm
_03444_,4.14µm
_03676_,4.14µm
_03830_,4.14µm
_04110_,4.14µm
_06151_,4.14µm
net1092,4.14µm
net1479,4.14µm
net1703,4.14µm
_00328_,4.125µm
_01040_,4.125µm
_01940_,4.12µm
_03025_,4.12µm
_06191_,4.12µm
_06099_,4.105µm
_01495_,4.1µm
_03012_,4.1µm
_03052_,4.1µm
_03242_,4.1µm
_04104_,4.1µm
_04782_,4.1µm
_05236_,4.1µm
_01219_,4.08µm
_01366_,4.08µm
_02361_,4.08µm
_06020_,4.08µm
_02527_,4.06µm
_04315_,4.05µm
_00127_,4.045µm
_00442_,4.045µm
_00664_,4.04µm
_06324_,4.04µm
_01008_,4.02µm
_01283_,4.02µm
_01559_,4.02µm
_01928_,4.02µm
_01944_,4.02µm
_02363_,4.02µm
_02427_,4.02µm
_02714_,4.02µm
_03453_,4.02µm
_03742_,4.02µm
_04853_,4.02µm
_04973_,4.02µm
_05121_,4.02µm
_05886_,4.02µm
_06028_,4.02µm
_06334_,4.02µm
_06338_,4.02µm
u_interface.u_gelu_fp32.u_fp32_to_q16.s3_valid,4.02µm
net1337,4.02µm
net1629,4.02µm
net1642,4.02µm
net1769,4.02µm
_00707_,4µm
_00884_,4µm
_00893_,4µm
_01017_,4µm
_01048_,4µm
_01182_,4µm
_01263_,4µm
_01934_,4µm
_02106_,4µm
_02305_,4µm
_02357_,4µm
_02391_,4µm
_02417_,4µm
_02484_,4µm
_02964_,4µm
_03481_,4µm
_03871_,4µm
_03962_,4µm
_04044_,4µm
_04274_,4µm
_04451_,4µm
_04482_,4µm
_04495_,4µm
_04792_,4µm
_04804_,4µm
_04864_,4µm
_05193_,4µm
_05230_,4µm
_05386_,4µm
_05392_,4µm
_05608_,4µm
_05811_,4µm
u_interface.meta_tlast_pipe\[7\],4µm
u_interface.meta_tlast_pipe\[9\],4µm
u_interface.u_gelu_fp32.s1_data\[15\],4µm
u_interface.u_gelu_fp32.s1_data\[7\],4µm
u_interface.u_gelu_fp32.u_q16_to_fp32.s2_exp\[0\],4µm
u_interface.u_gelu_fp32.u_synth_top.s1_x\[2\],4µm
net915,4µm
net919,4µm
net1227,4µm
net1343,4µm
net1351,4µm
net1582,4µm
net1648,4µm
_00791_,3.995µm
_00524_,3.985µm
_02132_,3.98µm
_03272_,3.98µm
_04582_,3.98µm
_05431_,3.98µm
_06239_,3.98µm
_01036_,3.975µm
_02952_,3.975µm
_00479_,3.965µm
_00509_,3.965µm
_00816_,3.965µm
_00841_,3.965µm
_01043_,3.965µm
net850,3.93µm
net854,3.93µm
net855,3.93µm
net860,3.93µm
net835,3.93µm
_00047_,3.925µm
_00049_,3.925µm
_00073_,3.925µm
_00079_,3.925µm
_00081_,3.925µm
_00125_,3.925µm
_00133_,3.925µm
_00182_,3.925µm
_00232_,3.925µm
_00285_,3.925µm
_00405_,3.925µm
_00414_,3.925µm
_00591_,3.925µm
_00599_,3.925µm
_00606_,3.925µm
_00642_,3.925µm
_00676_,3.925µm
_00856_,3.925µm
_00925_,3.925µm
_01055_,3.925µm
_01060_,3.925µm
_01078_,3.925µm
net870,3.925µm
net936,3.925µm
net1676,3.925µm
_01001_,3.9µm
_01005_,3.9µm
_01930_,3.9µm
_01975_,3.9µm
_02090_,3.9µm
_02393_,3.9µm
_02458_,3.9µm
_02700_,3.9µm
_03323_,3.9µm
_03330_,3.9µm
_04707_,3.9µm
_04791_,3.9µm
_05711_,3.9µm
_06126_,3.9µm
_06325_,3.9µm
u_interface.u_gelu_fp32.u_q16_to_fp32.s1_mag\[0\],3.9µm
net1272,3.9µm
net1602,3.9µm
_01762_,3.88µm
_01795_,3.88µm
_01858_,3.88µm
_02235_,3.88µm
_02327_,3.88µm
_02424_,3.88µm
_02589_,3.88µm
_02729_,3.88µm
_02916_,3.88µm
_03075_,3.88µm
_03093_,3.88µm
_03121_,3.88µm
_03678_,3.88µm
_03688_,3.88µm
_03738_,3.88µm
_04530_,3.88µm
_04754_,3.88µm
_04856_,3.88µm
_05007_,3.88µm
_05142_,3.88µm
_05212_,3.88µm
_05239_,3.88µm
_05443_,3.88µm
_05611_,3.88µm
_05978_,3.88µm
_06168_,3.88µm
_06171_,3.88µm
_06192_,3.88µm
_06404_,3.88µm
_06488_,3.88µm
u_interface.u_gelu_fp32.u_synth_top.s3_b\[4\],3.88µm
net93,3.88µm
net926,3.88µm
net1114,3.88µm
net1145,3.88µm
net1151,3.88µm
net1183,3.88µm
net1216,3.88µm
net1429,3.88µm
net1637,3.88µm
net1660,3.88µm
net1661,3.88µm
_00468_,3.865µm
_00928_,3.865µm
_02191_,3.86µm
_02336_,3.86µm
_05398_,3.86µm
u_interface.u_gelu_fp32.u_fp32_to_q16.s3_frac\[2\],3.86µm
_02674_,3.85µm
_00085_,3.805µm
_00189_,3.805µm
_00237_,3.805µm
_00346_,3.805µm
_00363_,3.805µm
_00923_,3.805µm
_00669_,3.78µm
_00686_,3.78µm
_00804_,3.78µm
_01390_,3.78µm
_01596_,3.78µm
_03346_,3.78µm
_05731_,3.78µm
net58,3.78µm
net998,3.78µm
net1017,3.78µm
net1054,3.78µm
net1076,3.78µm
net1139,3.78µm
net1250,3.78µm
net1285,3.78µm
net1301,3.78µm
net1392,3.78µm
net1409,3.78µm
net1410,3.78µm
net1492,3.78µm
net1499,3.78µm
_02445_,3.76µm
_02824_,3.76µm
_02889_,3.76µm
_03385_,3.76µm
_03689_,3.76µm
_04092_,3.76µm
_04508_,3.76µm
_04894_,3.76µm
u_interface.u_gelu_fp32.s2_data\[21\],3.76µm
net1372,3.76µm
net1438,3.76µm
_02502_,3.74µm
_05908_,3.74µm
_06176_,3.74µm
net1131,3.74µm
net1302,3.74µm
_00141_,3.705µm
_00180_,3.705µm
_00355_,3.705µm
_00386_,3.705µm
_00418_,3.705µm
_00445_,3.705µm
_00616_,3.705µm
_00643_,3.705µm
_00918_,3.705µm
net872,3.705µm
net874,3.705µm
net875,3.705µm
_03631_,3.7µm
net1683,3.69µm
_01270_,3.68µm
_01802_,3.68µm
_01938_,3.68µm
_01973_,3.68µm
_01979_,3.68µm
_02037_,3.68µm
_02455_,3.68µm
_04430_,3.68µm
net1485,3.68µm
net1726,3.68µm
net1736,3.68µm
_02523_,3.66µm
_05252_,3.66µm
_05720_,3.66µm
net1056,3.66µm
_04747_,3.645µm
_01911_,3.64µm
_02988_,3.64µm
_03061_,3.64µm
_03421_,3.64µm
_05145_,3.64µm
_05559_,3.64µm
u_interface.u_gelu_fp32.u_fp32_to_q16.s1_mant\[19\],3.64µm
net1380,3.64µm
net1665,3.64µm
_00454_,3.635µm
_00799_,3.635µm
_00814_,3.635µm
net1456,3.635µm
net1490,3.635µm
net1560,3.635µm
net1702,3.635µm
_00431_,3.625µm
_00787_,3.625µm
_00409_,3.585µm
_01080_,3.585µm
net882,3.585µm
_00287_,3.565µm
_00889_,3.56µm
_00902_,3.56µm
_00908_,3.56µm
_00909_,3.56µm
_00931_,3.56µm
_00955_,3.56µm
_01004_,3.56µm
_01009_,3.56µm
_01019_,3.56µm
_01277_,3.56µm
_01439_,3.56µm
_02142_,3.56µm
_02154_,3.56µm
_02437_,3.56µm
_03806_,3.56µm
_04979_,3.56µm
_06031_,3.56µm
_06108_,3.56µm
_06174_,3.56µm
_06201_,3.56µm
_06205_,3.56µm
_06280_,3.56µm
_06462_,3.56µm
_06483_,3.56µm
u_interface.meta_tlast_pipe\[1\],3.56µm
u_interface.meta_tlast_pipe\[4\],3.56µm
u_interface.meta_tlast_pipe\[5\],3.56µm
u_interface.meta_tuser_pipe\[0\],3.56µm
u_interface.meta_tuser_pipe\[1\],3.56µm
u_interface.meta_tuser_pipe\[2\],3.56µm
u_interface.meta_tuser_pipe\[5\],3.56µm
net1737,3.56µm
_01960_,3.545µm
_00886_,3.54µm
_01449_,3.54µm
_02340_,3.54µm
_02901_,3.54µm
_02926_,3.54µm
_02943_,3.54µm
_03747_,3.54µm
_03791_,3.54µm
_04167_,3.54µm
_04719_,3.54µm
_05096_,3.54µm
_05291_,3.54µm
_05604_,3.54µm
_05675_,3.54µm
_05719_,3.54µm
_05827_,3.54µm
_05895_,3.54µm
_05982_,3.54µm
_06211_,3.54µm
_06224_,3.54µm
_06359_,3.54µm
_06369_,3.54µm
_06491_,3.54µm
u_interface.u_gelu_fp32.s1_data\[10\],3.54µm
u_interface.u_gelu_fp32.u_fp32_to_q16.s1_is_zero,3.54µm
u_interface.u_gelu_fp32.u_q16_to_fp32.s3_valid,3.54µm
u_interface.u_gelu_fp32.u_synth_top.s1_x\[7\],3.54µm
net906,3.54µm
net909,3.54µm
net992,3.54µm
net1655,3.54µm
net1658,3.54µm
net1725,3.54µm
net1780,3.54µm
_05954_,3.53µm
_00015_,3.525µm
_00019_,3.525µm
_00833_,3.525µm
_01985_,3.52µm
_02068_,3.52µm
_05804_,3.52µm
u_interface.meta_tuser_pipe\[9\],3.52µm
_05674_,3.51µm
_00013_,3.505µm
_00020_,3.505µm
_00771_,3.505µm
_00811_,3.505µm
_00980_,3.505µm
net1617,3.505µm
_06437_,3.5µm
_00064_,3.465µm
_00080_,3.465µm
_00082_,3.465µm
_00090_,3.465µm
_00105_,3.465µm
_00139_,3.465µm
_00162_,3.465µm
_00183_,3.465µm
_00262_,3.465µm
_00295_,3.465µm
_00314_,3.465µm
_00333_,3.465µm
_00383_,3.465µm
_00420_,3.465µm
_00437_,3.465µm
_00452_,3.465µm
_00533_,3.465µm
_00543_,3.465µm
_00548_,3.465µm
_00549_,3.465µm
_00613_,3.465µm
_00614_,3.465µm
_00617_,3.465µm
_00681_,3.465µm
_00809_,3.465µm
_01051_,3.465µm
net1592,3.465µm
net1698,3.465µm
net1705,3.465µm
_00716_,3.46µm
_00136_,3.44µm
_01497_,3.44µm
_01854_,3.44µm
_03007_,3.44µm
_03231_,3.44µm
_04014_,3.44µm
_05217_,3.44µm
_05567_,3.44µm
_05723_,3.44µm
u_interface.u_gelu_fp32.u_synth_top.s3_mult\[24\],3.44µm
net1729,3.43µm
_00913_,3.42µm
_01145_,3.42µm
_01458_,3.42µm
_01471_,3.42µm
_01633_,3.42µm
_01663_,3.42µm
_01834_,3.42µm
_01920_,3.42µm
_01984_,3.42µm
_02075_,3.42µm
_02150_,3.42µm
_02175_,3.42µm
_02220_,3.42µm
_02369_,3.42µm
_02398_,3.42µm
_02529_,3.42µm
_02663_,3.42µm
_02816_,3.42µm
_03013_,3.42µm
_03135_,3.42µm
_03149_,3.42µm
_03181_,3.42µm
_03341_,3.42µm
_03423_,3.42µm
_03424_,3.42µm
_03431_,3.42µm
_03888_,3.42µm
_04400_,3.42µm
_04632_,3.42µm
_04684_,3.42µm
_04781_,3.42µm
_04823_,3.42µm
_05302_,3.42µm
_05599_,3.42µm
_05648_,3.42µm
_05831_,3.42µm
_05843_,3.42µm
_05990_,3.42µm
_06243_,3.42µm
_06460_,3.42µm
u_interface.u_gelu_fp32.s2_data\[22\],3.42µm
u_interface.u_gelu_fp32.u_synth_top.s3_b\[12\],3.42µm
u_interface.u_gelu_fp32.u_synth_top.s3_b\[6\],3.42µm
net81,3.42µm
net911,3.42µm
net918,3.42µm
net925,3.42µm
net957,3.42µm
net970,3.42µm
net1014,3.42µm
net1025,3.42µm
net1038,3.42µm
net1094,3.42µm
net1101,3.42µm
net1111,3.42µm
net1120,3.42µm
net1127,3.42µm
net1205,3.42µm
net1248,3.42µm
net1313,3.42µm
net1389,3.42µm
net1413,3.42µm
net1482,3.42µm
net1539,3.42µm
net1787,3.42µm
_00004_,3.405µm
_01178_,3.4µm
_02774_,3.4µm
_05963_,3.4µm
_00143_,3.345µm
_00255_,3.345µm
_00280_,3.345µm
_00536_,3.345µm
_00625_,3.345µm
_00757_,3.345µm
_01082_,3.345µm
_01089_,3.345µm
net1662,3.345µm
_00537_,3.34µm
_00712_,3.34µm
_00720_,3.34µm
_00834_,3.34µm
_00067_,3.32µm
_00103_,3.32µm
_00470_,3.32µm
_00475_,3.32µm
_00567_,3.32µm
_00807_,3.32µm
_01025_,3.32µm
_01199_,3.32µm
_02354_,3.32µm
net28,3.32µm
net986,3.32µm
net1075,3.32µm
net1091,3.32µm
net1117,3.32µm
net1133,3.32µm
net1184,3.32µm
net1210,3.32µm
net1359,3.32µm
net1533,3.32µm
net1671,3.32µm
net1675,3.32µm
_02371_,3.3µm
_02482_,3.3µm
_02681_,3.3µm
_02707_,3.3µm
_03478_,3.3µm
_04980_,3.3µm
net1280,3.3µm
_00369_,3.295µm
_04332_,3.25µm
_00024_,3.245µm
_00058_,3.245µm
_00063_,3.245µm
_00254_,3.245µm
_00324_,3.245µm
_00334_,3.245µm
_00342_,3.245µm
_00350_,3.245µm
_00419_,3.245µm
_00430_,3.245µm
_00434_,3.245µm
_00469_,3.245µm
_00557_,3.245µm
_00572_,3.245µm
_00587_,3.245µm
_00620_,3.245µm
_00624_,3.245µm
_00775_,3.245µm
_00991_,3.245µm
net869,3.245µm
net1653,3.245µm
net1667,3.245µm
_00782_,3.225µm
_01630_,3.22µm
_01757_,3.22µm
_01800_,3.22µm
_02428_,3.22µm
_04440_,3.22µm
_04834_,3.22µm
_05089_,3.22µm
_05612_,3.22µm
net923,3.22µm
net958,3.22µm
net1152,3.22µm
net1219,3.22µm
net1310,3.22µm
net1209,3.215µm
_00636_,3.2µm
_01245_,3.2µm
_02355_,3.2µm
_02979_,3.2µm
_03685_,3.2µm
_05112_,3.2µm
_05900_,3.2µm
net1386,3.2µm
_03096_,3.18µm
_04888_,3.18µm
_06112_,3.18µm
_06249_,3.18µm
net1166,3.18µm
_00043_,3.175µm
_00278_,3.175µm
_00631_,3.175µm
_01986_,3.175µm
_02835_,3.175µm
_00034_,3.145µm
_00661_,3.145µm
_00671_,3.145µm
_00788_,3.145µm
_00260_,3.125µm
_00341_,3.125µm
_00371_,3.125µm
net892,3.125µm
_02117_,3.115µm
_01167_,3.1µm
_02006_,3.1µm
_02115_,3.1µm
_02198_,3.1µm
_02248_,3.1µm
_02257_,3.1µm
_02322_,3.1µm
_02413_,3.1µm
_02438_,3.1µm
_02584_,3.1µm
_02718_,3.1µm
_03324_,3.1µm
_03329_,3.1µm
_03534_,3.1µm
_03700_,3.1µm
_03717_,3.1µm
_04054_,3.1µm
_04235_,3.1µm
_04492_,3.1µm
_04580_,3.1µm
_04683_,3.1µm
_04730_,3.1µm
_05271_,3.1µm
_05528_,3.1µm
_06266_,3.1µm
_06398_,3.1µm
net1417,3.1µm
net1447,3.1µm
_03094_,3.085µm
_00751_,3.08µm
_00903_,3.08µm
_00938_,3.08µm
_01124_,3.08µm
_01193_,3.08µm
_01281_,3.08µm
_01705_,3.08µm
_01929_,3.08µm
_02040_,3.08µm
_02065_,3.08µm
_02097_,3.08µm
_02109_,3.08µm
_02133_,3.08µm
_02225_,3.08µm
_02264_,3.08µm
_02298_,3.08µm
_02421_,3.08µm
_02467_,3.08µm
_02623_,3.08µm
_03080_,3.08µm
_03086_,3.08µm
_03109_,3.08µm
_03120_,3.08µm
_03164_,3.08µm
_03234_,3.08µm
_03419_,3.08µm
_03443_,3.08µm
_03582_,3.08µm
_04051_,3.08µm
_04157_,3.08µm
_04945_,3.08µm
_05326_,3.08µm
_05658_,3.08µm
_05665_,3.08µm
_05796_,3.08µm
_05808_,3.08µm
_05986_,3.08µm
_06351_,3.08µm
u_interface.u_gelu_fp32.u_synth_top.s1_x\[6\],3.08µm
net25,3.08µm
net943,3.08µm
net993,3.08µm
net1356,3.08µm
net1440,3.08µm
net1469,3.08µm
net1715,3.08µm
net1734,3.08µm
net1782,3.08µm
net1785,3.08µm
_00265_,3.065µm
_00722_,3.065µm
_00857_,3.065µm
_02022_,3.06µm
_00404_,3.055µm
_00018_,3.045µm
_00153_,3.045µm
_00544_,3.045µm
_00597_,3.045µm
_00099_,3.005µm
_00312_,3.005µm
_00926_,3.005µm
_04027_,2.99µm
_00283_,2.98µm
_00311_,2.98µm
_00634_,2.98µm
_01498_,2.98µm
_02416_,2.98µm
_03744_,2.98µm
_06141_,2.98µm
net46,2.98µm
net83,2.98µm
net931,2.98µm
net1243,2.98µm
net1626,2.98µm
_06305_,2.965µm
_01191_,2.96µm
_01247_,2.96µm
_01276_,2.96µm
_01312_,2.96µm
_01424_,2.96µm
_01870_,2.96µm
_01981_,2.96µm
_02135_,2.96µm
_02563_,2.96µm
_02583_,2.96µm
_02615_,2.96µm
_03079_,2.96µm
_03090_,2.96µm
_03154_,2.96µm
_03296_,2.96µm
_03474_,2.96µm
_03572_,2.96µm
_04073_,2.96µm
_04136_,2.96µm
_04262_,2.96µm
_04785_,2.96µm
_05411_,2.96µm
_05438_,2.96µm
_05504_,2.96µm
_05565_,2.96µm
_05627_,2.96µm
_05699_,2.96µm
_06155_,2.96µm
_06454_,2.96µm
_06457_,2.96µm
_06487_,2.96µm
u_interface.u_gelu_fp32.u_synth_top.s3_b\[16\],2.96µm
net15,2.96µm
net70,2.96µm
net84,2.96µm
net955,2.96µm
net972,2.96µm
net980,2.96µm
net1004,2.96µm
net1061,2.96µm
net1062,2.96µm
net1103,2.96µm
net1208,2.96µm
net1235,2.96µm
net1268,2.96µm
net1300,2.96µm
net1325,2.96µm
net1612,2.96µm
net1777,2.96µm
_00978_,2.955µm
_00589_,2.935µm
_00271_,2.885µm
_00358_,2.885µm
_00488_,2.885µm
_00858_,2.885µm
_00974_,2.885µm
_00988_,2.885µm
net1048,2.885µm
_00011_,2.86µm
_00274_,2.86µm
_00320_,2.86µm
_00444_,2.86µm
_00507_,2.86µm
_00637_,2.86µm
_00673_,2.86µm
_00750_,2.86µm
_00880_,2.86µm
_01031_,2.86µm
_01054_,2.86µm
_01070_,2.86µm
_01208_,2.86µm
_01379_,2.86µm
_01395_,2.86µm
_05006_,2.86µm
_05317_,2.86µm
net27,2.86µm
net1043,2.86µm
net1088,2.86µm
net1098,2.86µm
net1154,2.86µm
net1187,2.86µm
net1207,2.86µm
net1240,2.86µm
net1257,2.86µm
net1281,2.86µm
net1304,2.86µm
net1402,2.86µm
net1436,2.86µm
net1498,2.86µm
net1589,2.86µm
net1721,2.86µm
net1776,2.86µm
_01860_,2.84µm
_02430_,2.84µm
_04556_,2.84µm
_05165_,2.84µm
_06113_,2.84µm
u_interface.u_gelu_fp32.s1_data\[13\],2.84µm
_00425_,2.835µm
_00580_,2.835µm
_01045_,2.835µm
_00045_,2.785µm
_00070_,2.785µm
_00074_,2.785µm
_00086_,2.785µm
_00087_,2.785µm
_00088_,2.785µm
_00092_,2.785µm
_00097_,2.785µm
_00119_,2.785µm
_00129_,2.785µm
_00146_,2.785µm
_00150_,2.785µm
_00169_,2.785µm
_00178_,2.785µm
_00205_,2.785µm
_00235_,2.785µm
_00238_,2.785µm
_00272_,2.785µm
_00336_,2.785µm
_00345_,2.785µm
_00352_,2.785µm
_00359_,2.785µm
_00361_,2.785µm
_00555_,2.785µm
_00656_,2.785µm
_00657_,2.785µm
_00674_,2.785µm
_00702_,2.785µm
_00772_,2.785µm
_00839_,2.785µm
_01095_,2.785µm
net873,2.785µm
net880,2.785µm
_00996_,2.765µm
_01386_,2.76µm
_01581_,2.76µm
_02050_,2.76µm
_02342_,2.76µm
_04631_,2.76µm
_05278_,2.76µm
_05466_,2.76µm
net907,2.76µm
net987,2.76µm
net1082,2.76µm
net1179,2.76µm
net1191,2.76µm
net1244,2.76µm
net1258,2.76µm
net1283,2.76µm
net1448,2.76µm
net1677,2.76µm
_01240_,2.74µm
_01805_,2.74µm
_05669_,2.74µm
_06059_,2.74µm
_06187_,2.74µm
_06414_,2.74µm
net1722,2.74µm
_04555_,2.72µm
_00075_,2.715µm
_00327_,2.715µm
_00513_,2.715µm
_00655_,2.715µm
_00726_,2.715µm
_00752_,2.715µm
_00802_,2.715µm
_00808_,2.715µm
_00966_,2.715µm
_01956_,2.715µm
net1709,2.715µm
_00438_,2.705µm
_00677_,2.705µm
_00863_,2.66µm
_00506_,2.64µm
_01427_,2.64µm
_01990_,2.64µm
_02015_,2.64µm
_02374_,2.64µm
_03566_,2.64µm
_03737_,2.64µm
_04831_,2.64µm
_05134_,2.64µm
_05285_,2.64µm
_05442_,2.64µm
_05875_,2.64µm
_06016_,2.64µm
net1106,2.64µm
net1481,2.64µm
net1600,2.64µm
net1645,2.64µm
net1000,2.63µm
_05686_,2.625µm
_00882_,2.62µm
_00888_,2.62µm
_00891_,2.62µm
_01122_,2.62µm
_01127_,2.62µm
_01163_,2.62µm
_01445_,2.62µm
_01537_,2.62µm
_01808_,2.62µm
_02088_,2.62µm
_02160_,2.62µm
_02204_,2.62µm
_02356_,2.62µm
_02373_,2.62µm
_02381_,2.62µm
_02408_,2.62µm
_02749_,2.62µm
_03430_,2.62µm
_04019_,2.62µm
_04187_,2.62µm
_04331_,2.62µm
_04871_,2.62µm
_05189_,2.62µm
_05581_,2.62µm
_05647_,2.62µm
_05801_,2.62µm
_06008_,2.62µm
_06401_,2.62µm
u_interface.meta_tuser_pipe\[8\],2.62µm
u_interface.u_gelu_fp32.u_synth_top.s1_x\[11\],2.62µm
u_interface.u_gelu_fp32.u_synth_top.v_pipe\[2\],2.62µm
net920,2.62µm
net946,2.62µm
net1430,2.62µm
net1474,2.62µm
net1531,2.62µm
net1568,2.62µm
net1679,2.62µm
net1774,2.62µm
net1784,2.62µm
_00710_,2.605µm
_00824_,2.605µm
_00827_,2.605µm
net953,2.605µm
_00879_,2.595µm
net867,2.595µm
net899,2.595µm
net1551,2.595µm
_00675_,2.585µm
_00684_,2.585µm
_00687_,2.585µm
_00691_,2.585µm
_00971_,2.585µm
_00784_,2.55µm
_00091_,2.545µm
_00128_,2.545µm
_00210_,2.545µm
_00349_,2.545µm
_00432_,2.545µm
_00436_,2.545µm
_00464_,2.545µm
_00508_,2.545µm
_00510_,2.545µm
_00541_,2.545µm
_00554_,2.545µm
_00708_,2.545µm
_00990_,2.545µm
_01057_,2.545µm
_01072_,2.545µm
_01073_,2.545µm
_01084_,2.545µm
net878,2.545µm
_00023_,2.54µm
_00721_,2.54µm
_00729_,2.54µm
_00793_,2.52µm
_01460_,2.52µm
_02433_,2.52µm
_04913_,2.52µm
_05133_,2.52µm
_05651_,2.52µm
_05725_,2.52µm
_05868_,2.52µm
_05999_,2.52µm
_06263_,2.52µm
_06296_,2.52µm
_06380_,2.52µm
_06456_,2.52µm
net86,2.52µm
net149,2.52µm
net1135,2.52µm
net1541,2.52µm
_01204_,2.5µm
_01212_,2.5µm
_01611_,2.5µm
_01866_,2.5µm
_02012_,2.5µm
_02028_,2.5µm
_02144_,2.5µm
_02214_,2.5µm
_02293_,2.5µm
_02395_,2.5µm
_02420_,2.5µm
_02434_,2.5µm
_02506_,2.5µm
_02533_,2.5µm
_03029_,2.5µm
_03147_,2.5µm
_03177_,2.5µm
_03545_,2.5µm
_03934_,2.5µm
_04773_,2.5µm
_04935_,2.5µm
_04950_,2.5µm
_04986_,2.5µm
_05025_,2.5µm
_05066_,2.5µm
_05082_,2.5µm
_05177_,2.5µm
_05214_,2.5µm
_05265_,2.5µm
_05289_,2.5µm
_05523_,2.5µm
_05574_,2.5µm
_05683_,2.5µm
_05695_,2.5µm
_05716_,2.5µm
_05732_,2.5µm
_05747_,2.5µm
_05946_,2.5µm
_05966_,2.5µm
_05974_,2.5µm
_06037_,2.5µm
_06068_,2.5µm
_06095_,2.5µm
_06160_,2.5µm
_06264_,2.5µm
_06272_,2.5µm
_06469_,2.5µm
net18,2.5µm
net42,2.5µm
net43,2.5µm
net82,2.5µm
net103,2.5µm
net104,2.5µm
net927,2.5µm
net989,2.5µm
net1266,2.5µm
net1275,2.5µm
net1398,2.5µm
_00216_,2.485µm
_00551_,2.485µm
_00917_,2.485µm
_01046_,2.485µm
net1610,2.485µm
_05767_,2.46µm
_00268_,2.42µm
_00482_,2.42µm
_00560_,2.42µm
_00790_,2.42µm
_00792_,2.42µm
_00794_,2.42µm
_00803_,2.42µm
_01298_,2.4µm
_01833_,2.4µm
_06397_,2.4µm
net948,2.4µm
net976,2.4µm
net988,2.4µm
net1009,2.4µm
net1112,2.4µm
net1149,2.4µm
net1171,2.4µm
net1247,2.4µm
net1315,2.4µm
net1382,2.4µm
net1406,2.4µm
net1414,2.4µm
net1416,2.4µm
net1419,2.4µm
net1524,2.4µm
_02777_,2.38µm
_04438_,2.38µm
_06012_,2.38µm
_06123_,2.38µm
net1293,2.38µm
_00192_,2.375µm
_00196_,2.375µm
_00226_,2.375µm
_00269_,2.375µm
_00332_,2.375µm
_00362_,2.375µm
_00458_,2.375µm
_00596_,2.375µm
_00704_,2.375µm
_00724_,2.375µm
_00859_,2.375µm
_01039_,2.375µm
_01094_,2.375µm
net1595,2.375µm
_00012_,2.325µm
_00044_,2.325µm
_00084_,2.325µm
_00098_,2.325µm
_00149_,2.325µm
_00155_,2.325µm
_00157_,2.325µm
_00252_,2.325µm
_00329_,2.325µm
_00344_,2.325µm
_00353_,2.325µm
_00354_,2.325µm
_00403_,2.325µm
_00590_,2.325µm
_00623_,2.325µm
_00770_,2.325µm
_00847_,2.325µm
_00912_,2.325µm
_01067_,2.325µm
_01077_,2.325µm
net868,2.325µm
net876,2.325µm
net1636,2.325µm
_01639_,2.3µm
_04914_,2.3µm
_05209_,2.3µm
_05273_,2.3µm
_05423_,2.3µm
_05835_,2.3µm
_06381_,2.3µm
_06415_,2.3µm
net930,2.3µm
net945,2.3µm
net959,2.3µm
net1005,2.3µm
net1006,2.3µm
net1007,2.3µm
net1023,2.3µm
net1030,2.3µm
net1037,2.3µm
net1049,2.3µm
net1060,2.3µm
net1069,2.3µm
net1079,2.3µm
net1097,2.3µm
net1100,2.3µm
net1102,2.3µm
net1108,2.3µm
net1110,2.3µm
net1123,2.3µm
net1125,2.3µm
net1129,2.3µm
net1136,2.3µm
net1143,2.3µm
net1155,2.3µm
net1159,2.3µm
net1168,2.3µm
net1194,2.3µm
net1195,2.3µm
net1196,2.3µm
net1206,2.3µm
net1225,2.3µm
net1229,2.3µm
net1251,2.3µm
net1265,2.3µm
net1297,2.3µm
net1335,2.3µm
net1338,2.3µm
net1340,2.3µm
net1342,2.3µm
net1352,2.3µm
net1369,2.3µm
net1396,2.3µm
net1397,2.3µm
net1407,2.3µm
net1422,2.3µm
net1434,2.3µm
net1443,2.3µm
net1453,2.3µm
net1457,2.3µm
net1464,2.3µm
net1466,2.3µm
net1480,2.3µm
net1522,2.3µm
net1564,2.3µm
net1581,2.3µm
net1586,2.3µm
net1708,2.3µm
net1751,2.3µm
net1783,2.3µm
_05462_,2.28µm
_05783_,2.28µm
_06405_,2.28µm
net1156,2.28µm
_00227_,2.255µm
_00299_,2.255µm
_00480_,2.255µm
_00934_,2.255µm
_01064_,2.255µm
_06220_,2.19µm
_01963_,2.18µm
_02278_,2.18µm
_02411_,2.18µm
_02435_,2.18µm
_02630_,2.18µm
_02664_,2.18µm
_03418_,2.18µm
_03476_,2.18µm
_03577_,2.18µm
_04048_,2.18µm
_04259_,2.18µm
_04281_,2.18µm
_04374_,2.18µm
_04836_,2.18µm
_04939_,2.18µm
_05138_,2.18µm
_05268_,2.18µm
_05366_,2.18µm
_05382_,2.18µm
_05789_,2.18µm
_05893_,2.18µm
_06079_,2.18µm
_06288_,2.18µm
_01007_,2.16µm
_01015_,2.16µm
_01349_,2.16µm
_01769_,2.16µm
_01881_,2.16µm
_01991_,2.16µm
_02085_,2.16µm
_02103_,2.16µm
_02121_,2.16µm
_02370_,2.16µm
_02386_,2.16µm
_02422_,2.16µm
_02875_,2.16µm
_03124_,2.16µm
_03442_,2.16µm
_03538_,2.16µm
_04154_,2.16µm
_04464_,2.16µm
_04574_,2.16µm
_04698_,2.16µm
_04708_,2.16µm
_04757_,2.16µm
_04759_,2.16µm
_04788_,2.16µm
_04964_,2.16µm
_05085_,2.16µm
_05179_,2.16µm
_05274_,2.16µm
_05481_,2.16µm
_05531_,2.16µm
_05636_,2.16µm
_05748_,2.16µm
_05830_,2.16µm
_05992_,2.16µm
_06116_,2.16µm
_06166_,2.16µm
_06195_,2.16µm
_06215_,2.16µm
_06363_,2.16µm
_06446_,2.16µm
_06475_,2.16µm
u_interface.u_gelu_fp32.u_synth_top.s1_x\[9\],2.16µm
u_interface.u_gelu_fp32.u_synth_top.s2_b\[3\],2.16µm
net910,2.16µm
net922,2.16µm
net1081,2.16µm
net1158,2.16µm
net1631,2.16µm
net1724,2.16µm
_00668_,2.145µm
_00718_,2.145µm
_00719_,2.145µm
_00762_,2.145µm
_00826_,2.145µm
_00242_,2.125µm
_00303_,2.125µm
_00339_,2.125µm
_00384_,2.125µm
_00558_,2.125µm
_00937_,2.125µm
_00137_,2.085µm
_00433_,2.085µm
_00743_,2.085µm
_00914_,2.085µm
_01061_,2.085µm
_01063_,2.085µm
net938,2.085µm
net1615,2.085µm
_00197_,2.08µm
_01056_,2.08µm
_01434_,2.06µm
_01752_,2.06µm
_01969_,2.06µm
_02120_,2.06µm
_02436_,2.06µm
_03106_,2.06µm
_04011_,2.06µm
_04082_,2.06µm
_06084_,2.06µm
_06450_,2.06µm
_06453_,2.06µm
u_interface.u_gelu_fp32.u_synth_top.s1_x\[15\],2.06µm
net69,2.06µm
net76,2.06µm
net78,2.06µm
net99,2.06µm
_01117_,2.04µm
_01131_,2.04µm
_01576_,2.04µm
_01797_,2.04µm
_01924_,2.04µm
_02071_,2.04µm
_02091_,2.04µm
_02295_,2.04µm
_02379_,2.04µm
_02383_,2.04µm
_02384_,2.04µm
_02397_,2.04µm
_02745_,2.04µm
_03569_,2.04µm
_03794_,2.04µm
_03891_,2.04µm
_04121_,2.04µm
_05323_,2.04µm
_05354_,2.04µm
_05363_,2.04µm
_05365_,2.04µm
_05623_,2.04µm
_05690_,2.04µm
_05694_,2.04µm
_06232_,2.04µm
net23,2.04µm
net66,2.04µm
net80,2.04µm
net87,2.04µm
net1070,2.04µm
net1126,2.04µm
net1261,2.04µm
net1322,2.04µm
net1460,2.04µm
_00313_,2.035µm
_00046_,2.025µm
_00054_,2.025µm
_00062_,2.025µm
_00289_,2.025µm
_00407_,2.025µm
_00435_,2.025µm
_00443_,2.025µm
_00466_,2.025µm
_00472_,2.025µm
_00484_,2.025µm
_00559_,2.025µm
_00612_,2.025µm
_00632_,2.025µm
_00878_,2.025µm
_00995_,2.025µm
_01229_,1.94µm
_01260_,1.94µm
_01856_,1.94µm
_05490_,1.94µm
_06301_,1.94µm
net37,1.94µm
net962,1.94µm
net964,1.94µm
net974,1.94µm
net1022,1.94µm
net1095,1.94µm
net1222,1.94µm
net1223,1.94µm
net1331,1.94µm
net1350,1.94µm
net1354,1.94µm
net1360,1.94µm
net1433,1.94µm
net1502,1.94µm
net1570,1.94µm
net1578,1.94µm
_00017_,1.915µm
_00108_,1.915µm
_00447_,1.915µm
_00465_,1.915µm
_00679_,1.915µm
_00683_,1.915µm
_00754_,1.915µm
_00983_,1.915µm
_06262_,1.915µm
_00068_,1.865µm
_00095_,1.865µm
_00126_,1.865µm
_00147_,1.865µm
_00194_,1.865µm
_00222_,1.865µm
_00228_,1.865µm
_00253_,1.865µm
_00300_,1.865µm
_00456_,1.865µm
_00516_,1.865µm
_00518_,1.865µm
_00521_,1.865µm
_00565_,1.865µm
_00654_,1.865µm
_00667_,1.865µm
_00678_,1.865µm
_00744_,1.865µm
_00745_,1.865µm
_00874_,1.865µm
_00919_,1.865µm
_00986_,1.865µm
_00987_,1.865µm
_00989_,1.865µm
_01029_,1.865µm
_01038_,1.865µm
_01052_,1.865µm
_01059_,1.865µm
_01249_,1.84µm
_01412_,1.84µm
_01983_,1.84µm
_02069_,1.84µm
_03127_,1.84µm
_03327_,1.84µm
_04396_,1.84µm
_04466_,1.84µm
_04542_,1.84µm
_04585_,1.84µm
_04689_,1.84µm
_05632_,1.84µm
_05779_,1.84µm
_05799_,1.84µm
_05813_,1.84µm
_05866_,1.84µm
_05937_,1.84µm
_06100_,1.84µm
_06179_,1.84µm
net939,1.84µm
net1217,1.84µm
net1347,1.84µm
net1441,1.84µm
net1444,1.84µm
net1449,1.84µm
net1452,1.84µm
net1468,1.84µm
net1484,1.84µm
net1495,1.84µm
net1512,1.84µm
net1526,1.84µm
net1527,1.84µm
net1530,1.84µm
net1535,1.84µm
net1545,1.84µm
net1563,1.84µm
net1572,1.84µm
net1611,1.84µm
net1750,1.84µm
net1764,1.84µm
_01275_,1.82µm
_01407_,1.82µm
_03912_,1.82µm
_01018_,1.72µm
_01224_,1.72µm
_02118_,1.72µm
_02139_,1.72µm
_02382_,1.72µm
_02407_,1.72µm
_02414_,1.72µm
_02419_,1.72µm
_02432_,1.72µm
_04745_,1.72µm
_05039_,1.72µm
_05525_,1.72µm
_05932_,1.72µm
net1427,1.72µm
_00887_,1.7µm
_00907_,1.7µm
_01112_,1.7µm
_01221_,1.7µm
_01253_,1.7µm
_01499_,1.7µm
_01847_,1.7µm
_01933_,1.7µm
_01953_,1.7µm
_02031_,1.7µm
_02053_,1.7µm
_02063_,1.7µm
_02211_,1.7µm
_02388_,1.7µm
_02392_,1.7µm
_02457_,1.7µm
_02606_,1.7µm
_02637_,1.7µm
_03107_,1.7µm
_03525_,1.7µm
_03579_,1.7µm
_03902_,1.7µm
_03931_,1.7µm
_04225_,1.7µm
_04549_,1.7µm
_04905_,1.7µm
_04943_,1.7µm
_05188_,1.7µm
_05444_,1.7µm
_05479_,1.7µm
_05497_,1.7µm
_05605_,1.7µm
_05753_,1.7µm
_05756_,1.7µm
_05758_,1.7µm
_06157_,1.7µm
_06260_,1.7µm
_06416_,1.7µm
_06440_,1.7µm
_06478_,1.7µm
_06480_,1.7µm
u_interface.u_gelu_fp32.u_q16_to_fp32.s2_exp\[2\],1.7µm
u_interface.u_gelu_fp32.u_q16_to_fp32.s2_is_zero,1.7µm
net53,1.7µm
net63,1.7µm
_00666_,1.685µm
_00670_,1.685µm
_00693_,1.685µm
_00829_,1.685µm
_00981_,1.685µm
_00985_,1.685µm
net883,1.685µm
net885,1.685µm
net888,1.685µm
net1517,1.685µm
net1691,1.685µm
_01751_,1.6µm
_01935_,1.6µm
_01950_,1.6µm
_01951_,1.6µm
_01955_,1.6µm
_02860_,1.6µm
_03899_,1.6µm
_04234_,1.6µm
u_interface.meta_tlast_pipe\[6\],1.6µm
_00135_,1.575µm
net1710,1.53µm
net1739,1.49µm
_01539_,1.48µm
_01846_,1.48µm
_02021_,1.48µm
_05402_,1.48µm
_06175_,1.48µm
_06412_,1.48µm
net966,1.48µm
net975,1.48µm
net1050,1.48µm
net1064,1.48µm
net1066,1.48µm
net1169,1.48µm
net1255,1.48µm
net1277,1.48µm
net1284,1.48µm
net1309,1.48µm
net1367,1.48µm
net1381,1.48µm
net1684,1.48µm
_00282_,1.405µm
_00450_,1.405µm
_00761_,1.405µm
_01027_,1.405µm
_01042_,1.405µm
_01053_,1.405µm
net866,1.405µm
net877,1.405µm
net890,1.405µm
_01174_,1.38µm
_01326_,1.38µm
_01345_,1.38µm
_01491_,1.38µm
_01916_,1.38µm
_02442_,1.38µm
_02649_,1.38µm
_03064_,1.38µm
_03343_,1.38µm
_03702_,1.38µm
_03820_,1.38µm
_04607_,1.38µm
_05084_,1.38µm
_05175_,1.38µm
_05249_,1.38µm
_05309_,1.38µm
_05361_,1.38µm
_05446_,1.38µm
_05530_,1.38µm
_05607_,1.38µm
_05685_,1.38µm
_06021_,1.38µm
_06075_,1.38µm
net942,1.38µm
net956,1.38µm
net1644,1.38µm
net1649,1.38µm
net1732,1.38µm
net1781,1.38µm
_01827_,1.36µm
_06289_,1.36µm
u_interface.u_gelu_fp32.u_fp32_to_q16.s3_sign,1.36µm
_05062_,1.31µm
_00519_,1.26µm
_01010_,1.26µm
_01429_,1.26µm
_01844_,1.26µm
_02008_,1.26µm
_02024_,1.26µm
_02372_,1.26µm
_02376_,1.26µm
_02378_,1.26µm
_02403_,1.26µm
_02406_,1.26µm
_02797_,1.26µm
_03593_,1.26µm
_04198_,1.26µm
_04798_,1.26µm
_04872_,1.26µm
_04987_,1.26µm
_05132_,1.26µm
_05584_,1.26µm
_05619_,1.26µm
_05759_,1.26µm
u_interface.u_gelu_fp32.u_synth_top.s1_x\[14\],1.26µm
u_interface.u_gelu_fp32.u_synth_top.v_pipe\[0\],1.26µm
net49,1.26µm
net1230,1.15µm
_00892_,1.14µm
_02129_,1.14µm
_02349_,1.14µm
_03081_,1.14µm
_06322_,1.14µm
u_interface.fifo_rd_ptr\[0\],1.14µm
_02358_,1.02µm
net5,1.02µm
net1027,1.02µm
net1029,1.02µm
net1031,1.02µm
net1034,1.02µm
net1084,1.02µm
net1096,1.02µm
net1138,1.02µm
net1173,1.02µm
net1214,1.02µm
net1332,1.02µm
net1370,1.02µm
net1423,1.02µm
_03069_,0.94µm
_01374_,0.92µm
_01583_,0.92µm
_01774_,0.92µm
_01931_,0.92µm
_01989_,0.92µm
_01999_,0.92µm
_02005_,0.92µm
_02056_,0.92µm
_02380_,0.92µm
_02660_,0.92µm
_02997_,0.92µm
_03433_,0.92µm
_04041_,0.92µm
_04565_,0.92µm
_04738_,0.92µm
_04920_,0.92µm
_04971_,0.92µm
_04991_,0.92µm
_05011_,0.92µm
_05205_,0.92µm
_05298_,0.92µm
_05390_,0.92µm
_05394_,0.92µm
_05535_,0.92µm
_05554_,0.92µm
_05916_,0.92µm
net1714,0.92µm
net1731,0.92µm
_00706_,0.8µm
_00881_,0.8µm
_00894_,0.8µm
_00896_,0.8µm
_00898_,0.8µm
_01012_,0.8µm
_01799_,0.8µm
_01945_,0.8µm
_02094_,0.8µm
_02112_,0.8µm
_02124_,0.8µm
_02151_,0.8µm
_02301_,0.8µm
_02396_,0.8µm
_02452_,0.8µm
_03626_,0.8µm
_04193_,0.8µm
_04600_,0.8µm
_04633_,0.8µm
_05108_,0.8µm
_06399_,0.8µm
_06407_,0.8µm
u_interface.meta_tuser_pipe\[6\],0.8µm
u_interface.meta_tuser_pipe\[7\],0.8µm
net174,0.8µm
_01804_,0.46µm
_01980_,0.46µm
_01996_,0.46µm
_02260_,0.46µm
_02287_,0.46µm
_02399_,0.46µm
_03237_,0.46µm
_03818_,0.46µm
_04012_,0.46µm
_04119_,0.46µm
_04711_,0.46µm
_04842_,0.46µm
_04848_,0.46µm
_05019_,0.46µm
_05233_,0.46µm
_05294_,0.46µm
_06065_,0.46µm
_06408_,0.46µm
_06411_,0.46µm
net36,0.46µm
net1686,0.46µm
