
===========================================================================
report_checks -unconstrained
===========================================================================
======================= nom_ff_n40C_1v95 Corner ===================================

Startpoint: rst (input port clocked by clk)
Endpoint: _13690_ (rising edge-triggered flip-flop clocked by clk)
Path Group: clk
Path Type: max

Fanout         Cap        Slew       Delay        Time   Description
---------------------------------------------------------------------------------------------
                      0.150000    0.000000    0.000000   clock clk (rise edge)
                                  0.000000    0.000000   clock network delay (ideal)
                                  4.000000    4.000000 ^ input external delay
   277    0.904000    3.028229    2.116475    6.116475 ^ rst (in)
                                                         rst (net)
                      3.028229    0.000000    6.116475 ^ _06504_/A (sky130_fd_sc_hd__inv_2)
   150    0.288763    1.032882    0.877226    6.993701 v _06504_/Y (sky130_fd_sc_hd__inv_2)
                                                         _01104_ (net)
                      1.032882    0.000000    6.993701 v _07406_/B (sky130_fd_sc_hd__and2_2)
    20    0.045541    0.113249    0.502321    7.496022 v _07406_/X (sky130_fd_sc_hd__and2_2)
                                                         _01542_ (net)
                      0.113249    0.000000    7.496022 v _07993_/A2 (sky130_fd_sc_hd__a32o_2)
     1    0.001395    0.040314    0.159025    7.655046 v _07993_/X (sky130_fd_sc_hd__a32o_2)
                                                         _01860_ (net)
                      0.040314    0.000000    7.655046 v _07994_/B (sky130_fd_sc_hd__or2_2)
     1    0.001783    0.034012    0.153793    7.808839 v _07994_/X (sky130_fd_sc_hd__or2_2)
                                                         _00700_ (net)
                      0.034012    0.000000    7.808839 v _13690_/D (sky130_fd_sc_hd__dfxtp_2)
                                              7.808839   data arrival time

                      0.150000   22.000000   22.000000   clock clk (rise edge)
                                  0.000000   22.000000   clock network delay (ideal)
                                 -0.250000   21.750002   clock uncertainty
                                  0.000000   21.750002   clock reconvergence pessimism
                                             21.750002 ^ _13690_/CLK (sky130_fd_sc_hd__dfxtp_2)
                                 -0.060584   21.689417   library setup time
                                             21.689417   data required time
---------------------------------------------------------------------------------------------
                                             21.689417   data required time
                                             -7.808839   data arrival time
---------------------------------------------------------------------------------------------
                                             13.880578   slack (MET)




===========================================================================
report_checks --slack_max -0.01
============================================================================
======================= nom_ff_n40C_1v95 Corner ===================================

No paths found.


===========================================================================
 report_check_types -max_slew -max_cap -max_fanout -violators
============================================================================
======================= nom_ff_n40C_1v95 Corner ===================================

max slew

Pin                                        Limit        Slew       Slack
------------------------------------------------------------------------
_06613_/S0                              0.750000    3.074389   -2.324388 (VIOLATED)
_06615_/S0                              0.750000    3.074389   -2.324388 (VIOLATED)
_06617_/S0                              0.750000    3.074389   -2.324388 (VIOLATED)
_06618_/S0                              0.750000    3.074389   -2.324388 (VIOLATED)
_06621_/S0                              0.750000    3.074389   -2.324388 (VIOLATED)
_06623_/S0                              0.750000    3.074389   -2.324388 (VIOLATED)
_06625_/S0                              0.750000    3.074389   -2.324388 (VIOLATED)
_06626_/S0                              0.750000    3.074389   -2.324388 (VIOLATED)
_06629_/S0                              0.750000    3.074389   -2.324388 (VIOLATED)
_06631_/S0                              0.750000    3.074389   -2.324388 (VIOLATED)
_06633_/S0                              0.750000    3.074389   -2.324388 (VIOLATED)
_06634_/S0                              0.750000    3.074389   -2.324388 (VIOLATED)
_06637_/S0                              0.750000    3.074389   -2.324388 (VIOLATED)
_06638_/S0                              0.750000    3.074389   -2.324388 (VIOLATED)
_06641_/S0                              0.750000    3.074389   -2.324388 (VIOLATED)
_06642_/S0                              0.750000    3.074389   -2.324388 (VIOLATED)
_06645_/S0                              0.750000    3.074389   -2.324388 (VIOLATED)
_06647_/S0                              0.750000    3.074389   -2.324388 (VIOLATED)
_06649_/S0                              0.750000    3.074389   -2.324388 (VIOLATED)
_06650_/S0                              0.750000    3.074389   -2.324388 (VIOLATED)
_06653_/S0                              0.750000    3.074389   -2.324388 (VIOLATED)
_06655_/S0                              0.750000    3.074389   -2.324388 (VIOLATED)
_06657_/S0                              0.750000    3.074389   -2.324388 (VIOLATED)
_06658_/S0                              0.750000    3.074389   -2.324388 (VIOLATED)
_06661_/S0                              0.750000    3.074389   -2.324388 (VIOLATED)
_06662_/S0                              0.750000    3.074389   -2.324388 (VIOLATED)
_06665_/S0                              0.750000    3.074389   -2.324388 (VIOLATED)
_06666_/S0                              0.750000    3.074389   -2.324388 (VIOLATED)
_06669_/S0                              0.750000    3.074389   -2.324388 (VIOLATED)
_06670_/S0                              0.750000    3.074389   -2.324388 (VIOLATED)
_06673_/S0                              0.750000    3.074389   -2.324388 (VIOLATED)
_06674_/S0                              0.750000    3.074389   -2.324388 (VIOLATED)
_06677_/S0                              0.750000    3.074389   -2.324388 (VIOLATED)
_06679_/S0                              0.750000    3.074389   -2.324388 (VIOLATED)
_06681_/S0                              0.750000    3.074389   -2.324388 (VIOLATED)
_06682_/S0                              0.750000    3.074389   -2.324388 (VIOLATED)
_06685_/S0                              0.750000    3.074389   -2.324388 (VIOLATED)
_06686_/S0                              0.750000    3.074389   -2.324388 (VIOLATED)
_06689_/S0                              0.750000    3.074389   -2.324388 (VIOLATED)
_06690_/S0                              0.750000    3.074389   -2.324388 (VIOLATED)
_06693_/S0                              0.750000    3.074389   -2.324388 (VIOLATED)
_06694_/S0                              0.750000    3.074389   -2.324388 (VIOLATED)
_06697_/S0                              0.750000    3.074389   -2.324388 (VIOLATED)
_06698_/S0                              0.750000    3.074389   -2.324388 (VIOLATED)
_06701_/S0                              0.750000    3.074389   -2.324388 (VIOLATED)
_06703_/S0                              0.750000    3.074389   -2.324388 (VIOLATED)
_06705_/S0                              0.750000    3.074389   -2.324388 (VIOLATED)
_06706_/S0                              0.750000    3.074389   -2.324388 (VIOLATED)
_06709_/S0                              0.750000    3.074389   -2.324388 (VIOLATED)
_06710_/S0                              0.750000    3.074389   -2.324388 (VIOLATED)
_06713_/S0                              0.750000    3.074389   -2.324388 (VIOLATED)
_06714_/S0                              0.750000    3.074389   -2.324388 (VIOLATED)
_06717_/S0                              0.750000    3.074389   -2.324388 (VIOLATED)
_06718_/S0                              0.750000    3.074389   -2.324388 (VIOLATED)
_06721_/S0                              0.750000    3.074389   -2.324388 (VIOLATED)
_06722_/S0                              0.750000    3.074389   -2.324388 (VIOLATED)
_06725_/S0                              0.750000    3.074389   -2.324388 (VIOLATED)
_06727_/S0                              0.750000    3.074389   -2.324388 (VIOLATED)
_06729_/S0                              0.750000    3.074389   -2.324388 (VIOLATED)
_06730_/S0                              0.750000    3.074389   -2.324388 (VIOLATED)
_06733_/S0                              0.750000    3.074389   -2.324388 (VIOLATED)
_06734_/S0                              0.750000    3.074389   -2.324388 (VIOLATED)
_06737_/S0                              0.750000    3.074389   -2.324388 (VIOLATED)
_06738_/S0                              0.750000    3.074389   -2.324388 (VIOLATED)
_06741_/S0                              0.750000    3.074389   -2.324388 (VIOLATED)
_06742_/S0                              0.750000    3.074389   -2.324388 (VIOLATED)
_06745_/S0                              0.750000    3.074389   -2.324388 (VIOLATED)
_06746_/S0                              0.750000    3.074389   -2.324388 (VIOLATED)
_06749_/S0                              0.750000    3.074389   -2.324388 (VIOLATED)
_06751_/S0                              0.750000    3.074389   -2.324388 (VIOLATED)
_06753_/S0                              0.750000    3.074389   -2.324388 (VIOLATED)
_06754_/S0                              0.750000    3.074389   -2.324388 (VIOLATED)
_06757_/S0                              0.750000    3.074389   -2.324388 (VIOLATED)
_06758_/S0                              0.750000    3.074389   -2.324388 (VIOLATED)
_06761_/S0                              0.750000    3.074389   -2.324388 (VIOLATED)
_06762_/S0                              0.750000    3.074389   -2.324388 (VIOLATED)
_06765_/S0                              0.750000    3.074389   -2.324388 (VIOLATED)
_06766_/S0                              0.750000    3.074389   -2.324388 (VIOLATED)
_06769_/S0                              0.750000    3.074389   -2.324388 (VIOLATED)
_06770_/S0                              0.750000    3.074389   -2.324388 (VIOLATED)
_06773_/S0                              0.750000    3.074389   -2.324388 (VIOLATED)
_06775_/S0                              0.750000    3.074389   -2.324388 (VIOLATED)
_06777_/S0                              0.750000    3.074389   -2.324388 (VIOLATED)
_06778_/S0                              0.750000    3.074389   -2.324388 (VIOLATED)
_06781_/S0                              0.750000    3.074389   -2.324388 (VIOLATED)
_06782_/S0                              0.750000    3.074389   -2.324388 (VIOLATED)
_06785_/S0                              0.750000    3.074389   -2.324388 (VIOLATED)
_06786_/S0                              0.750000    3.074389   -2.324388 (VIOLATED)
_06789_/S0                              0.750000    3.074389   -2.324388 (VIOLATED)
_06790_/S0                              0.750000    3.074389   -2.324388 (VIOLATED)
_06793_/S0                              0.750000    3.074389   -2.324388 (VIOLATED)
_06794_/S0                              0.750000    3.074389   -2.324388 (VIOLATED)
_06797_/S0                              0.750000    3.074389   -2.324388 (VIOLATED)
_06799_/S0                              0.750000    3.074389   -2.324388 (VIOLATED)
_06801_/S0                              0.750000    3.074389   -2.324388 (VIOLATED)
_06802_/S0                              0.750000    3.074389   -2.324388 (VIOLATED)
_06805_/S0                              0.750000    3.074389   -2.324388 (VIOLATED)
_06806_/S0                              0.750000    3.074389   -2.324388 (VIOLATED)
_06809_/S0                              0.750000    3.074389   -2.324388 (VIOLATED)
_06810_/S0                              0.750000    3.074389   -2.324388 (VIOLATED)
_06813_/S0                              0.750000    3.074389   -2.324388 (VIOLATED)
_06814_/S0                              0.750000    3.074389   -2.324388 (VIOLATED)
_06817_/S0                              0.750000    3.074389   -2.324388 (VIOLATED)
_06818_/S0                              0.750000    3.074389   -2.324388 (VIOLATED)
_06821_/S0                              0.750000    3.074389   -2.324388 (VIOLATED)
_06823_/S0                              0.750000    3.074389   -2.324388 (VIOLATED)
_06825_/S0                              0.750000    3.074389   -2.324388 (VIOLATED)
_06826_/S0                              0.750000    3.074389   -2.324388 (VIOLATED)
_06829_/S0                              0.750000    3.074389   -2.324388 (VIOLATED)
_06830_/S0                              0.750000    3.074389   -2.324388 (VIOLATED)
_06833_/S0                              0.750000    3.074389   -2.324388 (VIOLATED)
_06834_/S0                              0.750000    3.074389   -2.324388 (VIOLATED)
_06837_/S0                              0.750000    3.074389   -2.324388 (VIOLATED)
_06838_/S0                              0.750000    3.074389   -2.324388 (VIOLATED)
_06841_/S0                              0.750000    3.074389   -2.324388 (VIOLATED)
_06842_/S0                              0.750000    3.074389   -2.324388 (VIOLATED)
_06845_/S0                              0.750000    3.074389   -2.324388 (VIOLATED)
_06847_/S0                              0.750000    3.074389   -2.324388 (VIOLATED)
_06849_/S0                              0.750000    3.074389   -2.324388 (VIOLATED)
_06850_/S0                              0.750000    3.074389   -2.324388 (VIOLATED)
_06853_/S0                              0.750000    3.074389   -2.324388 (VIOLATED)
_06854_/S0                              0.750000    3.074389   -2.324388 (VIOLATED)
_06857_/S0                              0.750000    3.074389   -2.324388 (VIOLATED)
_06858_/S0                              0.750000    3.074389   -2.324388 (VIOLATED)
_06861_/S0                              0.750000    3.074389   -2.324388 (VIOLATED)
_06862_/S0                              0.750000    3.074389   -2.324388 (VIOLATED)
_06865_/S0                              0.750000    3.074389   -2.324388 (VIOLATED)
_06866_/S0                              0.750000    3.074389   -2.324388 (VIOLATED)
_06869_/S0                              0.750000    3.074389   -2.324388 (VIOLATED)
_06871_/S0                              0.750000    3.074389   -2.324388 (VIOLATED)
_06873_/S0                              0.750000    3.074389   -2.324388 (VIOLATED)
_06874_/S0                              0.750000    3.074389   -2.324388 (VIOLATED)
_06877_/S0                              0.750000    3.074389   -2.324388 (VIOLATED)
_06878_/S0                              0.750000    3.074389   -2.324388 (VIOLATED)
_06881_/S0                              0.750000    3.074389   -2.324388 (VIOLATED)
_06882_/S0                              0.750000    3.074389   -2.324388 (VIOLATED)
_13254_/Q                               0.750000    3.074389   -2.324388 (VIOLATED)
rst                                     0.750000    3.028229   -2.278229 (VIOLATED)
_06504_/A                               0.750000    3.028229   -2.278229 (VIOLATED)
_06975_/C                               0.750000    3.028229   -2.278229 (VIOLATED)
_06979_/C                               0.750000    3.028229   -2.278229 (VIOLATED)
_06982_/D                               0.750000    3.028229   -2.278229 (VIOLATED)
_06987_/A                               0.750000    3.028229   -2.278229 (VIOLATED)
_06997_/A                               0.750000    3.028229   -2.278229 (VIOLATED)
_07005_/A                               0.750000    3.028229   -2.278229 (VIOLATED)
_07013_/A                               0.750000    3.028229   -2.278229 (VIOLATED)
_07226_/B1                              0.750000    3.028229   -2.278229 (VIOLATED)
_07234_/B1                              0.750000    3.028229   -2.278229 (VIOLATED)
_07399_/B                               0.750000    3.028229   -2.278229 (VIOLATED)
_07405_/A1                              0.750000    3.028229   -2.278229 (VIOLATED)
_07434_/A1                              0.750000    3.028229   -2.278229 (VIOLATED)
_07466_/A1                              0.750000    3.028229   -2.278229 (VIOLATED)
_07481_/A1                              0.750000    3.028229   -2.278229 (VIOLATED)
_07495_/A1                              0.750000    3.028229   -2.278229 (VIOLATED)
_07505_/A1                              0.750000    3.028229   -2.278229 (VIOLATED)
_07514_/A1                              0.750000    3.028229   -2.278229 (VIOLATED)
_07522_/A1                              0.750000    3.028229   -2.278229 (VIOLATED)
_07529_/A1                              0.750000    3.028229   -2.278229 (VIOLATED)
_07533_/A1                              0.750000    3.028229   -2.278229 (VIOLATED)
_07534_/A1                              0.750000    3.028229   -2.278229 (VIOLATED)
_07535_/A1                              0.750000    3.028229   -2.278229 (VIOLATED)
_07536_/A1                              0.750000    3.028229   -2.278229 (VIOLATED)
_07537_/A1                              0.750000    3.028229   -2.278229 (VIOLATED)
_07538_/A1                              0.750000    3.028229   -2.278229 (VIOLATED)
_07539_/A1                              0.750000    3.028229   -2.278229 (VIOLATED)
_07540_/A1                              0.750000    3.028229   -2.278229 (VIOLATED)
_07541_/A1                              0.750000    3.028229   -2.278229 (VIOLATED)
_07542_/A1                              0.750000    3.028229   -2.278229 (VIOLATED)
_07547_/A1                              0.750000    3.028229   -2.278229 (VIOLATED)
_07551_/A1                              0.750000    3.028229   -2.278229 (VIOLATED)
_07555_/A1                              0.750000    3.028229   -2.278229 (VIOLATED)
_07559_/A1                              0.750000    3.028229   -2.278229 (VIOLATED)
_07563_/A1                              0.750000    3.028229   -2.278229 (VIOLATED)
_07568_/A1                              0.750000    3.028229   -2.278229 (VIOLATED)
_07571_/A1                              0.750000    3.028229   -2.278229 (VIOLATED)
_07573_/A1                              0.750000    3.028229   -2.278229 (VIOLATED)
_07575_/A1                              0.750000    3.028229   -2.278229 (VIOLATED)
_07577_/A1                              0.750000    3.028229   -2.278229 (VIOLATED)
_07579_/A1                              0.750000    3.028229   -2.278229 (VIOLATED)
_07581_/A1                              0.750000    3.028229   -2.278229 (VIOLATED)
_07583_/A1                              0.750000    3.028229   -2.278229 (VIOLATED)
_07584_/B2                              0.750000    3.028229   -2.278229 (VIOLATED)
_07586_/A1                              0.750000    3.028229   -2.278229 (VIOLATED)
_07588_/A1                              0.750000    3.028229   -2.278229 (VIOLATED)
_07590_/A1                              0.750000    3.028229   -2.278229 (VIOLATED)
_07591_/B2                              0.750000    3.028229   -2.278229 (VIOLATED)
_07592_/B2                              0.750000    3.028229   -2.278229 (VIOLATED)
_07594_/A1                              0.750000    3.028229   -2.278229 (VIOLATED)
_07596_/A1                              0.750000    3.028229   -2.278229 (VIOLATED)
_07598_/A1                              0.750000    3.028229   -2.278229 (VIOLATED)
_07599_/B                               0.750000    3.028229   -2.278229 (VIOLATED)
_07604_/A1                              0.750000    3.028229   -2.278229 (VIOLATED)
_07609_/A1                              0.750000    3.028229   -2.278229 (VIOLATED)
_07614_/A1                              0.750000    3.028229   -2.278229 (VIOLATED)
_07618_/B2                              0.750000    3.028229   -2.278229 (VIOLATED)
_07623_/A1                              0.750000    3.028229   -2.278229 (VIOLATED)
_07628_/B2                              0.750000    3.028229   -2.278229 (VIOLATED)
_07634_/B2                              0.750000    3.028229   -2.278229 (VIOLATED)
_07637_/A1                              0.750000    3.028229   -2.278229 (VIOLATED)
_07641_/A1                              0.750000    3.028229   -2.278229 (VIOLATED)
_07645_/A1                              0.750000    3.028229   -2.278229 (VIOLATED)
_07649_/A1                              0.750000    3.028229   -2.278229 (VIOLATED)
_07653_/A1                              0.750000    3.028229   -2.278229 (VIOLATED)
_07658_/A1                              0.750000    3.028229   -2.278229 (VIOLATED)
_07662_/A1                              0.750000    3.028229   -2.278229 (VIOLATED)
_07666_/A1                              0.750000    3.028229   -2.278229 (VIOLATED)
_07671_/A1                              0.750000    3.028229   -2.278229 (VIOLATED)
_07748_/A                               0.750000    3.028229   -2.278229 (VIOLATED)
_07902_/A                               0.750000    3.028229   -2.278229 (VIOLATED)
_07933_/A1                              0.750000    3.028229   -2.278229 (VIOLATED)
_07936_/A1                              0.750000    3.028229   -2.278229 (VIOLATED)
_07939_/A1                              0.750000    3.028229   -2.278229 (VIOLATED)
_07942_/A1                              0.750000    3.028229   -2.278229 (VIOLATED)
_07944_/B1                              0.750000    3.028229   -2.278229 (VIOLATED)
_07945_/A1                              0.750000    3.028229   -2.278229 (VIOLATED)
_07946_/B                               0.750000    3.028229   -2.278229 (VIOLATED)
_07950_/A                               0.750000    3.028229   -2.278229 (VIOLATED)
_07951_/S                               0.750000    3.028229   -2.278229 (VIOLATED)
_07952_/S                               0.750000    3.028229   -2.278229 (VIOLATED)
_07956_/A1                              0.750000    3.028229   -2.278229 (VIOLATED)
_07958_/A1                              0.750000    3.028229   -2.278229 (VIOLATED)
_07964_/A1                              0.750000    3.028229   -2.278229 (VIOLATED)
_07972_/C1                              0.750000    3.028229   -2.278229 (VIOLATED)
_07974_/C1                              0.750000    3.028229   -2.278229 (VIOLATED)
_07976_/C1                              0.750000    3.028229   -2.278229 (VIOLATED)
_07978_/C1                              0.750000    3.028229   -2.278229 (VIOLATED)
_07980_/C1                              0.750000    3.028229   -2.278229 (VIOLATED)
_07982_/A1                              0.750000    3.028229   -2.278229 (VIOLATED)
_07984_/C1                              0.750000    3.028229   -2.278229 (VIOLATED)
_07986_/C1                              0.750000    3.028229   -2.278229 (VIOLATED)
_07990_/A1                              0.750000    3.028229   -2.278229 (VIOLATED)
_07993_/B2                              0.750000    3.028229   -2.278229 (VIOLATED)
_07997_/B2                              0.750000    3.028229   -2.278229 (VIOLATED)
_08001_/A1                              0.750000    3.028229   -2.278229 (VIOLATED)
_08004_/A1                              0.750000    3.028229   -2.278229 (VIOLATED)
_08007_/A1                              0.750000    3.028229   -2.278229 (VIOLATED)
_08010_/A1                              0.750000    3.028229   -2.278229 (VIOLATED)
_08011_/S                               0.750000    3.028229   -2.278229 (VIOLATED)
_08012_/S                               0.750000    3.028229   -2.278229 (VIOLATED)
_08013_/S                               0.750000    3.028229   -2.278229 (VIOLATED)
_08015_/A                               0.750000    3.028229   -2.278229 (VIOLATED)
_08249_/B1                              0.750000    3.028229   -2.278229 (VIOLATED)
_08259_/B1                              0.750000    3.028229   -2.278229 (VIOLATED)
_08269_/B1                              0.750000    3.028229   -2.278229 (VIOLATED)
_08273_/B1                              0.750000    3.028229   -2.278229 (VIOLATED)
_08277_/B1                              0.750000    3.028229   -2.278229 (VIOLATED)
_08281_/B1                              0.750000    3.028229   -2.278229 (VIOLATED)
_08285_/B1                              0.750000    3.028229   -2.278229 (VIOLATED)
_08289_/B1                              0.750000    3.028229   -2.278229 (VIOLATED)
_08293_/B1                              0.750000    3.028229   -2.278229 (VIOLATED)
_08297_/B1                              0.750000    3.028229   -2.278229 (VIOLATED)
_08301_/B1                              0.750000    3.028229   -2.278229 (VIOLATED)
_08305_/B1                              0.750000    3.028229   -2.278229 (VIOLATED)
_08309_/B1                              0.750000    3.028229   -2.278229 (VIOLATED)
_08313_/B1                              0.750000    3.028229   -2.278229 (VIOLATED)
_08317_/B1                              0.750000    3.028229   -2.278229 (VIOLATED)
_08321_/B1                              0.750000    3.028229   -2.278229 (VIOLATED)
_08325_/B1                              0.750000    3.028229   -2.278229 (VIOLATED)
_08329_/B1                              0.750000    3.028229   -2.278229 (VIOLATED)
_08333_/B1                              0.750000    3.028229   -2.278229 (VIOLATED)
_08337_/B1                              0.750000    3.028229   -2.278229 (VIOLATED)
_08341_/B1                              0.750000    3.028229   -2.278229 (VIOLATED)
_08345_/B1                              0.750000    3.028229   -2.278229 (VIOLATED)
_08349_/B1                              0.750000    3.028229   -2.278229 (VIOLATED)
_08353_/B1                              0.750000    3.028229   -2.278229 (VIOLATED)
_08357_/B1                              0.750000    3.028229   -2.278229 (VIOLATED)
_08361_/B1                              0.750000    3.028229   -2.278229 (VIOLATED)
_08572_/B1                              0.750000    3.028229   -2.278229 (VIOLATED)
_08575_/B1                              0.750000    3.028229   -2.278229 (VIOLATED)
_08578_/B1                              0.750000    3.028229   -2.278229 (VIOLATED)
_08581_/B1                              0.750000    3.028229   -2.278229 (VIOLATED)
_08584_/B1                              0.750000    3.028229   -2.278229 (VIOLATED)
_08587_/B1                              0.750000    3.028229   -2.278229 (VIOLATED)
_08590_/B1                              0.750000    3.028229   -2.278229 (VIOLATED)
_08593_/B1                              0.750000    3.028229   -2.278229 (VIOLATED)
_08596_/B1                              0.750000    3.028229   -2.278229 (VIOLATED)
_08600_/B1                              0.750000    3.028229   -2.278229 (VIOLATED)
_08603_/B1                              0.750000    3.028229   -2.278229 (VIOLATED)
_08607_/B1                              0.750000    3.028229   -2.278229 (VIOLATED)
_08610_/B1                              0.750000    3.028229   -2.278229 (VIOLATED)
_08613_/B1                              0.750000    3.028229   -2.278229 (VIOLATED)
_08616_/B1                              0.750000    3.028229   -2.278229 (VIOLATED)
_08620_/B1                              0.750000    3.028229   -2.278229 (VIOLATED)
_08623_/B1                              0.750000    3.028229   -2.278229 (VIOLATED)
_08627_/B1                              0.750000    3.028229   -2.278229 (VIOLATED)
_08631_/B1                              0.750000    3.028229   -2.278229 (VIOLATED)
_08635_/B1                              0.750000    3.028229   -2.278229 (VIOLATED)
_08638_/B1                              0.750000    3.028229   -2.278229 (VIOLATED)
_08642_/B1                              0.750000    3.028229   -2.278229 (VIOLATED)
_08646_/B1                              0.750000    3.028229   -2.278229 (VIOLATED)
_08650_/B1                              0.750000    3.028229   -2.278229 (VIOLATED)
_08655_/B1                              0.750000    3.028229   -2.278229 (VIOLATED)
_08659_/B1                              0.750000    3.028229   -2.278229 (VIOLATED)
_08663_/B1                              0.750000    3.028229   -2.278229 (VIOLATED)
_08667_/B1                              0.750000    3.028229   -2.278229 (VIOLATED)
_08670_/B1                              0.750000    3.028229   -2.278229 (VIOLATED)
_08674_/B1                              0.750000    3.028229   -2.278229 (VIOLATED)
_08678_/B1                              0.750000    3.028229   -2.278229 (VIOLATED)
_09467_/A                               0.750000    3.028229   -2.278229 (VIOLATED)
_09566_/B1                              0.750000    3.028229   -2.278229 (VIOLATED)
_09665_/A                               0.750000    3.028229   -2.278229 (VIOLATED)
_09774_/A                               0.750000    3.028229   -2.278229 (VIOLATED)
_09994_/A                               0.750000    3.028229   -2.278229 (VIOLATED)
_10333_/B1                              0.750000    3.028229   -2.278229 (VIOLATED)
_10451_/A                               0.750000    3.028229   -2.278229 (VIOLATED)
_10571_/A                               0.750000    3.028229   -2.278229 (VIOLATED)
_10695_/A                               0.750000    3.028229   -2.278229 (VIOLATED)
_11048_/B1                              0.750000    3.028229   -2.278229 (VIOLATED)
_11170_/B1                              0.750000    3.028229   -2.278229 (VIOLATED)
_11281_/A                               0.750000    3.028229   -2.278229 (VIOLATED)
_11380_/B1                              0.750000    3.028229   -2.278229 (VIOLATED)
_11476_/A                               0.750000    3.028229   -2.278229 (VIOLATED)
_11574_/B1                              0.750000    3.028229   -2.278229 (VIOLATED)
_11749_/B1                              0.750000    3.028229   -2.278229 (VIOLATED)
_11829_/B1                              0.750000    3.028229   -2.278229 (VIOLATED)
_11913_/A                               0.750000    3.028229   -2.278229 (VIOLATED)
_11989_/B1                              0.750000    3.028229   -2.278229 (VIOLATED)
_12066_/A                               0.750000    3.028229   -2.278229 (VIOLATED)
_12269_/B1                              0.750000    3.028229   -2.278229 (VIOLATED)
_12336_/A                               0.750000    3.028229   -2.278229 (VIOLATED)
_12494_/B1                              0.750000    3.028229   -2.278229 (VIOLATED)
_12588_/B1                              0.750000    3.028229   -2.278229 (VIOLATED)
_12626_/B                               0.750000    3.028229   -2.278229 (VIOLATED)
_12627_/A1                              0.750000    3.028229   -2.278229 (VIOLATED)
_12630_/A1                              0.750000    3.028229   -2.278229 (VIOLATED)
_12634_/A1                              0.750000    3.028229   -2.278229 (VIOLATED)
_12638_/A1                              0.750000    3.028229   -2.278229 (VIOLATED)
_12642_/A1                              0.750000    3.028229   -2.278229 (VIOLATED)
_12643_/A1                              0.750000    3.028229   -2.278229 (VIOLATED)
_12644_/A1                              0.750000    3.028229   -2.278229 (VIOLATED)
_12645_/S                               0.750000    3.028229   -2.278229 (VIOLATED)
_12646_/S                               0.750000    3.028229   -2.278229 (VIOLATED)
_12647_/S                               0.750000    3.028229   -2.278229 (VIOLATED)
_12648_/S                               0.750000    3.028229   -2.278229 (VIOLATED)
_12649_/S                               0.750000    3.028229   -2.278229 (VIOLATED)
_12650_/S                               0.750000    3.028229   -2.278229 (VIOLATED)
_12651_/S                               0.750000    3.028229   -2.278229 (VIOLATED)
_12652_/S                               0.750000    3.028229   -2.278229 (VIOLATED)
_12653_/S                               0.750000    3.028229   -2.278229 (VIOLATED)
_12654_/S                               0.750000    3.028229   -2.278229 (VIOLATED)
_12655_/S                               0.750000    3.028229   -2.278229 (VIOLATED)
_12656_/S                               0.750000    3.028229   -2.278229 (VIOLATED)
_12657_/S                               0.750000    3.028229   -2.278229 (VIOLATED)
_12658_/S                               0.750000    3.028229   -2.278229 (VIOLATED)
_12659_/S                               0.750000    3.028229   -2.278229 (VIOLATED)
_12660_/S                               0.750000    3.028229   -2.278229 (VIOLATED)
_12661_/S                               0.750000    3.028229   -2.278229 (VIOLATED)
_12662_/S                               0.750000    3.028229   -2.278229 (VIOLATED)
_12663_/S                               0.750000    3.028229   -2.278229 (VIOLATED)
_12664_/S                               0.750000    3.028229   -2.278229 (VIOLATED)
_12665_/S                               0.750000    3.028229   -2.278229 (VIOLATED)
_12666_/S                               0.750000    3.028229   -2.278229 (VIOLATED)
_12667_/S                               0.750000    3.028229   -2.278229 (VIOLATED)
_12668_/S                               0.750000    3.028229   -2.278229 (VIOLATED)
_12669_/S                               0.750000    3.028229   -2.278229 (VIOLATED)
_12670_/S                               0.750000    3.028229   -2.278229 (VIOLATED)
_12671_/S                               0.750000    3.028229   -2.278229 (VIOLATED)
_12672_/S                               0.750000    3.028229   -2.278229 (VIOLATED)
_12673_/S                               0.750000    3.028229   -2.278229 (VIOLATED)
_12674_/S                               0.750000    3.028229   -2.278229 (VIOLATED)
_12675_/S                               0.750000    3.028229   -2.278229 (VIOLATED)
_12677_/S                               0.750000    3.028229   -2.278229 (VIOLATED)
_12683_/A1                              0.750000    3.028229   -2.278229 (VIOLATED)
_12687_/A1                              0.750000    3.028229   -2.278229 (VIOLATED)
_12691_/A1                              0.750000    3.028229   -2.278229 (VIOLATED)
_12701_/A1                              0.750000    3.028229   -2.278229 (VIOLATED)
_12714_/A1                              0.750000    3.028229   -2.278229 (VIOLATED)
_12719_/A1                              0.750000    3.028229   -2.278229 (VIOLATED)
_12723_/A1                              0.750000    3.028229   -2.278229 (VIOLATED)
_12728_/A1                              0.750000    3.028229   -2.278229 (VIOLATED)
_12734_/A1                              0.750000    3.028229   -2.278229 (VIOLATED)
_12738_/A1                              0.750000    3.028229   -2.278229 (VIOLATED)
_12742_/A1                              0.750000    3.028229   -2.278229 (VIOLATED)
_12745_/A1                              0.750000    3.028229   -2.278229 (VIOLATED)
_12748_/S                               0.750000    3.028229   -2.278229 (VIOLATED)
_12749_/S                               0.750000    3.028229   -2.278229 (VIOLATED)
_12750_/S                               0.750000    3.028229   -2.278229 (VIOLATED)
_12751_/S                               0.750000    3.028229   -2.278229 (VIOLATED)
_12752_/S                               0.750000    3.028229   -2.278229 (VIOLATED)
_12753_/S                               0.750000    3.028229   -2.278229 (VIOLATED)
_12754_/S                               0.750000    3.028229   -2.278229 (VIOLATED)
_12756_/S                               0.750000    3.028229   -2.278229 (VIOLATED)
_12836_/A                               0.750000    3.028229   -2.278229 (VIOLATED)
_12852_/B1                              0.750000    3.028229   -2.278229 (VIOLATED)
_12853_/S                               0.750000    3.028229   -2.278229 (VIOLATED)
_12854_/S                               0.750000    3.028229   -2.278229 (VIOLATED)
_12855_/S                               0.750000    3.028229   -2.278229 (VIOLATED)
_12856_/S                               0.750000    3.028229   -2.278229 (VIOLATED)
_12857_/S                               0.750000    3.028229   -2.278229 (VIOLATED)
_12858_/S                               0.750000    3.028229   -2.278229 (VIOLATED)
_12859_/S                               0.750000    3.028229   -2.278229 (VIOLATED)
_12860_/S                               0.750000    3.028229   -2.278229 (VIOLATED)
_12861_/S                               0.750000    3.028229   -2.278229 (VIOLATED)
_12862_/S                               0.750000    3.028229   -2.278229 (VIOLATED)
_12863_/S                               0.750000    3.028229   -2.278229 (VIOLATED)
_12864_/S                               0.750000    3.028229   -2.278229 (VIOLATED)
_12865_/S                               0.750000    3.028229   -2.278229 (VIOLATED)
_12866_/S                               0.750000    3.028229   -2.278229 (VIOLATED)
_12867_/S                               0.750000    3.028229   -2.278229 (VIOLATED)
_12868_/S                               0.750000    3.028229   -2.278229 (VIOLATED)
_12869_/S                               0.750000    3.028229   -2.278229 (VIOLATED)
_12870_/S                               0.750000    3.028229   -2.278229 (VIOLATED)
_12871_/S                               0.750000    3.028229   -2.278229 (VIOLATED)
_12872_/S                               0.750000    3.028229   -2.278229 (VIOLATED)
_12873_/S                               0.750000    3.028229   -2.278229 (VIOLATED)
_12874_/S                               0.750000    3.028229   -2.278229 (VIOLATED)
_12875_/S                               0.750000    3.028229   -2.278229 (VIOLATED)
_12876_/B                               0.750000    3.028229   -2.278229 (VIOLATED)
_12879_/B1                              0.750000    3.028229   -2.278229 (VIOLATED)
_12903_/B1                              0.750000    3.028229   -2.278229 (VIOLATED)
_12906_/B1                              0.750000    3.028229   -2.278229 (VIOLATED)
_12914_/B1                              0.750000    3.028229   -2.278229 (VIOLATED)
_12942_/B1                              0.750000    3.028229   -2.278229 (VIOLATED)
_12947_/B1                              0.750000    3.028229   -2.278229 (VIOLATED)
_12980_/B1                              0.750000    3.028229   -2.278229 (VIOLATED)
_06611_/Y                               0.750000    2.339743   -1.589743 (VIOLATED)
_06612_/A                               0.750000    2.339743   -1.589743 (VIOLATED)
_06907_/B                               0.750000    2.339743   -1.589743 (VIOLATED)
_06912_/A2                              0.750000    2.339743   -1.589743 (VIOLATED)
_06914_/B                               0.750000    2.339743   -1.589743 (VIOLATED)
_06915_/B1                              0.750000    2.339743   -1.589743 (VIOLATED)
_06920_/B                               0.750000    2.339743   -1.589743 (VIOLATED)
_06921_/A2                              0.750000    2.339743   -1.589743 (VIOLATED)
_06923_/B                               0.750000    2.339743   -1.589743 (VIOLATED)
_06924_/B                               0.750000    2.339743   -1.589743 (VIOLATED)
_06927_/B1                              0.750000    2.339743   -1.589743 (VIOLATED)
_06931_/B                               0.750000    2.339743   -1.589743 (VIOLATED)
_06934_/B                               0.750000    2.339743   -1.589743 (VIOLATED)
_06936_/B1                              0.750000    2.339743   -1.589743 (VIOLATED)
_06940_/B                               0.750000    2.339743   -1.589743 (VIOLATED)
_06941_/A2                              0.750000    2.339743   -1.589743 (VIOLATED)
_06943_/B                               0.750000    2.339743   -1.589743 (VIOLATED)
_06945_/B1                              0.750000    2.339743   -1.589743 (VIOLATED)
_06949_/B                               0.750000    2.339743   -1.589743 (VIOLATED)
_06950_/A2                              0.750000    2.339743   -1.589743 (VIOLATED)
_06952_/B                               0.750000    2.339743   -1.589743 (VIOLATED)
_06954_/A2                              0.750000    2.339743   -1.589743 (VIOLATED)
_06955_/A2                              0.750000    2.339743   -1.589743 (VIOLATED)
_06959_/B                               0.750000    2.339743   -1.589743 (VIOLATED)
_06960_/A2                              0.750000    2.339743   -1.589743 (VIOLATED)
_06962_/B                               0.750000    2.339743   -1.589743 (VIOLATED)
_06963_/B                               0.750000    2.339743   -1.589743 (VIOLATED)
_06964_/B                               0.750000    2.339743   -1.589743 (VIOLATED)
_06967_/B1                              0.750000    2.339743   -1.589743 (VIOLATED)
_06973_/B                               0.750000    2.339743   -1.589743 (VIOLATED)
_08568_/Y                               0.750000    1.855488   -1.105488 (VIOLATED)
_08569_/B                               0.750000    1.855488   -1.105488 (VIOLATED)
_08571_/B                               0.750000    1.855488   -1.105488 (VIOLATED)
_08574_/B                               0.750000    1.855488   -1.105488 (VIOLATED)
_08577_/B                               0.750000    1.855488   -1.105488 (VIOLATED)
_08580_/B                               0.750000    1.855488   -1.105488 (VIOLATED)
_08583_/B                               0.750000    1.855488   -1.105488 (VIOLATED)
_08586_/A                               0.750000    1.855488   -1.105488 (VIOLATED)
_08589_/A                               0.750000    1.855488   -1.105488 (VIOLATED)
_08592_/A                               0.750000    1.855488   -1.105488 (VIOLATED)
_08595_/A                               0.750000    1.855488   -1.105488 (VIOLATED)
_08599_/B1                              0.750000    1.855488   -1.105488 (VIOLATED)
_08602_/B                               0.750000    1.855488   -1.105488 (VIOLATED)
_08606_/A                               0.750000    1.855488   -1.105488 (VIOLATED)
_08609_/A                               0.750000    1.855488   -1.105488 (VIOLATED)
_08612_/A                               0.750000    1.855488   -1.105488 (VIOLATED)
_08615_/A                               0.750000    1.855488   -1.105488 (VIOLATED)
_08619_/A                               0.750000    1.855488   -1.105488 (VIOLATED)
_08622_/B                               0.750000    1.855488   -1.105488 (VIOLATED)
_08626_/A                               0.750000    1.855488   -1.105488 (VIOLATED)
_08630_/A                               0.750000    1.855488   -1.105488 (VIOLATED)
_08634_/A                               0.750000    1.855488   -1.105488 (VIOLATED)
_08637_/A                               0.750000    1.855488   -1.105488 (VIOLATED)
_08641_/A                               0.750000    1.855488   -1.105488 (VIOLATED)
_08645_/A                               0.750000    1.855488   -1.105488 (VIOLATED)
_08649_/A                               0.750000    1.855488   -1.105488 (VIOLATED)
_08654_/A                               0.750000    1.855488   -1.105488 (VIOLATED)
_08658_/A                               0.750000    1.855488   -1.105488 (VIOLATED)
_08662_/A                               0.750000    1.855488   -1.105488 (VIOLATED)
_08666_/B                               0.750000    1.855488   -1.105488 (VIOLATED)
_08669_/A                               0.750000    1.855488   -1.105488 (VIOLATED)
_08673_/A                               0.750000    1.855488   -1.105488 (VIOLATED)
_08677_/A                               0.750000    1.855488   -1.105488 (VIOLATED)
_06613_/S1                              0.750000    1.723157   -0.973157 (VIOLATED)
_06615_/S1                              0.750000    1.723157   -0.973157 (VIOLATED)
_06617_/S1                              0.750000    1.723157   -0.973157 (VIOLATED)
_06618_/S1                              0.750000    1.723157   -0.973157 (VIOLATED)
_06621_/S1                              0.750000    1.723157   -0.973157 (VIOLATED)
_06623_/S1                              0.750000    1.723157   -0.973157 (VIOLATED)
_06625_/S1                              0.750000    1.723157   -0.973157 (VIOLATED)
_06626_/S1                              0.750000    1.723157   -0.973157 (VIOLATED)
_06629_/S1                              0.750000    1.723157   -0.973157 (VIOLATED)
_06631_/S1                              0.750000    1.723157   -0.973157 (VIOLATED)
_06633_/S1                              0.750000    1.723157   -0.973157 (VIOLATED)
_06634_/S1                              0.750000    1.723157   -0.973157 (VIOLATED)
_06637_/S1                              0.750000    1.723157   -0.973157 (VIOLATED)
_06638_/S1                              0.750000    1.723157   -0.973157 (VIOLATED)
_06641_/S1                              0.750000    1.723157   -0.973157 (VIOLATED)
_06642_/S1                              0.750000    1.723157   -0.973157 (VIOLATED)
_06645_/S1                              0.750000    1.723157   -0.973157 (VIOLATED)
_06647_/S1                              0.750000    1.723157   -0.973157 (VIOLATED)
_06649_/S1                              0.750000    1.723157   -0.973157 (VIOLATED)
_06650_/S1                              0.750000    1.723157   -0.973157 (VIOLATED)
_06653_/S1                              0.750000    1.723157   -0.973157 (VIOLATED)
_06655_/S1                              0.750000    1.723157   -0.973157 (VIOLATED)
_06657_/S1                              0.750000    1.723157   -0.973157 (VIOLATED)
_06658_/S1                              0.750000    1.723157   -0.973157 (VIOLATED)
_06661_/S1                              0.750000    1.723157   -0.973157 (VIOLATED)
_06662_/S1                              0.750000    1.723157   -0.973157 (VIOLATED)
_06665_/S1                              0.750000    1.723157   -0.973157 (VIOLATED)
_06666_/S1                              0.750000    1.723157   -0.973157 (VIOLATED)
_06669_/S1                              0.750000    1.723157   -0.973157 (VIOLATED)
_06670_/S1                              0.750000    1.723157   -0.973157 (VIOLATED)
_06673_/S1                              0.750000    1.723157   -0.973157 (VIOLATED)
_06674_/S1                              0.750000    1.723157   -0.973157 (VIOLATED)
_06677_/S1                              0.750000    1.723157   -0.973157 (VIOLATED)
_06679_/S1                              0.750000    1.723157   -0.973157 (VIOLATED)
_06681_/S1                              0.750000    1.723157   -0.973157 (VIOLATED)
_06682_/S1                              0.750000    1.723157   -0.973157 (VIOLATED)
_06685_/S1                              0.750000    1.723157   -0.973157 (VIOLATED)
_06686_/S1                              0.750000    1.723157   -0.973157 (VIOLATED)
_06689_/S1                              0.750000    1.723157   -0.973157 (VIOLATED)
_06690_/S1                              0.750000    1.723157   -0.973157 (VIOLATED)
_06693_/S1                              0.750000    1.723157   -0.973157 (VIOLATED)
_06694_/S1                              0.750000    1.723157   -0.973157 (VIOLATED)
_06697_/S1                              0.750000    1.723157   -0.973157 (VIOLATED)
_06698_/S1                              0.750000    1.723157   -0.973157 (VIOLATED)
_06701_/S1                              0.750000    1.723157   -0.973157 (VIOLATED)
_06703_/S1                              0.750000    1.723157   -0.973157 (VIOLATED)
_06705_/S1                              0.750000    1.723157   -0.973157 (VIOLATED)
_06706_/S1                              0.750000    1.723157   -0.973157 (VIOLATED)
_06709_/S1                              0.750000    1.723157   -0.973157 (VIOLATED)
_06710_/S1                              0.750000    1.723157   -0.973157 (VIOLATED)
_06713_/S1                              0.750000    1.723157   -0.973157 (VIOLATED)
_06714_/S1                              0.750000    1.723157   -0.973157 (VIOLATED)
_06717_/S1                              0.750000    1.723157   -0.973157 (VIOLATED)
_06718_/S1                              0.750000    1.723157   -0.973157 (VIOLATED)
_06721_/S1                              0.750000    1.723157   -0.973157 (VIOLATED)
_06722_/S1                              0.750000    1.723157   -0.973157 (VIOLATED)
_06725_/S1                              0.750000    1.723157   -0.973157 (VIOLATED)
_06727_/S1                              0.750000    1.723157   -0.973157 (VIOLATED)
_06729_/S1                              0.750000    1.723157   -0.973157 (VIOLATED)
_06730_/S1                              0.750000    1.723157   -0.973157 (VIOLATED)
_06733_/S1                              0.750000    1.723157   -0.973157 (VIOLATED)
_06734_/S1                              0.750000    1.723157   -0.973157 (VIOLATED)
_06737_/S1                              0.750000    1.723157   -0.973157 (VIOLATED)
_06738_/S1                              0.750000    1.723157   -0.973157 (VIOLATED)
_06741_/S1                              0.750000    1.723157   -0.973157 (VIOLATED)
_06742_/S1                              0.750000    1.723157   -0.973157 (VIOLATED)
_06745_/S1                              0.750000    1.723157   -0.973157 (VIOLATED)
_06746_/S1                              0.750000    1.723157   -0.973157 (VIOLATED)
_06749_/S1                              0.750000    1.723157   -0.973157 (VIOLATED)
_06751_/S1                              0.750000    1.723157   -0.973157 (VIOLATED)
_06753_/S1                              0.750000    1.723157   -0.973157 (VIOLATED)
_06754_/S1                              0.750000    1.723157   -0.973157 (VIOLATED)
_06757_/S1                              0.750000    1.723157   -0.973157 (VIOLATED)
_06758_/S1                              0.750000    1.723157   -0.973157 (VIOLATED)
_06761_/S1                              0.750000    1.723157   -0.973157 (VIOLATED)
_06762_/S1                              0.750000    1.723157   -0.973157 (VIOLATED)
_06765_/S1                              0.750000    1.723157   -0.973157 (VIOLATED)
_06766_/S1                              0.750000    1.723157   -0.973157 (VIOLATED)
_06769_/S1                              0.750000    1.723157   -0.973157 (VIOLATED)
_06770_/S1                              0.750000    1.723157   -0.973157 (VIOLATED)
_06773_/S1                              0.750000    1.723157   -0.973157 (VIOLATED)
_06775_/S1                              0.750000    1.723157   -0.973157 (VIOLATED)
_06777_/S1                              0.750000    1.723157   -0.973157 (VIOLATED)
_06778_/S1                              0.750000    1.723157   -0.973157 (VIOLATED)
_06781_/S1                              0.750000    1.723157   -0.973157 (VIOLATED)
_06782_/S1                              0.750000    1.723157   -0.973157 (VIOLATED)
_06785_/S1                              0.750000    1.723157   -0.973157 (VIOLATED)
_06786_/S1                              0.750000    1.723157   -0.973157 (VIOLATED)
_06789_/S1                              0.750000    1.723157   -0.973157 (VIOLATED)
_06790_/S1                              0.750000    1.723157   -0.973157 (VIOLATED)
_06793_/S1                              0.750000    1.723157   -0.973157 (VIOLATED)
_06794_/S1                              0.750000    1.723157   -0.973157 (VIOLATED)
_06797_/S1                              0.750000    1.723157   -0.973157 (VIOLATED)
_06799_/S1                              0.750000    1.723157   -0.973157 (VIOLATED)
_06801_/S1                              0.750000    1.723157   -0.973157 (VIOLATED)
_06802_/S1                              0.750000    1.723157   -0.973157 (VIOLATED)
_06805_/S1                              0.750000    1.723157   -0.973157 (VIOLATED)
_06806_/S1                              0.750000    1.723157   -0.973157 (VIOLATED)
_06809_/S1                              0.750000    1.723157   -0.973157 (VIOLATED)
_06810_/S1                              0.750000    1.723157   -0.973157 (VIOLATED)
_06813_/S1                              0.750000    1.723157   -0.973157 (VIOLATED)
_06814_/S1                              0.750000    1.723157   -0.973157 (VIOLATED)
_06817_/S1                              0.750000    1.723157   -0.973157 (VIOLATED)
_06818_/S1                              0.750000    1.723157   -0.973157 (VIOLATED)
_06821_/S1                              0.750000    1.723157   -0.973157 (VIOLATED)
_06823_/S1                              0.750000    1.723157   -0.973157 (VIOLATED)
_06825_/S1                              0.750000    1.723157   -0.973157 (VIOLATED)
_06826_/S1                              0.750000    1.723157   -0.973157 (VIOLATED)
_06829_/S1                              0.750000    1.723157   -0.973157 (VIOLATED)
_06830_/S1                              0.750000    1.723157   -0.973157 (VIOLATED)
_06833_/S1                              0.750000    1.723157   -0.973157 (VIOLATED)
_06834_/S1                              0.750000    1.723157   -0.973157 (VIOLATED)
_06837_/S1                              0.750000    1.723157   -0.973157 (VIOLATED)
_06838_/S1                              0.750000    1.723157   -0.973157 (VIOLATED)
_06841_/S1                              0.750000    1.723157   -0.973157 (VIOLATED)
_06842_/S1                              0.750000    1.723157   -0.973157 (VIOLATED)
_06845_/S1                              0.750000    1.723157   -0.973157 (VIOLATED)
_06847_/S1                              0.750000    1.723157   -0.973157 (VIOLATED)
_06849_/S1                              0.750000    1.723157   -0.973157 (VIOLATED)
_06850_/S1                              0.750000    1.723157   -0.973157 (VIOLATED)
_06853_/S1                              0.750000    1.723157   -0.973157 (VIOLATED)
_06854_/S1                              0.750000    1.723157   -0.973157 (VIOLATED)
_06857_/S1                              0.750000    1.723157   -0.973157 (VIOLATED)
_06858_/S1                              0.750000    1.723157   -0.973157 (VIOLATED)
_06861_/S1                              0.750000    1.723157   -0.973157 (VIOLATED)
_06862_/S1                              0.750000    1.723157   -0.973157 (VIOLATED)
_06865_/S1                              0.750000    1.723157   -0.973157 (VIOLATED)
_06866_/S1                              0.750000    1.723157   -0.973157 (VIOLATED)
_06869_/S1                              0.750000    1.723157   -0.973157 (VIOLATED)
_06871_/S1                              0.750000    1.723157   -0.973157 (VIOLATED)
_06873_/S1                              0.750000    1.723157   -0.973157 (VIOLATED)
_06874_/S1                              0.750000    1.723157   -0.973157 (VIOLATED)
_06877_/S1                              0.750000    1.723157   -0.973157 (VIOLATED)
_06878_/S1                              0.750000    1.723157   -0.973157 (VIOLATED)
_06881_/S1                              0.750000    1.723157   -0.973157 (VIOLATED)
_06882_/S1                              0.750000    1.723157   -0.973157 (VIOLATED)
_13255_/Q                               0.750000    1.723157   -0.973157 (VIOLATED)
_11283_/Y                               0.750000    1.418474   -0.668474 (VIOLATED)
_11287_/A                               0.750000    1.418474   -0.668474 (VIOLATED)
_11383_/A1                              0.750000    1.418474   -0.668474 (VIOLATED)
_11387_/A                               0.750000    1.418474   -0.668474 (VIOLATED)
_11477_/A1                              0.750000    1.418474   -0.668474 (VIOLATED)
_11481_/A                               0.750000    1.418474   -0.668474 (VIOLATED)
_11577_/A1                              0.750000    1.418474   -0.668474 (VIOLATED)
_11581_/A                               0.750000    1.418474   -0.668474 (VIOLATED)
_11663_/A1                              0.750000    1.418474   -0.668474 (VIOLATED)
_11667_/A                               0.750000    1.418474   -0.668474 (VIOLATED)
_11752_/A1                              0.750000    1.418474   -0.668474 (VIOLATED)
_11756_/A                               0.750000    1.418474   -0.668474 (VIOLATED)
_11831_/A1                              0.750000    1.418474   -0.668474 (VIOLATED)
_11835_/A                               0.750000    1.418474   -0.668474 (VIOLATED)
_11916_/A1                              0.750000    1.418474   -0.668474 (VIOLATED)
_11920_/A                               0.750000    1.418474   -0.668474 (VIOLATED)
_11991_/A1                              0.750000    1.418474   -0.668474 (VIOLATED)
_11995_/A                               0.750000    1.418474   -0.668474 (VIOLATED)
_12068_/A1                              0.750000    1.418474   -0.668474 (VIOLATED)
_12072_/A                               0.750000    1.418474   -0.668474 (VIOLATED)
_12136_/A1                              0.750000    1.418474   -0.668474 (VIOLATED)
_12140_/A                               0.750000    1.418474   -0.668474 (VIOLATED)
_12208_/A1                              0.750000    1.418474   -0.668474 (VIOLATED)
_12212_/A                               0.750000    1.418474   -0.668474 (VIOLATED)
_12271_/A1                              0.750000    1.418474   -0.668474 (VIOLATED)
_12275_/A                               0.750000    1.418474   -0.668474 (VIOLATED)
_12339_/A1                              0.750000    1.418474   -0.668474 (VIOLATED)
_12343_/A                               0.750000    1.418474   -0.668474 (VIOLATED)
_12398_/A1                              0.750000    1.418474   -0.668474 (VIOLATED)
_12402_/A                               0.750000    1.418474   -0.668474 (VIOLATED)
_12454_/A1                              0.750000    1.418474   -0.668474 (VIOLATED)
_12458_/A                               0.750000    1.418474   -0.668474 (VIOLATED)
_12496_/A1                              0.750000    1.418474   -0.668474 (VIOLATED)
_11179_/Y                               0.750000    1.311601   -0.561601 (VIOLATED)
_11180_/B                               0.750000    1.311601   -0.561601 (VIOLATED)
_11282_/A2                              0.750000    1.311601   -0.561601 (VIOLATED)
_11284_/A                               0.750000    1.311601   -0.561601 (VIOLATED)
_11285_/B1                              0.750000    1.311601   -0.561601 (VIOLATED)
_11384_/A                               0.750000    1.311601   -0.561601 (VIOLATED)
_11385_/B1                              0.750000    1.311601   -0.561601 (VIOLATED)
_11478_/A                               0.750000    1.311601   -0.561601 (VIOLATED)
_11479_/B1                              0.750000    1.311601   -0.561601 (VIOLATED)
_11579_/A                               0.750000    1.311601   -0.561601 (VIOLATED)
_11580_/A                               0.750000    1.311601   -0.561601 (VIOLATED)
_11665_/A                               0.750000    1.311601   -0.561601 (VIOLATED)
_11666_/A                               0.750000    1.311601   -0.561601 (VIOLATED)
_11754_/A                               0.750000    1.311601   -0.561601 (VIOLATED)
_11755_/A                               0.750000    1.311601   -0.561601 (VIOLATED)
_11832_/A                               0.750000    1.311601   -0.561601 (VIOLATED)
_11833_/B1                              0.750000    1.311601   -0.561601 (VIOLATED)
_11917_/A                               0.750000    1.311601   -0.561601 (VIOLATED)
_11918_/B1                              0.750000    1.311601   -0.561601 (VIOLATED)
_11992_/A                               0.750000    1.311601   -0.561601 (VIOLATED)
_11993_/B1                              0.750000    1.311601   -0.561601 (VIOLATED)
_12069_/A                               0.750000    1.311601   -0.561601 (VIOLATED)
_12070_/B1                              0.750000    1.311601   -0.561601 (VIOLATED)
_12137_/A                               0.750000    1.311601   -0.561601 (VIOLATED)
_12138_/B1                              0.750000    1.311601   -0.561601 (VIOLATED)
_12209_/A                               0.750000    1.311601   -0.561601 (VIOLATED)
_12210_/B1                              0.750000    1.311601   -0.561601 (VIOLATED)
_12272_/A                               0.750000    1.311601   -0.561601 (VIOLATED)
_12273_/B1                              0.750000    1.311601   -0.561601 (VIOLATED)
_12340_/A                               0.750000    1.311601   -0.561601 (VIOLATED)
_12341_/B1                              0.750000    1.311601   -0.561601 (VIOLATED)
_12399_/A                               0.750000    1.311601   -0.561601 (VIOLATED)
_12400_/B1                              0.750000    1.311601   -0.561601 (VIOLATED)
_12455_/A                               0.750000    1.311601   -0.561601 (VIOLATED)
_12456_/B1                              0.750000    1.311601   -0.561601 (VIOLATED)
_11671_/Y                               0.750000    1.284878   -0.534878 (VIOLATED)
_11672_/C                               0.750000    1.284878   -0.534878 (VIOLATED)
_11673_/B1                              0.750000    1.284878   -0.534878 (VIOLATED)
_11759_/A                               0.750000    1.284878   -0.534878 (VIOLATED)
_11760_/A                               0.750000    1.284878   -0.534878 (VIOLATED)
_11837_/A                               0.750000    1.284878   -0.534878 (VIOLATED)
_11838_/A                               0.750000    1.284878   -0.534878 (VIOLATED)
_11922_/A                               0.750000    1.284878   -0.534878 (VIOLATED)
_11923_/A                               0.750000    1.284878   -0.534878 (VIOLATED)
_11997_/A                               0.750000    1.284878   -0.534878 (VIOLATED)
_11998_/A                               0.750000    1.284878   -0.534878 (VIOLATED)
_12074_/A                               0.750000    1.284878   -0.534878 (VIOLATED)
_12075_/A                               0.750000    1.284878   -0.534878 (VIOLATED)
_12142_/A                               0.750000    1.284878   -0.534878 (VIOLATED)
_12143_/A                               0.750000    1.284878   -0.534878 (VIOLATED)
_12214_/A                               0.750000    1.284878   -0.534878 (VIOLATED)
_12215_/A                               0.750000    1.284878   -0.534878 (VIOLATED)
_12277_/A                               0.750000    1.284878   -0.534878 (VIOLATED)
_12278_/A                               0.750000    1.284878   -0.534878 (VIOLATED)
_12345_/A                               0.750000    1.284878   -0.534878 (VIOLATED)
_12346_/A                               0.750000    1.284878   -0.534878 (VIOLATED)
_12404_/A                               0.750000    1.284878   -0.534878 (VIOLATED)
_12405_/A                               0.750000    1.284878   -0.534878 (VIOLATED)
_06504_/Y                               0.750000    1.112027   -0.362027 (VIOLATED)
_07229_/B1                              0.750000    1.112027   -0.362027 (VIOLATED)
_07232_/B1                              0.750000    1.112027   -0.362027 (VIOLATED)
_07269_/B                               0.750000    1.112027   -0.362027 (VIOLATED)
_07270_/A                               0.750000    1.112027   -0.362027 (VIOLATED)
_07406_/B                               0.750000    1.112027   -0.362027 (VIOLATED)
_07898_/A                               0.750000    1.112027   -0.362027 (VIOLATED)
_07899_/A                               0.750000    1.112027   -0.362027 (VIOLATED)
_07900_/A                               0.750000    1.112027   -0.362027 (VIOLATED)
_07904_/A                               0.750000    1.112027   -0.362027 (VIOLATED)
_07905_/A                               0.750000    1.112027   -0.362027 (VIOLATED)
_07906_/A                               0.750000    1.112027   -0.362027 (VIOLATED)
_07907_/A                               0.750000    1.112027   -0.362027 (VIOLATED)
_07908_/A                               0.750000    1.112027   -0.362027 (VIOLATED)
_07909_/A                               0.750000    1.112027   -0.362027 (VIOLATED)
_07910_/A                               0.750000    1.112027   -0.362027 (VIOLATED)
_07911_/A                               0.750000    1.112027   -0.362027 (VIOLATED)
_07912_/A                               0.750000    1.112027   -0.362027 (VIOLATED)
_07932_/C1                              0.750000    1.112027   -0.362027 (VIOLATED)
_07935_/B1                              0.750000    1.112027   -0.362027 (VIOLATED)
_07938_/C1                              0.750000    1.112027   -0.362027 (VIOLATED)
_07941_/C1                              0.750000    1.112027   -0.362027 (VIOLATED)
_07949_/A1                              0.750000    1.112027   -0.362027 (VIOLATED)
_07953_/A                               0.750000    1.112027   -0.362027 (VIOLATED)
_07961_/S                               0.750000    1.112027   -0.362027 (VIOLATED)
_07963_/S                               0.750000    1.112027   -0.362027 (VIOLATED)
_07967_/S                               0.750000    1.112027   -0.362027 (VIOLATED)
_07969_/S                               0.750000    1.112027   -0.362027 (VIOLATED)
_07971_/S                               0.750000    1.112027   -0.362027 (VIOLATED)
_07973_/A1                              0.750000    1.112027   -0.362027 (VIOLATED)
_07975_/A1                              0.750000    1.112027   -0.362027 (VIOLATED)
_07977_/A1                              0.750000    1.112027   -0.362027 (VIOLATED)
_07979_/A1                              0.750000    1.112027   -0.362027 (VIOLATED)
_07981_/A1                              0.750000    1.112027   -0.362027 (VIOLATED)
_07985_/A1                              0.750000    1.112027   -0.362027 (VIOLATED)
_07987_/A1                              0.750000    1.112027   -0.362027 (VIOLATED)
_08014_/A                               0.750000    1.112027   -0.362027 (VIOLATED)
_08244_/A                               0.750000    1.112027   -0.362027 (VIOLATED)
_08246_/A                               0.750000    1.112027   -0.362027 (VIOLATED)
_08247_/A                               0.750000    1.112027   -0.362027 (VIOLATED)
_08252_/B1                              0.750000    1.112027   -0.362027 (VIOLATED)
_08255_/B1                              0.750000    1.112027   -0.362027 (VIOLATED)
_08262_/B1                              0.750000    1.112027   -0.362027 (VIOLATED)
_08265_/B1                              0.750000    1.112027   -0.362027 (VIOLATED)
_08363_/A                               0.750000    1.112027   -0.362027 (VIOLATED)
_08679_/A                               0.750000    1.112027   -0.362027 (VIOLATED)
_09375_/A                               0.750000    1.112027   -0.362027 (VIOLATED)
_09878_/A                               0.750000    1.112027   -0.362027 (VIOLATED)
_10110_/A                               0.750000    1.112027   -0.362027 (VIOLATED)
_10222_/A                               0.750000    1.112027   -0.362027 (VIOLATED)
_10811_/A                               0.750000    1.112027   -0.362027 (VIOLATED)
_10928_/A                               0.750000    1.112027   -0.362027 (VIOLATED)
_11662_/A                               0.750000    1.112027   -0.362027 (VIOLATED)
_12134_/B1                              0.750000    1.112027   -0.362027 (VIOLATED)
_12206_/B1                              0.750000    1.112027   -0.362027 (VIOLATED)
_12396_/A                               0.750000    1.112027   -0.362027 (VIOLATED)
_12452_/B1                              0.750000    1.112027   -0.362027 (VIOLATED)
_12526_/A                               0.750000    1.112027   -0.362027 (VIOLATED)
_12551_/B1                              0.750000    1.112027   -0.362027 (VIOLATED)
_12556_/A                               0.750000    1.112027   -0.362027 (VIOLATED)
_12557_/A                               0.750000    1.112027   -0.362027 (VIOLATED)
_12558_/A                               0.750000    1.112027   -0.362027 (VIOLATED)
_12559_/A                               0.750000    1.112027   -0.362027 (VIOLATED)
_12560_/A                               0.750000    1.112027   -0.362027 (VIOLATED)
_12561_/A                               0.750000    1.112027   -0.362027 (VIOLATED)
_12562_/A                               0.750000    1.112027   -0.362027 (VIOLATED)
_12563_/A                               0.750000    1.112027   -0.362027 (VIOLATED)
_12564_/A                               0.750000    1.112027   -0.362027 (VIOLATED)
_12565_/A                               0.750000    1.112027   -0.362027 (VIOLATED)
_12566_/A                               0.750000    1.112027   -0.362027 (VIOLATED)
_12567_/A                               0.750000    1.112027   -0.362027 (VIOLATED)
_12568_/A                               0.750000    1.112027   -0.362027 (VIOLATED)
_12569_/A                               0.750000    1.112027   -0.362027 (VIOLATED)
_12570_/A                               0.750000    1.112027   -0.362027 (VIOLATED)
_12571_/A                               0.750000    1.112027   -0.362027 (VIOLATED)
_12572_/A                               0.750000    1.112027   -0.362027 (VIOLATED)
_12573_/A                               0.750000    1.112027   -0.362027 (VIOLATED)
_12574_/A                               0.750000    1.112027   -0.362027 (VIOLATED)
_12676_/B                               0.750000    1.112027   -0.362027 (VIOLATED)
_12678_/A                               0.750000    1.112027   -0.362027 (VIOLATED)
_12681_/B                               0.750000    1.112027   -0.362027 (VIOLATED)
_12682_/B                               0.750000    1.112027   -0.362027 (VIOLATED)
_12697_/A1                              0.750000    1.112027   -0.362027 (VIOLATED)
_12706_/A1                              0.750000    1.112027   -0.362027 (VIOLATED)
_12711_/A1                              0.750000    1.112027   -0.362027 (VIOLATED)
_12755_/A                               0.750000    1.112027   -0.362027 (VIOLATED)
_12757_/A                               0.750000    1.112027   -0.362027 (VIOLATED)
_12805_/A                               0.750000    1.112027   -0.362027 (VIOLATED)
_12806_/A                               0.750000    1.112027   -0.362027 (VIOLATED)
_12807_/A                               0.750000    1.112027   -0.362027 (VIOLATED)
_12808_/A                               0.750000    1.112027   -0.362027 (VIOLATED)
_12809_/A                               0.750000    1.112027   -0.362027 (VIOLATED)
_12810_/A                               0.750000    1.112027   -0.362027 (VIOLATED)
_12811_/A                               0.750000    1.112027   -0.362027 (VIOLATED)
_12812_/A                               0.750000    1.112027   -0.362027 (VIOLATED)
_12813_/A                               0.750000    1.112027   -0.362027 (VIOLATED)
_12814_/A                               0.750000    1.112027   -0.362027 (VIOLATED)
_12815_/A                               0.750000    1.112027   -0.362027 (VIOLATED)
_12816_/A                               0.750000    1.112027   -0.362027 (VIOLATED)
_12817_/A                               0.750000    1.112027   -0.362027 (VIOLATED)
_12818_/A                               0.750000    1.112027   -0.362027 (VIOLATED)
_12819_/A                               0.750000    1.112027   -0.362027 (VIOLATED)
_12820_/A                               0.750000    1.112027   -0.362027 (VIOLATED)
_12821_/A                               0.750000    1.112027   -0.362027 (VIOLATED)
_12822_/A                               0.750000    1.112027   -0.362027 (VIOLATED)
_12823_/A                               0.750000    1.112027   -0.362027 (VIOLATED)
_12824_/A                               0.750000    1.112027   -0.362027 (VIOLATED)
_12825_/A                               0.750000    1.112027   -0.362027 (VIOLATED)
_12826_/A                               0.750000    1.112027   -0.362027 (VIOLATED)
_12827_/A                               0.750000    1.112027   -0.362027 (VIOLATED)
_12828_/A                               0.750000    1.112027   -0.362027 (VIOLATED)
_12829_/S                               0.750000    1.112027   -0.362027 (VIOLATED)
_12830_/S                               0.750000    1.112027   -0.362027 (VIOLATED)
_12831_/S                               0.750000    1.112027   -0.362027 (VIOLATED)
_12832_/S                               0.750000    1.112027   -0.362027 (VIOLATED)
_12833_/S                               0.750000    1.112027   -0.362027 (VIOLATED)
_12834_/A                               0.750000    1.112027   -0.362027 (VIOLATED)
_12835_/A                               0.750000    1.112027   -0.362027 (VIOLATED)
_12850_/C1                              0.750000    1.112027   -0.362027 (VIOLATED)
_12880_/A                               0.750000    1.112027   -0.362027 (VIOLATED)
_12881_/A                               0.750000    1.112027   -0.362027 (VIOLATED)
_12882_/A                               0.750000    1.112027   -0.362027 (VIOLATED)
_12883_/A                               0.750000    1.112027   -0.362027 (VIOLATED)
_12884_/A                               0.750000    1.112027   -0.362027 (VIOLATED)
_12885_/A                               0.750000    1.112027   -0.362027 (VIOLATED)
_12886_/A                               0.750000    1.112027   -0.362027 (VIOLATED)
_12887_/A                               0.750000    1.112027   -0.362027 (VIOLATED)
_12888_/A                               0.750000    1.112027   -0.362027 (VIOLATED)
_12889_/A                               0.750000    1.112027   -0.362027 (VIOLATED)
_12890_/A                               0.750000    1.112027   -0.362027 (VIOLATED)
_12891_/A                               0.750000    1.112027   -0.362027 (VIOLATED)
_12892_/A                               0.750000    1.112027   -0.362027 (VIOLATED)
_12893_/A                               0.750000    1.112027   -0.362027 (VIOLATED)
_12894_/A                               0.750000    1.112027   -0.362027 (VIOLATED)
_12895_/A                               0.750000    1.112027   -0.362027 (VIOLATED)
_12896_/A                               0.750000    1.112027   -0.362027 (VIOLATED)
_12897_/A                               0.750000    1.112027   -0.362027 (VIOLATED)
_12898_/A                               0.750000    1.112027   -0.362027 (VIOLATED)
_12899_/A                               0.750000    1.112027   -0.362027 (VIOLATED)
_12900_/A                               0.750000    1.112027   -0.362027 (VIOLATED)
_12901_/A                               0.750000    1.112027   -0.362027 (VIOLATED)
_12902_/A                               0.750000    1.112027   -0.362027 (VIOLATED)
_12909_/A                               0.750000    1.112027   -0.362027 (VIOLATED)
_12922_/C1                              0.750000    1.112027   -0.362027 (VIOLATED)
_12928_/A                               0.750000    1.112027   -0.362027 (VIOLATED)
_12933_/C1                              0.750000    1.112027   -0.362027 (VIOLATED)
_12939_/C1                              0.750000    1.112027   -0.362027 (VIOLATED)
_12955_/C1                              0.750000    1.112027   -0.362027 (VIOLATED)
_12961_/C1                              0.750000    1.112027   -0.362027 (VIOLATED)
_12968_/C1                              0.750000    1.112027   -0.362027 (VIOLATED)
_12975_/C1                              0.750000    1.112027   -0.362027 (VIOLATED)
_08364_/B                               0.750000    1.021510   -0.271510 (VIOLATED)
_08365_/A                               0.750000    1.021510   -0.271510 (VIOLATED)
_08366_/A                               0.750000    1.021510   -0.271510 (VIOLATED)
_08367_/A                               0.750000    1.021510   -0.271510 (VIOLATED)
_08370_/A                               0.750000    1.021510   -0.271510 (VIOLATED)
_08371_/A                               0.750000    1.021510   -0.271510 (VIOLATED)
_08372_/A                               0.750000    1.021510   -0.271510 (VIOLATED)
_08373_/A                               0.750000    1.021510   -0.271510 (VIOLATED)
_08375_/A                               0.750000    1.021510   -0.271510 (VIOLATED)
_08376_/A                               0.750000    1.021510   -0.271510 (VIOLATED)
_08379_/A                               0.750000    1.021510   -0.271510 (VIOLATED)
_08451_/A                               0.750000    1.021510   -0.271510 (VIOLATED)
_08452_/A                               0.750000    1.021510   -0.271510 (VIOLATED)
_08454_/A                               0.750000    1.021510   -0.271510 (VIOLATED)
_08455_/A                               0.750000    1.021510   -0.271510 (VIOLATED)
_08456_/A                               0.750000    1.021510   -0.271510 (VIOLATED)
_08463_/A                               0.750000    1.021510   -0.271510 (VIOLATED)
_08464_/A                               0.750000    1.021510   -0.271510 (VIOLATED)
_08467_/A                               0.750000    1.021510   -0.271510 (VIOLATED)
_08468_/A                               0.750000    1.021510   -0.271510 (VIOLATED)
_08469_/A                               0.750000    1.021510   -0.271510 (VIOLATED)
_08472_/B1                              0.750000    1.021510   -0.271510 (VIOLATED)
_08474_/B1                              0.750000    1.021510   -0.271510 (VIOLATED)
_08476_/A                               0.750000    1.021510   -0.271510 (VIOLATED)
_08477_/A                               0.750000    1.021510   -0.271510 (VIOLATED)
_08479_/A                               0.750000    1.021510   -0.271510 (VIOLATED)
_08480_/A                               0.750000    1.021510   -0.271510 (VIOLATED)
_08481_/A                               0.750000    1.021510   -0.271510 (VIOLATED)
_08484_/A                               0.750000    1.021510   -0.271510 (VIOLATED)
_08485_/A                               0.750000    1.021510   -0.271510 (VIOLATED)
_08486_/A                               0.750000    1.021510   -0.271510 (VIOLATED)
_08487_/A                               0.750000    1.021510   -0.271510 (VIOLATED)
_08490_/A                               0.750000    1.021510   -0.271510 (VIOLATED)
_08493_/B1                              0.750000    1.021510   -0.271510 (VIOLATED)
_08494_/A1                              0.750000    1.021510   -0.271510 (VIOLATED)
_08495_/B1                              0.750000    1.021510   -0.271510 (VIOLATED)
_08496_/B1                              0.750000    1.021510   -0.271510 (VIOLATED)
_08500_/A                               0.750000    1.021510   -0.271510 (VIOLATED)
_08501_/A                               0.750000    1.021510   -0.271510 (VIOLATED)
_08502_/A                               0.750000    1.021510   -0.271510 (VIOLATED)
_08506_/A                               0.750000    1.021510   -0.271510 (VIOLATED)
_08507_/A                               0.750000    1.021510   -0.271510 (VIOLATED)
_08509_/A                               0.750000    1.021510   -0.271510 (VIOLATED)
_08510_/A                               0.750000    1.021510   -0.271510 (VIOLATED)
_08512_/A                               0.750000    1.021510   -0.271510 (VIOLATED)
_08513_/A                               0.750000    1.021510   -0.271510 (VIOLATED)
_08514_/A                               0.750000    1.021510   -0.271510 (VIOLATED)
_08517_/B1                              0.750000    1.021510   -0.271510 (VIOLATED)
_08518_/B1                              0.750000    1.021510   -0.271510 (VIOLATED)
_08520_/B1                              0.750000    1.021510   -0.271510 (VIOLATED)
_08521_/B                               0.750000    1.021510   -0.271510 (VIOLATED)
_08522_/B1                              0.750000    1.021510   -0.271510 (VIOLATED)
_08525_/A1                              0.750000    1.021510   -0.271510 (VIOLATED)
_08533_/A1                              0.750000    1.021510   -0.271510 (VIOLATED)
_08545_/A1                              0.750000    1.021510   -0.271510 (VIOLATED)
_08656_/A1                              0.750000    1.021510   -0.271510 (VIOLATED)
_13862_/Q                               0.750000    1.021510   -0.271510 (VIOLATED)
_07013_/Y                               0.750000    0.997912   -0.247912 (VIOLATED)
_07014_/S                               0.750000    0.997912   -0.247912 (VIOLATED)
_07049_/S                               0.750000    0.997912   -0.247912 (VIOLATED)
_07050_/S                               0.750000    0.997912   -0.247912 (VIOLATED)
_07051_/S                               0.750000    0.997912   -0.247912 (VIOLATED)
_07052_/S                               0.750000    0.997912   -0.247912 (VIOLATED)
_07053_/S                               0.750000    0.997912   -0.247912 (VIOLATED)
_07054_/S                               0.750000    0.997912   -0.247912 (VIOLATED)
_07055_/S                               0.750000    0.997912   -0.247912 (VIOLATED)
_07056_/S                               0.750000    0.997912   -0.247912 (VIOLATED)
_07057_/S                               0.750000    0.997912   -0.247912 (VIOLATED)
_07058_/S                               0.750000    0.997912   -0.247912 (VIOLATED)
_07059_/S                               0.750000    0.997912   -0.247912 (VIOLATED)
_07060_/S                               0.750000    0.997912   -0.247912 (VIOLATED)
_07061_/S                               0.750000    0.997912   -0.247912 (VIOLATED)
_07062_/S                               0.750000    0.997912   -0.247912 (VIOLATED)
_07063_/S                               0.750000    0.997912   -0.247912 (VIOLATED)
_07064_/S                               0.750000    0.997912   -0.247912 (VIOLATED)
_07065_/S                               0.750000    0.997912   -0.247912 (VIOLATED)
_07066_/S                               0.750000    0.997912   -0.247912 (VIOLATED)
_07067_/S                               0.750000    0.997912   -0.247912 (VIOLATED)
_07068_/S                               0.750000    0.997912   -0.247912 (VIOLATED)
_07069_/S                               0.750000    0.997912   -0.247912 (VIOLATED)
_07070_/S                               0.750000    0.997912   -0.247912 (VIOLATED)
_07071_/S                               0.750000    0.997912   -0.247912 (VIOLATED)
_07072_/S                               0.750000    0.997912   -0.247912 (VIOLATED)
_07073_/S                               0.750000    0.997912   -0.247912 (VIOLATED)
_07074_/S                               0.750000    0.997912   -0.247912 (VIOLATED)
_07075_/S                               0.750000    0.997912   -0.247912 (VIOLATED)
_07076_/S                               0.750000    0.997912   -0.247912 (VIOLATED)
_07077_/S                               0.750000    0.997912   -0.247912 (VIOLATED)
_07078_/S                               0.750000    0.997912   -0.247912 (VIOLATED)
_07079_/S                               0.750000    0.997912   -0.247912 (VIOLATED)
_07080_/S                               0.750000    0.997912   -0.247912 (VIOLATED)
_07127_/S                               0.750000    0.997912   -0.247912 (VIOLATED)
_06989_/Y                               0.750000    0.949114   -0.199114 (VIOLATED)
_06990_/S                               0.750000    0.949114   -0.199114 (VIOLATED)
_06994_/Y                               0.750000    0.949114   -0.199114 (VIOLATED)
_06995_/S                               0.750000    0.949114   -0.199114 (VIOLATED)
_07015_/Y                               0.750000    0.949114   -0.199114 (VIOLATED)
_07016_/S                               0.750000    0.949114   -0.199114 (VIOLATED)
_07117_/S                               0.750000    0.949114   -0.199114 (VIOLATED)
_07119_/S                               0.750000    0.949114   -0.199114 (VIOLATED)
_07128_/S                               0.750000    0.949114   -0.199114 (VIOLATED)
_07129_/S                               0.750000    0.949114   -0.199114 (VIOLATED)
_07130_/S                               0.750000    0.949114   -0.199114 (VIOLATED)
_07131_/S                               0.750000    0.949114   -0.199114 (VIOLATED)
_07132_/S                               0.750000    0.949114   -0.199114 (VIOLATED)
_07133_/S                               0.750000    0.949114   -0.199114 (VIOLATED)
_07134_/S                               0.750000    0.949114   -0.199114 (VIOLATED)
_07135_/S                               0.750000    0.949114   -0.199114 (VIOLATED)
_07136_/S                               0.750000    0.949114   -0.199114 (VIOLATED)
_07137_/S                               0.750000    0.949114   -0.199114 (VIOLATED)
_07138_/S                               0.750000    0.949114   -0.199114 (VIOLATED)
_07139_/S                               0.750000    0.949114   -0.199114 (VIOLATED)
_07140_/S                               0.750000    0.949114   -0.199114 (VIOLATED)
_07141_/S                               0.750000    0.949114   -0.199114 (VIOLATED)
_07142_/S                               0.750000    0.949114   -0.199114 (VIOLATED)
_07143_/S                               0.750000    0.949114   -0.199114 (VIOLATED)
_07144_/S                               0.750000    0.949114   -0.199114 (VIOLATED)
_07145_/S                               0.750000    0.949114   -0.199114 (VIOLATED)
_07146_/S                               0.750000    0.949114   -0.199114 (VIOLATED)
_07147_/S                               0.750000    0.949114   -0.199114 (VIOLATED)
_07148_/S                               0.750000    0.949114   -0.199114 (VIOLATED)
_07149_/S                               0.750000    0.949114   -0.199114 (VIOLATED)
_07150_/S                               0.750000    0.949114   -0.199114 (VIOLATED)
_07151_/S                               0.750000    0.949114   -0.199114 (VIOLATED)
_07152_/S                               0.750000    0.949114   -0.199114 (VIOLATED)
_07153_/S                               0.750000    0.949114   -0.199114 (VIOLATED)
_07154_/S                               0.750000    0.949114   -0.199114 (VIOLATED)
_07155_/S                               0.750000    0.949114   -0.199114 (VIOLATED)
_07156_/S                               0.750000    0.949114   -0.199114 (VIOLATED)
_07157_/S                               0.750000    0.949114   -0.199114 (VIOLATED)
_07158_/S                               0.750000    0.949114   -0.199114 (VIOLATED)
_07159_/S                               0.750000    0.949114   -0.199114 (VIOLATED)
_07271_/S                               0.750000    0.949114   -0.199114 (VIOLATED)
_07272_/S                               0.750000    0.949114   -0.199114 (VIOLATED)
_07273_/S                               0.750000    0.949114   -0.199114 (VIOLATED)
_07274_/S                               0.750000    0.949114   -0.199114 (VIOLATED)
_07275_/S                               0.750000    0.949114   -0.199114 (VIOLATED)
_07276_/S                               0.750000    0.949114   -0.199114 (VIOLATED)
_07277_/S                               0.750000    0.949114   -0.199114 (VIOLATED)
_07278_/S                               0.750000    0.949114   -0.199114 (VIOLATED)
_07279_/S                               0.750000    0.949114   -0.199114 (VIOLATED)
_07280_/S                               0.750000    0.949114   -0.199114 (VIOLATED)
_07281_/S                               0.750000    0.949114   -0.199114 (VIOLATED)
_07282_/S                               0.750000    0.949114   -0.199114 (VIOLATED)
_07283_/S                               0.750000    0.949114   -0.199114 (VIOLATED)
_07284_/S                               0.750000    0.949114   -0.199114 (VIOLATED)
_07285_/S                               0.750000    0.949114   -0.199114 (VIOLATED)
_07286_/S                               0.750000    0.949114   -0.199114 (VIOLATED)
_07287_/S                               0.750000    0.949114   -0.199114 (VIOLATED)
_07288_/S                               0.750000    0.949114   -0.199114 (VIOLATED)
_07289_/S                               0.750000    0.949114   -0.199114 (VIOLATED)
_07290_/S                               0.750000    0.949114   -0.199114 (VIOLATED)
_07291_/S                               0.750000    0.949114   -0.199114 (VIOLATED)
_07292_/S                               0.750000    0.949114   -0.199114 (VIOLATED)
_07293_/S                               0.750000    0.949114   -0.199114 (VIOLATED)
_07294_/S                               0.750000    0.949114   -0.199114 (VIOLATED)
_07295_/S                               0.750000    0.949114   -0.199114 (VIOLATED)
_07296_/S                               0.750000    0.949114   -0.199114 (VIOLATED)
_07297_/S                               0.750000    0.949114   -0.199114 (VIOLATED)
_07298_/S                               0.750000    0.949114   -0.199114 (VIOLATED)
_07299_/S                               0.750000    0.949114   -0.199114 (VIOLATED)
_07300_/S                               0.750000    0.949114   -0.199114 (VIOLATED)
_07301_/S                               0.750000    0.949114   -0.199114 (VIOLATED)
_07302_/S                               0.750000    0.949114   -0.199114 (VIOLATED)
_07303_/S                               0.750000    0.949114   -0.199114 (VIOLATED)
_07304_/S                               0.750000    0.949114   -0.199114 (VIOLATED)
_07305_/S                               0.750000    0.949114   -0.199114 (VIOLATED)
_07306_/S                               0.750000    0.949114   -0.199114 (VIOLATED)
_07307_/S                               0.750000    0.949114   -0.199114 (VIOLATED)
_07308_/S                               0.750000    0.949114   -0.199114 (VIOLATED)
_07309_/S                               0.750000    0.949114   -0.199114 (VIOLATED)
_07310_/S                               0.750000    0.949114   -0.199114 (VIOLATED)
_07311_/S                               0.750000    0.949114   -0.199114 (VIOLATED)
_07312_/S                               0.750000    0.949114   -0.199114 (VIOLATED)
_07313_/S                               0.750000    0.949114   -0.199114 (VIOLATED)
_07314_/S                               0.750000    0.949114   -0.199114 (VIOLATED)
_07315_/S                               0.750000    0.949114   -0.199114 (VIOLATED)
_07316_/S                               0.750000    0.949114   -0.199114 (VIOLATED)
_07317_/S                               0.750000    0.949114   -0.199114 (VIOLATED)
_07318_/S                               0.750000    0.949114   -0.199114 (VIOLATED)
_07319_/S                               0.750000    0.949114   -0.199114 (VIOLATED)
_07320_/S                               0.750000    0.949114   -0.199114 (VIOLATED)
_07321_/S                               0.750000    0.949114   -0.199114 (VIOLATED)
_07322_/S                               0.750000    0.949114   -0.199114 (VIOLATED)
_07323_/S                               0.750000    0.949114   -0.199114 (VIOLATED)
_07324_/S                               0.750000    0.949114   -0.199114 (VIOLATED)
_07325_/S                               0.750000    0.949114   -0.199114 (VIOLATED)
_07326_/S                               0.750000    0.949114   -0.199114 (VIOLATED)
_07327_/S                               0.750000    0.949114   -0.199114 (VIOLATED)
_07328_/S                               0.750000    0.949114   -0.199114 (VIOLATED)
_07329_/S                               0.750000    0.949114   -0.199114 (VIOLATED)
_07330_/S                               0.750000    0.949114   -0.199114 (VIOLATED)
_07331_/S                               0.750000    0.949114   -0.199114 (VIOLATED)
_07332_/S                               0.750000    0.949114   -0.199114 (VIOLATED)
_07333_/S                               0.750000    0.949114   -0.199114 (VIOLATED)
_07334_/S                               0.750000    0.949114   -0.199114 (VIOLATED)
_12982_/S                               0.750000    0.949114   -0.199114 (VIOLATED)
_06977_/Y                               0.750000    0.949080   -0.199080 (VIOLATED)
_06978_/S                               0.750000    0.949080   -0.199080 (VIOLATED)
_07017_/S                               0.750000    0.949080   -0.199080 (VIOLATED)
_07018_/S                               0.750000    0.949080   -0.199080 (VIOLATED)
_07019_/S                               0.750000    0.949080   -0.199080 (VIOLATED)
_07020_/S                               0.750000    0.949080   -0.199080 (VIOLATED)
_07021_/S                               0.750000    0.949080   -0.199080 (VIOLATED)
_07022_/S                               0.750000    0.949080   -0.199080 (VIOLATED)
_07023_/S                               0.750000    0.949080   -0.199080 (VIOLATED)
_07024_/S                               0.750000    0.949080   -0.199080 (VIOLATED)
_07025_/S                               0.750000    0.949080   -0.199080 (VIOLATED)
_07026_/S                               0.750000    0.949080   -0.199080 (VIOLATED)
_07027_/S                               0.750000    0.949080   -0.199080 (VIOLATED)
_07028_/S                               0.750000    0.949080   -0.199080 (VIOLATED)
_07029_/S                               0.750000    0.949080   -0.199080 (VIOLATED)
_07030_/S                               0.750000    0.949080   -0.199080 (VIOLATED)
_07031_/S                               0.750000    0.949080   -0.199080 (VIOLATED)
_07032_/S                               0.750000    0.949080   -0.199080 (VIOLATED)
_07033_/S                               0.750000    0.949080   -0.199080 (VIOLATED)
_07034_/S                               0.750000    0.949080   -0.199080 (VIOLATED)
_07035_/S                               0.750000    0.949080   -0.199080 (VIOLATED)
_07036_/S                               0.750000    0.949080   -0.199080 (VIOLATED)
_07037_/S                               0.750000    0.949080   -0.199080 (VIOLATED)
_07038_/S                               0.750000    0.949080   -0.199080 (VIOLATED)
_07039_/S                               0.750000    0.949080   -0.199080 (VIOLATED)
_07040_/S                               0.750000    0.949080   -0.199080 (VIOLATED)
_07041_/S                               0.750000    0.949080   -0.199080 (VIOLATED)
_07042_/S                               0.750000    0.949080   -0.199080 (VIOLATED)
_07043_/S                               0.750000    0.949080   -0.199080 (VIOLATED)
_07044_/S                               0.750000    0.949080   -0.199080 (VIOLATED)
_07045_/S                               0.750000    0.949080   -0.199080 (VIOLATED)
_07046_/S                               0.750000    0.949080   -0.199080 (VIOLATED)
_07047_/S                               0.750000    0.949080   -0.199080 (VIOLATED)
_07048_/S                               0.750000    0.949080   -0.199080 (VIOLATED)
_07113_/S                               0.750000    0.949080   -0.199080 (VIOLATED)
_06992_/Y                               0.750000    0.949005   -0.199005 (VIOLATED)
_06993_/S                               0.750000    0.949005   -0.199005 (VIOLATED)
_06999_/Y                               0.750000    0.949005   -0.199005 (VIOLATED)
_07000_/S                               0.750000    0.949005   -0.199005 (VIOLATED)
_07001_/Y                               0.750000    0.949005   -0.199005 (VIOLATED)
_07002_/S                               0.750000    0.949005   -0.199005 (VIOLATED)
_07003_/Y                               0.750000    0.949005   -0.199005 (VIOLATED)
_07004_/S                               0.750000    0.949005   -0.199005 (VIOLATED)
_07007_/Y                               0.750000    0.949005   -0.199005 (VIOLATED)
_07008_/S                               0.750000    0.949005   -0.199005 (VIOLATED)
_07009_/Y                               0.750000    0.949005   -0.199005 (VIOLATED)
_07010_/S                               0.750000    0.949005   -0.199005 (VIOLATED)
_07081_/S                               0.750000    0.949005   -0.199005 (VIOLATED)
_07082_/S                               0.750000    0.949005   -0.199005 (VIOLATED)
_07083_/S                               0.750000    0.949005   -0.199005 (VIOLATED)
_07084_/S                               0.750000    0.949005   -0.199005 (VIOLATED)
_07085_/S                               0.750000    0.949005   -0.199005 (VIOLATED)
_07086_/S                               0.750000    0.949005   -0.199005 (VIOLATED)
_07087_/S                               0.750000    0.949005   -0.199005 (VIOLATED)
_07088_/S                               0.750000    0.949005   -0.199005 (VIOLATED)
_07089_/S                               0.750000    0.949005   -0.199005 (VIOLATED)
_07090_/S                               0.750000    0.949005   -0.199005 (VIOLATED)
_07091_/S                               0.750000    0.949005   -0.199005 (VIOLATED)
_07092_/S                               0.750000    0.949005   -0.199005 (VIOLATED)
_07093_/S                               0.750000    0.949005   -0.199005 (VIOLATED)
_07094_/S                               0.750000    0.949005   -0.199005 (VIOLATED)
_07095_/S                               0.750000    0.949005   -0.199005 (VIOLATED)
_07096_/S                               0.750000    0.949005   -0.199005 (VIOLATED)
_07097_/S                               0.750000    0.949005   -0.199005 (VIOLATED)
_07098_/S                               0.750000    0.949005   -0.199005 (VIOLATED)
_07099_/S                               0.750000    0.949005   -0.199005 (VIOLATED)
_07100_/S                               0.750000    0.949005   -0.199005 (VIOLATED)
_07101_/S                               0.750000    0.949005   -0.199005 (VIOLATED)
_07102_/S                               0.750000    0.949005   -0.199005 (VIOLATED)
_07103_/S                               0.750000    0.949005   -0.199005 (VIOLATED)
_07104_/S                               0.750000    0.949005   -0.199005 (VIOLATED)
_07105_/S                               0.750000    0.949005   -0.199005 (VIOLATED)
_07106_/S                               0.750000    0.949005   -0.199005 (VIOLATED)
_07107_/S                               0.750000    0.949005   -0.199005 (VIOLATED)
_07108_/S                               0.750000    0.949005   -0.199005 (VIOLATED)
_07109_/S                               0.750000    0.949005   -0.199005 (VIOLATED)
_07110_/S                               0.750000    0.949005   -0.199005 (VIOLATED)
_07111_/S                               0.750000    0.949005   -0.199005 (VIOLATED)
_07112_/S                               0.750000    0.949005   -0.199005 (VIOLATED)
_07118_/S                               0.750000    0.949005   -0.199005 (VIOLATED)
_07121_/S                               0.750000    0.949005   -0.199005 (VIOLATED)
_07122_/S                               0.750000    0.949005   -0.199005 (VIOLATED)
_07123_/S                               0.750000    0.949005   -0.199005 (VIOLATED)
_07125_/S                               0.750000    0.949005   -0.199005 (VIOLATED)
_07126_/S                               0.750000    0.949005   -0.199005 (VIOLATED)
_07236_/S                               0.750000    0.949005   -0.199005 (VIOLATED)
_07237_/S                               0.750000    0.949005   -0.199005 (VIOLATED)
_07238_/S                               0.750000    0.949005   -0.199005 (VIOLATED)
_07239_/S                               0.750000    0.949005   -0.199005 (VIOLATED)
_07240_/S                               0.750000    0.949005   -0.199005 (VIOLATED)
_07241_/S                               0.750000    0.949005   -0.199005 (VIOLATED)
_07242_/S                               0.750000    0.949005   -0.199005 (VIOLATED)
_07243_/S                               0.750000    0.949005   -0.199005 (VIOLATED)
_07244_/S                               0.750000    0.949005   -0.199005 (VIOLATED)
_07245_/S                               0.750000    0.949005   -0.199005 (VIOLATED)
_07246_/S                               0.750000    0.949005   -0.199005 (VIOLATED)
_07247_/S                               0.750000    0.949005   -0.199005 (VIOLATED)
_07248_/S                               0.750000    0.949005   -0.199005 (VIOLATED)
_07249_/S                               0.750000    0.949005   -0.199005 (VIOLATED)
_07250_/S                               0.750000    0.949005   -0.199005 (VIOLATED)
_07251_/S                               0.750000    0.949005   -0.199005 (VIOLATED)
_07252_/S                               0.750000    0.949005   -0.199005 (VIOLATED)
_07253_/S                               0.750000    0.949005   -0.199005 (VIOLATED)
_07254_/S                               0.750000    0.949005   -0.199005 (VIOLATED)
_07255_/S                               0.750000    0.949005   -0.199005 (VIOLATED)
_07256_/S                               0.750000    0.949005   -0.199005 (VIOLATED)
_07257_/S                               0.750000    0.949005   -0.199005 (VIOLATED)
_07258_/S                               0.750000    0.949005   -0.199005 (VIOLATED)
_07259_/S                               0.750000    0.949005   -0.199005 (VIOLATED)
_07260_/S                               0.750000    0.949005   -0.199005 (VIOLATED)
_07261_/S                               0.750000    0.949005   -0.199005 (VIOLATED)
_07262_/S                               0.750000    0.949005   -0.199005 (VIOLATED)
_07263_/S                               0.750000    0.949005   -0.199005 (VIOLATED)
_07264_/S                               0.750000    0.949005   -0.199005 (VIOLATED)
_07265_/S                               0.750000    0.949005   -0.199005 (VIOLATED)
_07266_/S                               0.750000    0.949005   -0.199005 (VIOLATED)
_07267_/S                               0.750000    0.949005   -0.199005 (VIOLATED)
_07367_/S                               0.750000    0.949005   -0.199005 (VIOLATED)
_07368_/S                               0.750000    0.949005   -0.199005 (VIOLATED)
_07369_/S                               0.750000    0.949005   -0.199005 (VIOLATED)
_07370_/S                               0.750000    0.949005   -0.199005 (VIOLATED)
_07371_/S                               0.750000    0.949005   -0.199005 (VIOLATED)
_07372_/S                               0.750000    0.949005   -0.199005 (VIOLATED)
_07373_/S                               0.750000    0.949005   -0.199005 (VIOLATED)
_07374_/S                               0.750000    0.949005   -0.199005 (VIOLATED)
_07375_/S                               0.750000    0.949005   -0.199005 (VIOLATED)
_07376_/S                               0.750000    0.949005   -0.199005 (VIOLATED)
_07377_/S                               0.750000    0.949005   -0.199005 (VIOLATED)
_07378_/S                               0.750000    0.949005   -0.199005 (VIOLATED)
_07379_/S                               0.750000    0.949005   -0.199005 (VIOLATED)
_07380_/S                               0.750000    0.949005   -0.199005 (VIOLATED)
_07381_/S                               0.750000    0.949005   -0.199005 (VIOLATED)
_07382_/S                               0.750000    0.949005   -0.199005 (VIOLATED)
_07383_/S                               0.750000    0.949005   -0.199005 (VIOLATED)
_07384_/S                               0.750000    0.949005   -0.199005 (VIOLATED)
_07385_/S                               0.750000    0.949005   -0.199005 (VIOLATED)
_07386_/S                               0.750000    0.949005   -0.199005 (VIOLATED)
_07387_/S                               0.750000    0.949005   -0.199005 (VIOLATED)
_07388_/S                               0.750000    0.949005   -0.199005 (VIOLATED)
_07389_/S                               0.750000    0.949005   -0.199005 (VIOLATED)
_07390_/S                               0.750000    0.949005   -0.199005 (VIOLATED)
_07391_/S                               0.750000    0.949005   -0.199005 (VIOLATED)
_07392_/S                               0.750000    0.949005   -0.199005 (VIOLATED)
_07393_/S                               0.750000    0.949005   -0.199005 (VIOLATED)
_07394_/S                               0.750000    0.949005   -0.199005 (VIOLATED)
_07395_/S                               0.750000    0.949005   -0.199005 (VIOLATED)
_07396_/S                               0.750000    0.949005   -0.199005 (VIOLATED)
_07397_/S                               0.750000    0.949005   -0.199005 (VIOLATED)
_07398_/S                               0.750000    0.949005   -0.199005 (VIOLATED)
_07770_/S                               0.750000    0.949005   -0.199005 (VIOLATED)
_07771_/S                               0.750000    0.949005   -0.199005 (VIOLATED)
_07772_/S                               0.750000    0.949005   -0.199005 (VIOLATED)
_07773_/S                               0.750000    0.949005   -0.199005 (VIOLATED)
_07774_/S                               0.750000    0.949005   -0.199005 (VIOLATED)
_07775_/S                               0.750000    0.949005   -0.199005 (VIOLATED)
_07776_/S                               0.750000    0.949005   -0.199005 (VIOLATED)
_07777_/S                               0.750000    0.949005   -0.199005 (VIOLATED)
_07778_/S                               0.750000    0.949005   -0.199005 (VIOLATED)
_07779_/S                               0.750000    0.949005   -0.199005 (VIOLATED)
_07780_/S                               0.750000    0.949005   -0.199005 (VIOLATED)
_07781_/S                               0.750000    0.949005   -0.199005 (VIOLATED)
_07782_/S                               0.750000    0.949005   -0.199005 (VIOLATED)
_07783_/S                               0.750000    0.949005   -0.199005 (VIOLATED)
_07784_/S                               0.750000    0.949005   -0.199005 (VIOLATED)
_07785_/S                               0.750000    0.949005   -0.199005 (VIOLATED)
_07786_/S                               0.750000    0.949005   -0.199005 (VIOLATED)
_07787_/S                               0.750000    0.949005   -0.199005 (VIOLATED)
_07788_/S                               0.750000    0.949005   -0.199005 (VIOLATED)
_07789_/S                               0.750000    0.949005   -0.199005 (VIOLATED)
_07790_/S                               0.750000    0.949005   -0.199005 (VIOLATED)
_07791_/S                               0.750000    0.949005   -0.199005 (VIOLATED)
_07792_/S                               0.750000    0.949005   -0.199005 (VIOLATED)
_07793_/S                               0.750000    0.949005   -0.199005 (VIOLATED)
_07794_/S                               0.750000    0.949005   -0.199005 (VIOLATED)
_07795_/S                               0.750000    0.949005   -0.199005 (VIOLATED)
_07796_/S                               0.750000    0.949005   -0.199005 (VIOLATED)
_07797_/S                               0.750000    0.949005   -0.199005 (VIOLATED)
_07798_/S                               0.750000    0.949005   -0.199005 (VIOLATED)
_07799_/S                               0.750000    0.949005   -0.199005 (VIOLATED)
_07800_/S                               0.750000    0.949005   -0.199005 (VIOLATED)
_07801_/S                               0.750000    0.949005   -0.199005 (VIOLATED)
_07802_/S                               0.750000    0.949005   -0.199005 (VIOLATED)
_07803_/S                               0.750000    0.949005   -0.199005 (VIOLATED)
_07804_/S                               0.750000    0.949005   -0.199005 (VIOLATED)
_07805_/S                               0.750000    0.949005   -0.199005 (VIOLATED)
_07806_/S                               0.750000    0.949005   -0.199005 (VIOLATED)
_07807_/S                               0.750000    0.949005   -0.199005 (VIOLATED)
_07808_/S                               0.750000    0.949005   -0.199005 (VIOLATED)
_07809_/S                               0.750000    0.949005   -0.199005 (VIOLATED)
_07810_/S                               0.750000    0.949005   -0.199005 (VIOLATED)
_07811_/S                               0.750000    0.949005   -0.199005 (VIOLATED)
_07812_/S                               0.750000    0.949005   -0.199005 (VIOLATED)
_07813_/S                               0.750000    0.949005   -0.199005 (VIOLATED)
_07814_/S                               0.750000    0.949005   -0.199005 (VIOLATED)
_07815_/S                               0.750000    0.949005   -0.199005 (VIOLATED)
_07816_/S                               0.750000    0.949005   -0.199005 (VIOLATED)
_07817_/S                               0.750000    0.949005   -0.199005 (VIOLATED)
_07818_/S                               0.750000    0.949005   -0.199005 (VIOLATED)
_07819_/S                               0.750000    0.949005   -0.199005 (VIOLATED)
_07820_/S                               0.750000    0.949005   -0.199005 (VIOLATED)
_07821_/S                               0.750000    0.949005   -0.199005 (VIOLATED)
_07822_/S                               0.750000    0.949005   -0.199005 (VIOLATED)
_07823_/S                               0.750000    0.949005   -0.199005 (VIOLATED)
_07824_/S                               0.750000    0.949005   -0.199005 (VIOLATED)
_07825_/S                               0.750000    0.949005   -0.199005 (VIOLATED)
_07826_/S                               0.750000    0.949005   -0.199005 (VIOLATED)
_07827_/S                               0.750000    0.949005   -0.199005 (VIOLATED)
_07828_/S                               0.750000    0.949005   -0.199005 (VIOLATED)
_07829_/S                               0.750000    0.949005   -0.199005 (VIOLATED)
_07830_/S                               0.750000    0.949005   -0.199005 (VIOLATED)
_07831_/S                               0.750000    0.949005   -0.199005 (VIOLATED)
_07832_/S                               0.750000    0.949005   -0.199005 (VIOLATED)
_07833_/S                               0.750000    0.949005   -0.199005 (VIOLATED)
_12983_/S                               0.750000    0.949005   -0.199005 (VIOLATED)
_12984_/S                               0.750000    0.949005   -0.199005 (VIOLATED)
_12985_/S                               0.750000    0.949005   -0.199005 (VIOLATED)
_12986_/S                               0.750000    0.949005   -0.199005 (VIOLATED)
_12987_/S                               0.750000    0.949005   -0.199005 (VIOLATED)
_12988_/S                               0.750000    0.949005   -0.199005 (VIOLATED)
_12989_/S                               0.750000    0.949005   -0.199005 (VIOLATED)
_12990_/S                               0.750000    0.949005   -0.199005 (VIOLATED)
_12991_/S                               0.750000    0.949005   -0.199005 (VIOLATED)
_12992_/S                               0.750000    0.949005   -0.199005 (VIOLATED)
_12993_/S                               0.750000    0.949005   -0.199005 (VIOLATED)
_12994_/S                               0.750000    0.949005   -0.199005 (VIOLATED)
_12995_/S                               0.750000    0.949005   -0.199005 (VIOLATED)
_12996_/S                               0.750000    0.949005   -0.199005 (VIOLATED)
_12997_/S                               0.750000    0.949005   -0.199005 (VIOLATED)
_12998_/S                               0.750000    0.949005   -0.199005 (VIOLATED)
_12999_/S                               0.750000    0.949005   -0.199005 (VIOLATED)
_13000_/S                               0.750000    0.949005   -0.199005 (VIOLATED)
_13001_/S                               0.750000    0.949005   -0.199005 (VIOLATED)
_13002_/S                               0.750000    0.949005   -0.199005 (VIOLATED)
_13003_/S                               0.750000    0.949005   -0.199005 (VIOLATED)
_13004_/S                               0.750000    0.949005   -0.199005 (VIOLATED)
_13005_/S                               0.750000    0.949005   -0.199005 (VIOLATED)
_13006_/S                               0.750000    0.949005   -0.199005 (VIOLATED)
_13007_/S                               0.750000    0.949005   -0.199005 (VIOLATED)
_13008_/S                               0.750000    0.949005   -0.199005 (VIOLATED)
_13009_/S                               0.750000    0.949005   -0.199005 (VIOLATED)
_13010_/S                               0.750000    0.949005   -0.199005 (VIOLATED)
_13011_/S                               0.750000    0.949005   -0.199005 (VIOLATED)
_13012_/S                               0.750000    0.949005   -0.199005 (VIOLATED)
_13013_/S                               0.750000    0.949005   -0.199005 (VIOLATED)
_13014_/S                               0.750000    0.949005   -0.199005 (VIOLATED)
_06983_/Y                               0.750000    0.947696   -0.197696 (VIOLATED)
_06984_/S                               0.750000    0.947696   -0.197696 (VIOLATED)
_07115_/S                               0.750000    0.947696   -0.197696 (VIOLATED)
_07160_/S                               0.750000    0.947696   -0.197696 (VIOLATED)
_07161_/S                               0.750000    0.947696   -0.197696 (VIOLATED)
_07162_/S                               0.750000    0.947696   -0.197696 (VIOLATED)
_07163_/S                               0.750000    0.947696   -0.197696 (VIOLATED)
_07164_/S                               0.750000    0.947696   -0.197696 (VIOLATED)
_07165_/S                               0.750000    0.947696   -0.197696 (VIOLATED)
_07166_/S                               0.750000    0.947696   -0.197696 (VIOLATED)
_07167_/S                               0.750000    0.947696   -0.197696 (VIOLATED)
_07168_/S                               0.750000    0.947696   -0.197696 (VIOLATED)
_07169_/S                               0.750000    0.947696   -0.197696 (VIOLATED)
_07170_/S                               0.750000    0.947696   -0.197696 (VIOLATED)
_07171_/S                               0.750000    0.947696   -0.197696 (VIOLATED)
_07172_/S                               0.750000    0.947696   -0.197696 (VIOLATED)
_07173_/S                               0.750000    0.947696   -0.197696 (VIOLATED)
_07174_/S                               0.750000    0.947696   -0.197696 (VIOLATED)
_07175_/S                               0.750000    0.947696   -0.197696 (VIOLATED)
_07176_/S                               0.750000    0.947696   -0.197696 (VIOLATED)
_07177_/S                               0.750000    0.947696   -0.197696 (VIOLATED)
_07178_/S                               0.750000    0.947696   -0.197696 (VIOLATED)
_07179_/S                               0.750000    0.947696   -0.197696 (VIOLATED)
_07180_/S                               0.750000    0.947696   -0.197696 (VIOLATED)
_07181_/S                               0.750000    0.947696   -0.197696 (VIOLATED)
_07182_/S                               0.750000    0.947696   -0.197696 (VIOLATED)
_07183_/S                               0.750000    0.947696   -0.197696 (VIOLATED)
_07184_/S                               0.750000    0.947696   -0.197696 (VIOLATED)
_07185_/S                               0.750000    0.947696   -0.197696 (VIOLATED)
_07186_/S                               0.750000    0.947696   -0.197696 (VIOLATED)
_07187_/S                               0.750000    0.947696   -0.197696 (VIOLATED)
_07188_/S                               0.750000    0.947696   -0.197696 (VIOLATED)
_07189_/S                               0.750000    0.947696   -0.197696 (VIOLATED)
_07190_/S                               0.750000    0.947696   -0.197696 (VIOLATED)
_07191_/S                               0.750000    0.947696   -0.197696 (VIOLATED)
_06980_/Y                               0.750000    0.947691   -0.197691 (VIOLATED)
_06981_/S                               0.750000    0.947691   -0.197691 (VIOLATED)
_07114_/S                               0.750000    0.947691   -0.197691 (VIOLATED)
_07866_/S                               0.750000    0.947691   -0.197691 (VIOLATED)
_07867_/S                               0.750000    0.947691   -0.197691 (VIOLATED)
_07868_/S                               0.750000    0.947691   -0.197691 (VIOLATED)
_07869_/S                               0.750000    0.947691   -0.197691 (VIOLATED)
_07870_/S                               0.750000    0.947691   -0.197691 (VIOLATED)
_07871_/S                               0.750000    0.947691   -0.197691 (VIOLATED)
_07872_/S                               0.750000    0.947691   -0.197691 (VIOLATED)
_07873_/S                               0.750000    0.947691   -0.197691 (VIOLATED)
_07874_/S                               0.750000    0.947691   -0.197691 (VIOLATED)
_07875_/S                               0.750000    0.947691   -0.197691 (VIOLATED)
_07876_/S                               0.750000    0.947691   -0.197691 (VIOLATED)
_07877_/S                               0.750000    0.947691   -0.197691 (VIOLATED)
_07878_/S                               0.750000    0.947691   -0.197691 (VIOLATED)
_07879_/S                               0.750000    0.947691   -0.197691 (VIOLATED)
_07880_/S                               0.750000    0.947691   -0.197691 (VIOLATED)
_07881_/S                               0.750000    0.947691   -0.197691 (VIOLATED)
_07882_/S                               0.750000    0.947691   -0.197691 (VIOLATED)
_07883_/S                               0.750000    0.947691   -0.197691 (VIOLATED)
_07884_/S                               0.750000    0.947691   -0.197691 (VIOLATED)
_07885_/S                               0.750000    0.947691   -0.197691 (VIOLATED)
_07886_/S                               0.750000    0.947691   -0.197691 (VIOLATED)
_07887_/S                               0.750000    0.947691   -0.197691 (VIOLATED)
_07888_/S                               0.750000    0.947691   -0.197691 (VIOLATED)
_07889_/S                               0.750000    0.947691   -0.197691 (VIOLATED)
_07890_/S                               0.750000    0.947691   -0.197691 (VIOLATED)
_07891_/S                               0.750000    0.947691   -0.197691 (VIOLATED)
_07892_/S                               0.750000    0.947691   -0.197691 (VIOLATED)
_07893_/S                               0.750000    0.947691   -0.197691 (VIOLATED)
_07894_/S                               0.750000    0.947691   -0.197691 (VIOLATED)
_07895_/S                               0.750000    0.947691   -0.197691 (VIOLATED)
_07896_/S                               0.750000    0.947691   -0.197691 (VIOLATED)
_07897_/S                               0.750000    0.947691   -0.197691 (VIOLATED)
_07748_/Y                               0.750000    0.907313   -0.157313 (VIOLATED)
_07749_/B1                              0.750000    0.907313   -0.157313 (VIOLATED)
_07752_/B1                              0.750000    0.907313   -0.157313 (VIOLATED)
_07755_/B1                              0.750000    0.907313   -0.157313 (VIOLATED)
_07758_/B1                              0.750000    0.907313   -0.157313 (VIOLATED)
_07762_/A                               0.750000    0.907313   -0.157313 (VIOLATED)
_07765_/B                               0.750000    0.907313   -0.157313 (VIOLATED)
_07766_/B                               0.750000    0.907313   -0.157313 (VIOLATED)
_07767_/B1                              0.750000    0.907313   -0.157313 (VIOLATED)
_07769_/B                               0.750000    0.907313   -0.157313 (VIOLATED)
_12760_/B1                              0.750000    0.907313   -0.157313 (VIOLATED)
_12762_/B                               0.750000    0.907313   -0.157313 (VIOLATED)
_12763_/B1                              0.750000    0.907313   -0.157313 (VIOLATED)
_12765_/B1                              0.750000    0.907313   -0.157313 (VIOLATED)
_12767_/B1                              0.750000    0.907313   -0.157313 (VIOLATED)
_12769_/B1                              0.750000    0.907313   -0.157313 (VIOLATED)
_12771_/B1                              0.750000    0.907313   -0.157313 (VIOLATED)
_12774_/B                               0.750000    0.907313   -0.157313 (VIOLATED)
_12775_/B1                              0.750000    0.907313   -0.157313 (VIOLATED)
_12777_/B1                              0.750000    0.907313   -0.157313 (VIOLATED)
_12780_/B                               0.750000    0.907313   -0.157313 (VIOLATED)
_12781_/B1                              0.750000    0.907313   -0.157313 (VIOLATED)
_12783_/B1                              0.750000    0.907313   -0.157313 (VIOLATED)
_12786_/B                               0.750000    0.907313   -0.157313 (VIOLATED)
_12787_/B1                              0.750000    0.907313   -0.157313 (VIOLATED)
_12789_/B1                              0.750000    0.907313   -0.157313 (VIOLATED)
_12792_/B                               0.750000    0.907313   -0.157313 (VIOLATED)
_12793_/B1                              0.750000    0.907313   -0.157313 (VIOLATED)
_12795_/B1                              0.750000    0.907313   -0.157313 (VIOLATED)
_12798_/B                               0.750000    0.907313   -0.157313 (VIOLATED)
_12799_/B1                              0.750000    0.907313   -0.157313 (VIOLATED)
_12801_/B1                              0.750000    0.907313   -0.157313 (VIOLATED)
_12804_/B                               0.750000    0.907313   -0.157313 (VIOLATED)
_10955_/Y                               0.750000    0.890201   -0.140201 (VIOLATED)
_10969_/A                               0.750000    0.890201   -0.140201 (VIOLATED)
_11068_/A1                              0.750000    0.890201   -0.140201 (VIOLATED)
_11082_/A                               0.750000    0.890201   -0.140201 (VIOLATED)
_11184_/A1                              0.750000    0.890201   -0.140201 (VIOLATED)
_11197_/A_N                             0.750000    0.890201   -0.140201 (VIOLATED)
_11198_/A                               0.750000    0.890201   -0.140201 (VIOLATED)
_11298_/A_N                             0.750000    0.890201   -0.140201 (VIOLATED)
_11299_/A                               0.750000    0.890201   -0.140201 (VIOLATED)
_11398_/A_N                             0.750000    0.890201   -0.140201 (VIOLATED)
_11399_/A                               0.750000    0.890201   -0.140201 (VIOLATED)
_11492_/A                               0.750000    0.890201   -0.140201 (VIOLATED)
_11582_/A1                              0.750000    0.890201   -0.140201 (VIOLATED)
_11587_/A                               0.750000    0.890201   -0.140201 (VIOLATED)
_11669_/A1                              0.750000    0.890201   -0.140201 (VIOLATED)
_11671_/A                               0.750000    0.890201   -0.140201 (VIOLATED)
_11757_/A1                              0.750000    0.890201   -0.140201 (VIOLATED)
_07399_/Y                               0.750000    0.847820   -0.097820 (VIOLATED)
_07405_/B1                              0.750000    0.847820   -0.097820 (VIOLATED)
_07534_/B1                              0.750000    0.847820   -0.097820 (VIOLATED)
_07535_/B1                              0.750000    0.847820   -0.097820 (VIOLATED)
_07536_/B1                              0.750000    0.847820   -0.097820 (VIOLATED)
_07537_/B1                              0.750000    0.847820   -0.097820 (VIOLATED)
_07538_/B1                              0.750000    0.847820   -0.097820 (VIOLATED)
_07539_/B1                              0.750000    0.847820   -0.097820 (VIOLATED)
_07540_/B1                              0.750000    0.847820   -0.097820 (VIOLATED)
_07541_/B1                              0.750000    0.847820   -0.097820 (VIOLATED)
_07542_/B1                              0.750000    0.847820   -0.097820 (VIOLATED)
_07547_/B1                              0.750000    0.847820   -0.097820 (VIOLATED)
_07551_/B1                              0.750000    0.847820   -0.097820 (VIOLATED)
_07555_/B1                              0.750000    0.847820   -0.097820 (VIOLATED)
_07559_/B1                              0.750000    0.847820   -0.097820 (VIOLATED)
_07563_/B1                              0.750000    0.847820   -0.097820 (VIOLATED)
_07568_/B1                              0.750000    0.847820   -0.097820 (VIOLATED)
_07571_/B1                              0.750000    0.847820   -0.097820 (VIOLATED)
_07573_/B1                              0.750000    0.847820   -0.097820 (VIOLATED)
_07575_/B1                              0.750000    0.847820   -0.097820 (VIOLATED)
_07577_/B1                              0.750000    0.847820   -0.097820 (VIOLATED)
_07579_/B1                              0.750000    0.847820   -0.097820 (VIOLATED)
_07581_/B1                              0.750000    0.847820   -0.097820 (VIOLATED)
_07583_/B1                              0.750000    0.847820   -0.097820 (VIOLATED)
_07584_/A2                              0.750000    0.847820   -0.097820 (VIOLATED)
_07586_/B1                              0.750000    0.847820   -0.097820 (VIOLATED)
_07588_/B1                              0.750000    0.847820   -0.097820 (VIOLATED)
_07590_/B1                              0.750000    0.847820   -0.097820 (VIOLATED)
_07591_/A2                              0.750000    0.847820   -0.097820 (VIOLATED)
_07592_/A2                              0.750000    0.847820   -0.097820 (VIOLATED)
_07594_/B1                              0.750000    0.847820   -0.097820 (VIOLATED)
_07596_/B1                              0.750000    0.847820   -0.097820 (VIOLATED)
_07598_/B1                              0.750000    0.847820   -0.097820 (VIOLATED)
_07955_/B                               0.750000    0.847820   -0.097820 (VIOLATED)
_07988_/B                               0.750000    0.847820   -0.097820 (VIOLATED)
_07991_/A2                              0.750000    0.847820   -0.097820 (VIOLATED)
_07995_/A2                              0.750000    0.847820   -0.097820 (VIOLATED)
_07999_/A2                              0.750000    0.847820   -0.097820 (VIOLATED)
_08002_/A2                              0.750000    0.847820   -0.097820 (VIOLATED)
_08005_/A2                              0.750000    0.847820   -0.097820 (VIOLATED)
_08008_/A2                              0.750000    0.847820   -0.097820 (VIOLATED)
_08040_/Y                               0.750000    0.830858   -0.080858 (VIOLATED)
_08065_/B1                              0.750000    0.830858   -0.080858 (VIOLATED)
_08077_/B1                              0.750000    0.830858   -0.080858 (VIOLATED)
_08083_/B1                              0.750000    0.830858   -0.080858 (VIOLATED)
_08089_/B1                              0.750000    0.830858   -0.080858 (VIOLATED)
_08096_/B1                              0.750000    0.830858   -0.080858 (VIOLATED)
_08102_/B1                              0.750000    0.830858   -0.080858 (VIOLATED)
_08107_/B1                              0.750000    0.830858   -0.080858 (VIOLATED)
_08114_/B1                              0.750000    0.830858   -0.080858 (VIOLATED)
_08119_/B1                              0.750000    0.830858   -0.080858 (VIOLATED)
_08125_/B1                              0.750000    0.830858   -0.080858 (VIOLATED)
_08131_/B1                              0.750000    0.830858   -0.080858 (VIOLATED)
_08138_/B1                              0.750000    0.830858   -0.080858 (VIOLATED)
_08143_/B1                              0.750000    0.830858   -0.080858 (VIOLATED)
_08150_/B1                              0.750000    0.830858   -0.080858 (VIOLATED)
_08157_/B1                              0.750000    0.830858   -0.080858 (VIOLATED)
_08162_/B1                              0.750000    0.830858   -0.080858 (VIOLATED)
_08169_/B1                              0.750000    0.830858   -0.080858 (VIOLATED)
_08176_/B1                              0.750000    0.830858   -0.080858 (VIOLATED)
_08181_/B1                              0.750000    0.830858   -0.080858 (VIOLATED)
_08188_/B1                              0.750000    0.830858   -0.080858 (VIOLATED)
_08195_/B1                              0.750000    0.830858   -0.080858 (VIOLATED)
_08200_/B1                              0.750000    0.830858   -0.080858 (VIOLATED)
_08207_/B1                              0.750000    0.830858   -0.080858 (VIOLATED)
_10000_/X                               0.750000    0.788900   -0.038900 (VIOLATED)
_10441_/A                               0.750000    0.788900   -0.038900 (VIOLATED)
_10452_/B2                              0.750000    0.788900   -0.038900 (VIOLATED)
_10565_/A                               0.750000    0.788900   -0.038900 (VIOLATED)
_10683_/A                               0.750000    0.788900   -0.038900 (VIOLATED)
_10920_/B2                              0.750000    0.788900   -0.038900 (VIOLATED)
_11160_/A1                              0.750000    0.788900   -0.038900 (VIOLATED)
_11373_/A                               0.750000    0.788900   -0.038900 (VIOLATED)
_11382_/A1                              0.750000    0.788900   -0.038900 (VIOLATED)
_11471_/A                               0.750000    0.788900   -0.038900 (VIOLATED)
_11565_/A                               0.750000    0.788900   -0.038900 (VIOLATED)
_11566_/A1                              0.750000    0.788900   -0.038900 (VIOLATED)
_11576_/A1                              0.750000    0.788900   -0.038900 (VIOLATED)
_11658_/A                               0.750000    0.788900   -0.038900 (VIOLATED)
_11739_/A                               0.750000    0.788900   -0.038900 (VIOLATED)
_11740_/A1                              0.750000    0.788900   -0.038900 (VIOLATED)
_11751_/A1                              0.750000    0.788900   -0.038900 (VIOLATED)
_11901_/A                               0.750000    0.788900   -0.038900 (VIOLATED)
_11902_/A                               0.750000    0.788900   -0.038900 (VIOLATED)
_11904_/A1                              0.750000    0.788900   -0.038900 (VIOLATED)
_11984_/A                               0.750000    0.788900   -0.038900 (VIOLATED)
_12056_/A                               0.750000    0.788900   -0.038900 (VIOLATED)
_12057_/A                               0.750000    0.788900   -0.038900 (VIOLATED)
_12059_/A1                              0.750000    0.788900   -0.038900 (VIOLATED)
_12129_/A                               0.750000    0.788900   -0.038900 (VIOLATED)
_12195_/A                               0.750000    0.788900   -0.038900 (VIOLATED)
_12196_/A                               0.750000    0.788900   -0.038900 (VIOLATED)
_12198_/A1                              0.750000    0.788900   -0.038900 (VIOLATED)
_12262_/A                               0.750000    0.788900   -0.038900 (VIOLATED)
_12263_/A                               0.750000    0.788900   -0.038900 (VIOLATED)
_12325_/A                               0.750000    0.788900   -0.038900 (VIOLATED)
_12326_/A                               0.750000    0.788900   -0.038900 (VIOLATED)
_12388_/A                               0.750000    0.788900   -0.038900 (VIOLATED)
_12389_/A                               0.750000    0.788900   -0.038900 (VIOLATED)
_12439_/A                               0.750000    0.788900   -0.038900 (VIOLATED)
_12440_/A                               0.750000    0.788900   -0.038900 (VIOLATED)
_12487_/A                               0.750000    0.788900   -0.038900 (VIOLATED)
_12520_/A                               0.750000    0.788900   -0.038900 (VIOLATED)
_12521_/A1                              0.750000    0.788900   -0.038900 (VIOLATED)
_12550_/A1                              0.750000    0.788900   -0.038900 (VIOLATED)
_12552_/A1                              0.750000    0.788900   -0.038900 (VIOLATED)
_12553_/A                               0.750000    0.788900   -0.038900 (VIOLATED)
_08901_/D                               0.750000    0.763574   -0.013574 (VIOLATED)
_08903_/B2                              0.750000    0.763574   -0.013574 (VIOLATED)
_09412_/A2                              0.750000    0.763574   -0.013574 (VIOLATED)
_09415_/A                               0.750000    0.763574   -0.013574 (VIOLATED)
_09474_/B                               0.750000    0.763574   -0.013574 (VIOLATED)
_09611_/A2                              0.750000    0.763574   -0.013574 (VIOLATED)
_09613_/D                               0.750000    0.763574   -0.013574 (VIOLATED)
_09614_/B1                              0.750000    0.763574   -0.013574 (VIOLATED)
_09717_/C                               0.750000    0.763574   -0.013574 (VIOLATED)
_09718_/A2                              0.750000    0.763574   -0.013574 (VIOLATED)
_09792_/A2                              0.750000    0.763574   -0.013574 (VIOLATED)
_09793_/B                               0.750000    0.763574   -0.013574 (VIOLATED)
_09885_/B1                              0.750000    0.763574   -0.013574 (VIOLATED)
_09886_/D                               0.750000    0.763574   -0.013574 (VIOLATED)
_10010_/A2                              0.750000    0.763574   -0.013574 (VIOLATED)
_10012_/C                               0.750000    0.763574   -0.013574 (VIOLATED)
_10137_/B                               0.750000    0.763574   -0.013574 (VIOLATED)
_10230_/A2                              0.750000    0.763574   -0.013574 (VIOLATED)
_10251_/D                               0.750000    0.763574   -0.013574 (VIOLATED)
_10252_/B1                              0.750000    0.763574   -0.013574 (VIOLATED)
_10359_/A2                              0.750000    0.763574   -0.013574 (VIOLATED)
_10361_/A1                              0.750000    0.763574   -0.013574 (VIOLATED)
_10458_/B2                              0.750000    0.763574   -0.013574 (VIOLATED)
_10481_/B                               0.750000    0.763574   -0.013574 (VIOLATED)
_10597_/D                               0.750000    0.763574   -0.013574 (VIOLATED)
_10598_/B1                              0.750000    0.763574   -0.013574 (VIOLATED)
_10716_/C                               0.750000    0.763574   -0.013574 (VIOLATED)
_10717_/A2                              0.750000    0.763574   -0.013574 (VIOLATED)
_10835_/B                               0.750000    0.763574   -0.013574 (VIOLATED)
_10956_/A2                              0.750000    0.763574   -0.013574 (VIOLATED)
_10958_/D                               0.750000    0.763574   -0.013574 (VIOLATED)
_10959_/B1                              0.750000    0.763574   -0.013574 (VIOLATED)
_11072_/A2                              0.750000    0.763574   -0.013574 (VIOLATED)
_11074_/C                               0.750000    0.763574   -0.013574 (VIOLATED)
_11205_/A                               0.750000    0.763574   -0.013574 (VIOLATED)
_11306_/B                               0.750000    0.763574   -0.013574 (VIOLATED)
_11307_/A1                              0.750000    0.763574   -0.013574 (VIOLATED)
_11405_/B2                              0.750000    0.763574   -0.013574 (VIOLATED)
_11407_/A1                              0.750000    0.763574   -0.013574 (VIOLATED)
_11486_/A1_N                            0.750000    0.763574   -0.013574 (VIOLATED)
_11504_/A                               0.750000    0.763574   -0.013574 (VIOLATED)
_11593_/B                               0.750000    0.763574   -0.013574 (VIOLATED)
_11594_/A1                              0.750000    0.763574   -0.013574 (VIOLATED)
_11680_/A                               0.750000    0.763574   -0.013574 (VIOLATED)
_11681_/B2                              0.750000    0.763574   -0.013574 (VIOLATED)
_11779_/A                               0.750000    0.763574   -0.013574 (VIOLATED)
_11854_/A1                              0.750000    0.763574   -0.013574 (VIOLATED)
_11855_/B                               0.750000    0.763574   -0.013574 (VIOLATED)
_11935_/B2                              0.750000    0.763574   -0.013574 (VIOLATED)
_11937_/A                               0.750000    0.763574   -0.013574 (VIOLATED)
_12021_/A                               0.750000    0.763574   -0.013574 (VIOLATED)
_12091_/A1                              0.750000    0.763574   -0.013574 (VIOLATED)
_12092_/B                               0.750000    0.763574   -0.013574 (VIOLATED)
_12158_/B2                              0.750000    0.763574   -0.013574 (VIOLATED)
_12160_/A1                              0.750000    0.763574   -0.013574 (VIOLATED)
_12223_/A1_N                            0.750000    0.763574   -0.013574 (VIOLATED)
_12233_/A                               0.750000    0.763574   -0.013574 (VIOLATED)
_12292_/A                               0.750000    0.763574   -0.013574 (VIOLATED)
_12293_/A                               0.750000    0.763574   -0.013574 (VIOLATED)
_12297_/A1                              0.750000    0.763574   -0.013574 (VIOLATED)
_12355_/A_N                             0.750000    0.763574   -0.013574 (VIOLATED)
_13495_/Q                               0.750000    0.763574   -0.013574 (VIOLATED)
_08248_/A1                              0.750000    0.757433   -0.007433 (VIOLATED)
_08249_/A1                              0.750000    0.757433   -0.007433 (VIOLATED)
_08251_/B1                              0.750000    0.757433   -0.007433 (VIOLATED)
_08254_/B1                              0.750000    0.757433   -0.007433 (VIOLATED)
_08258_/A1                              0.750000    0.757433   -0.007433 (VIOLATED)
_08259_/A1                              0.750000    0.757433   -0.007433 (VIOLATED)
_08261_/B1                              0.750000    0.757433   -0.007433 (VIOLATED)
_08264_/B1                              0.750000    0.757433   -0.007433 (VIOLATED)
_08268_/A1                              0.750000    0.757433   -0.007433 (VIOLATED)
_08269_/A1                              0.750000    0.757433   -0.007433 (VIOLATED)
_08272_/A1                              0.750000    0.757433   -0.007433 (VIOLATED)
_08273_/A1                              0.750000    0.757433   -0.007433 (VIOLATED)
_08276_/A1                              0.750000    0.757433   -0.007433 (VIOLATED)
_08277_/A1                              0.750000    0.757433   -0.007433 (VIOLATED)
_08280_/A1                              0.750000    0.757433   -0.007433 (VIOLATED)
_08281_/A1                              0.750000    0.757433   -0.007433 (VIOLATED)
_08284_/A1                              0.750000    0.757433   -0.007433 (VIOLATED)
_08285_/A1                              0.750000    0.757433   -0.007433 (VIOLATED)
_08288_/A1                              0.750000    0.757433   -0.007433 (VIOLATED)
_08289_/A1                              0.750000    0.757433   -0.007433 (VIOLATED)
_08292_/A1                              0.750000    0.757433   -0.007433 (VIOLATED)
_08293_/A1                              0.750000    0.757433   -0.007433 (VIOLATED)
_08296_/A1                              0.750000    0.757433   -0.007433 (VIOLATED)
_08297_/A1                              0.750000    0.757433   -0.007433 (VIOLATED)
_08300_/A1                              0.750000    0.757433   -0.007433 (VIOLATED)
_08301_/A1                              0.750000    0.757433   -0.007433 (VIOLATED)
_08304_/A1                              0.750000    0.757433   -0.007433 (VIOLATED)
_08305_/A1                              0.750000    0.757433   -0.007433 (VIOLATED)
_08308_/A1                              0.750000    0.757433   -0.007433 (VIOLATED)
_08309_/A1                              0.750000    0.757433   -0.007433 (VIOLATED)
_08312_/A1                              0.750000    0.757433   -0.007433 (VIOLATED)
_08313_/A1                              0.750000    0.757433   -0.007433 (VIOLATED)
_08316_/A1                              0.750000    0.757433   -0.007433 (VIOLATED)
_08317_/A1                              0.750000    0.757433   -0.007433 (VIOLATED)
_08320_/A1                              0.750000    0.757433   -0.007433 (VIOLATED)
_08321_/A1                              0.750000    0.757433   -0.007433 (VIOLATED)
_08324_/A1                              0.750000    0.757433   -0.007433 (VIOLATED)
_08325_/A1                              0.750000    0.757433   -0.007433 (VIOLATED)
_08328_/A1                              0.750000    0.757433   -0.007433 (VIOLATED)
_08329_/A1                              0.750000    0.757433   -0.007433 (VIOLATED)
_08332_/A1                              0.750000    0.757433   -0.007433 (VIOLATED)
_08333_/A1                              0.750000    0.757433   -0.007433 (VIOLATED)
_08336_/A1                              0.750000    0.757433   -0.007433 (VIOLATED)
_08337_/A1                              0.750000    0.757433   -0.007433 (VIOLATED)
_08340_/A1                              0.750000    0.757433   -0.007433 (VIOLATED)
_08341_/A1                              0.750000    0.757433   -0.007433 (VIOLATED)
_08344_/A1                              0.750000    0.757433   -0.007433 (VIOLATED)
_08345_/A1                              0.750000    0.757433   -0.007433 (VIOLATED)
_08348_/A1                              0.750000    0.757433   -0.007433 (VIOLATED)
_08349_/A1                              0.750000    0.757433   -0.007433 (VIOLATED)
_08352_/A1                              0.750000    0.757433   -0.007433 (VIOLATED)
_08353_/A1                              0.750000    0.757433   -0.007433 (VIOLATED)
_08356_/A1                              0.750000    0.757433   -0.007433 (VIOLATED)
_08357_/A1                              0.750000    0.757433   -0.007433 (VIOLATED)
_08360_/A1                              0.750000    0.757433   -0.007433 (VIOLATED)
_08361_/A1                              0.750000    0.757433   -0.007433 (VIOLATED)
_12835_/B                               0.750000    0.757433   -0.007433 (VIOLATED)
_12836_/B                               0.750000    0.757433   -0.007433 (VIOLATED)
_13797_/Q                               0.750000    0.757433   -0.007433 (VIOLATED)
_09999_/Y                               0.750000    0.755536   -0.005536 (VIOLATED)
_10103_/B1                              0.750000    0.755536   -0.005536 (VIOLATED)
_10104_/A                               0.750000    0.755536   -0.005536 (VIOLATED)
_10212_/A                               0.750000    0.755536   -0.005536 (VIOLATED)
_10224_/A1                              0.750000    0.755536   -0.005536 (VIOLATED)
_10325_/B1                              0.750000    0.755536   -0.005536 (VIOLATED)
_10326_/A                               0.750000    0.755536   -0.005536 (VIOLATED)
_10684_/A                               0.750000    0.755536   -0.005536 (VIOLATED)
_10685_/A1                              0.750000    0.755536   -0.005536 (VIOLATED)
_10805_/A                               0.750000    0.755536   -0.005536 (VIOLATED)
_10919_/A                               0.750000    0.755536   -0.005536 (VIOLATED)
_10929_/A1                              0.750000    0.755536   -0.005536 (VIOLATED)
_11043_/A                               0.750000    0.755536   -0.005536 (VIOLATED)
_11824_/A                               0.750000    0.755536   -0.005536 (VIOLATED)
_12544_/A                               0.750000    0.755536   -0.005536 (VIOLATED)

max fanout

Pin                                   Limit Fanout  Slack
---------------------------------------------------------
rst                                      10    277   -267 (VIOLATED)
_06504_/Y                                10    150   -140 (VIOLATED)
_13254_/Q                                10    136   -126 (VIOLATED)
_13255_/Q                                10    136   -126 (VIOLATED)
_13256_/Q                                10     69    -59 (VIOLATED)
_13499_/Q                                10     62    -52 (VIOLATED)
_13500_/Q                                10     62    -52 (VIOLATED)
_13495_/Q                                10     61    -51 (VIOLATED)
_13496_/Q                                10     61    -51 (VIOLATED)
_13497_/Q                                10     61    -51 (VIOLATED)
_13498_/Q                                10     61    -51 (VIOLATED)
_13501_/Q                                10     61    -51 (VIOLATED)
_13509_/Q                                10     61    -51 (VIOLATED)
_13502_/Q                                10     60    -50 (VIOLATED)
_13506_/Q                                10     60    -50 (VIOLATED)
_13507_/Q                                10     60    -50 (VIOLATED)
_13510_/Q                                10     60    -50 (VIOLATED)
_13505_/Q                                10     59    -49 (VIOLATED)
_13503_/Q                                10     58    -48 (VIOLATED)
_13504_/Q                                10     58    -48 (VIOLATED)
_13797_/Q                                10     58    -48 (VIOLATED)
_13494_/Q                                10     57    -47 (VIOLATED)
_13508_/Q                                10     57    -47 (VIOLATED)
_13862_/Q                                10     56    -46 (VIOLATED)
_13511_/Q                                10     51    -41 (VIOLATED)
_13666_/Q                                10     48    -38 (VIOLATED)
_10000_/X                                10     41    -31 (VIOLATED)
_07399_/Y                                10     40    -30 (VIOLATED)
_13867_/Q                                10     39    -29 (VIOLATED)
_06513_/Y                                10     38    -28 (VIOLATED)
_13870_/Q                                10     38    -28 (VIOLATED)
_13876_/Q                                10     38    -28 (VIOLATED)
_13885_/Q                                10     38    -28 (VIOLATED)
_13888_/Q                                10     38    -28 (VIOLATED)
_13891_/Q                                10     38    -28 (VIOLATED)
_13868_/Q                                10     37    -27 (VIOLATED)
_13872_/Q                                10     37    -27 (VIOLATED)
_13873_/Q                                10     37    -27 (VIOLATED)
_13879_/Q                                10     37    -27 (VIOLATED)
_13882_/Q                                10     37    -27 (VIOLATED)
_13871_/Q                                10     36    -26 (VIOLATED)
_13877_/Q                                10     36    -26 (VIOLATED)
_13880_/Q                                10     36    -26 (VIOLATED)
_13886_/Q                                10     36    -26 (VIOLATED)
_13889_/Q                                10     36    -26 (VIOLATED)
_13893_/Q                                10     36    -26 (VIOLATED)
_13257_/Q                                10     35    -25 (VIOLATED)
_13874_/Q                                10     35    -25 (VIOLATED)
_13883_/Q                                10     35    -25 (VIOLATED)
_13892_/Q                                10     35    -25 (VIOLATED)
_13894_/Q                                10     35    -25 (VIOLATED)
_06507_/Y                                10     34    -24 (VIOLATED)
_06508_/Y                                10     34    -24 (VIOLATED)
_06977_/Y                                10     34    -24 (VIOLATED)
_06980_/Y                                10     34    -24 (VIOLATED)
_06983_/Y                                10     34    -24 (VIOLATED)
_06987_/X                                10     34    -24 (VIOLATED)
_06989_/Y                                10     34    -24 (VIOLATED)
_06992_/Y                                10     34    -24 (VIOLATED)
_06994_/Y                                10     34    -24 (VIOLATED)
_06997_/X                                10     34    -24 (VIOLATED)
_06999_/Y                                10     34    -24 (VIOLATED)
_07001_/Y                                10     34    -24 (VIOLATED)
_07003_/Y                                10     34    -24 (VIOLATED)
_07005_/X                                10     34    -24 (VIOLATED)
_07007_/Y                                10     34    -24 (VIOLATED)
_07009_/Y                                10     34    -24 (VIOLATED)
_07013_/Y                                10     34    -24 (VIOLATED)
_07015_/Y                                10     34    -24 (VIOLATED)
_11179_/Y                                10     34    -24 (VIOLATED)
_13665_/Q                                10     34    -24 (VIOLATED)
_13864_/Q                                10     34    -24 (VIOLATED)
_14061_/Q                                10     34    -24 (VIOLATED)
_14063_/Q                                10     34    -24 (VIOLATED)
_08039_/X                                10     33    -23 (VIOLATED)
_13664_/Q                                10     33    -23 (VIOLATED)
_13865_/Q                                10     33    -23 (VIOLATED)
_13878_/Q                                10     33    -23 (VIOLATED)
_13881_/Q                                10     33    -23 (VIOLATED)
_14062_/Q                                10     33    -23 (VIOLATED)
_07748_/Y                                10     32    -22 (VIOLATED)
_08015_/X                                10     32    -22 (VIOLATED)
_08568_/Y                                10     32    -22 (VIOLATED)
_08569_/X                                10     32    -22 (VIOLATED)
_11283_/Y                                10     32    -22 (VIOLATED)
_13887_/Q                                10     32    -22 (VIOLATED)
_13869_/Q                                10     31    -21 (VIOLATED)
_06611_/Y                                10     29    -19 (VIOLATED)
_13663_/Q                                10     29    -19 (VIOLATED)
_13866_/Q                                10     29    -19 (VIOLATED)
_13890_/Q                                10     29    -19 (VIOLATED)
_06509_/Y                                10     28    -18 (VIOLATED)
_13884_/Q                                10     28    -18 (VIOLATED)
_08040_/Y                                10     23    -13 (VIOLATED)
_13698_/Q                                10     23    -13 (VIOLATED)
_11671_/Y                                10     22    -12 (VIOLATED)
_13875_/Q                                10     22    -12 (VIOLATED)
_12595_/Y                                10     21    -11 (VIOLATED)
_07406_/X                                10     20    -10 (VIOLATED)
_11757_/X                                10     20    -10 (VIOLATED)
_13895_/Q                                10     20    -10 (VIOLATED)
_07599_/Y                                10     18     -8 (VIOLATED)
_06515_/Y                                10     17     -7 (VIOLATED)
_10955_/Y                                10     16     -6 (VIOLATED)
_11847_/Y                                10     16     -6 (VIOLATED)
_13512_/Q                                10     16     -6 (VIOLATED)
_13513_/Q                                10     16     -6 (VIOLATED)
_13514_/Q                                10     16     -6 (VIOLATED)
_13515_/Q                                10     16     -6 (VIOLATED)
_13516_/Q                                10     16     -6 (VIOLATED)
_13517_/Q                                10     16     -6 (VIOLATED)
_13518_/Q                                10     16     -6 (VIOLATED)
_13519_/Q                                10     16     -6 (VIOLATED)
_13520_/Q                                10     16     -6 (VIOLATED)
_13668_/Q                                10     16     -6 (VIOLATED)
_14014_/Q                                10     16     -6 (VIOLATED)
_14015_/Q                                10     16     -6 (VIOLATED)
_14016_/Q                                10     16     -6 (VIOLATED)
_14017_/Q                                10     16     -6 (VIOLATED)
_14018_/Q                                10     16     -6 (VIOLATED)
_14019_/Q                                10     16     -6 (VIOLATED)
_14020_/Q                                10     16     -6 (VIOLATED)
_14021_/Q                                10     16     -6 (VIOLATED)
_14022_/Q                                10     16     -6 (VIOLATED)
_14023_/Q                                10     16     -6 (VIOLATED)
_14024_/Q                                10     16     -6 (VIOLATED)
_14025_/Q                                10     16     -6 (VIOLATED)
_14026_/Q                                10     16     -6 (VIOLATED)
_14027_/Q                                10     16     -6 (VIOLATED)
_14028_/Q                                10     16     -6 (VIOLATED)
_14029_/Q                                10     16     -6 (VIOLATED)
_14030_/Q                                10     16     -6 (VIOLATED)
_14031_/Q                                10     16     -6 (VIOLATED)
_14032_/Q                                10     16     -6 (VIOLATED)
_14033_/Q                                10     16     -6 (VIOLATED)
_14034_/Q                                10     16     -6 (VIOLATED)
_14035_/Q                                10     16     -6 (VIOLATED)
_14036_/Q                                10     16     -6 (VIOLATED)
_14096_/Q                                10     16     -6 (VIOLATED)
_14118_/Q                                10     16     -6 (VIOLATED)
_09473_/X                                10     15     -5 (VIOLATED)
_10005_/Y                                10     15     -5 (VIOLATED)
_13715_/Q                                10     15     -5 (VIOLATED)
_07600_/X                                10     14     -4 (VIOLATED)
_09999_/Y                                10     14     -4 (VIOLATED)
_13731_/Q                                10     14     -4 (VIOLATED)
_07954_/Y                                10     12     -2 (VIOLATED)
_11927_/Y                                10     12     -2 (VIOLATED)
_12525_/Y                                10     12     -2 (VIOLATED)
_12544_/Y                                10     12     -2 (VIOLATED)
_12550_/X                                10     12     -2 (VIOLATED)
_12681_/X                                10     12     -2 (VIOLATED)
_07667_/X                                10     11        (VIOLATED)
_07955_/X                                10     11        (VIOLATED)
_10117_/Y                                10     11        (VIOLATED)
_11501_/Y                                10     11        (VIOLATED)
_12551_/X                                10     11        (VIOLATED)
_12554_/X                                10     11        (VIOLATED)
_13942_/Q                                10     11        (VIOLATED)

max capacitance

Pin                                        Limit         Cap       Slack
------------------------------------------------------------------------
rst                                     0.200000    0.904000   -0.704000 (VIOLATED)
_13254_/Q                               0.200000    0.824569   -0.624569 (VIOLATED)
_13255_/Q                               0.200000    0.461312   -0.261312 (VIOLATED)
_06504_/Y                               0.200000    0.306789   -0.106789 (VIOLATED)
_13862_/Q                               0.200000    0.272686   -0.072686 (VIOLATED)
_06611_/Y                               0.092478    0.151707   -0.059229 (VIOLATED)
_08568_/Y                               0.112620    0.143834   -0.031214 (VIOLATED)
_10000_/X                               0.200000    0.211582   -0.011582 (VIOLATED)
_13495_/Q                               0.200000    0.203344   -0.003344 (VIOLATED)
_13797_/Q                               0.200000    0.201693   -0.001693 (VIOLATED)



===========================================================================
report_parasitic_annotation -report_unannotated
============================================================================
Found 7888 unannotated drivers.
 clk
 m_axis_tready
 rst
 s_axil_araddr[0]
 s_axil_araddr[10]
 s_axil_araddr[11]
 s_axil_araddr[12]
 s_axil_araddr[13]
 s_axil_araddr[14]
 s_axil_araddr[15]
 s_axil_araddr[16]
 s_axil_araddr[17]
 s_axil_araddr[18]
 s_axil_araddr[19]
 s_axil_araddr[1]
 s_axil_araddr[20]
 s_axil_araddr[21]
 s_axil_araddr[22]
 s_axil_araddr[23]
 s_axil_araddr[24]
 s_axil_araddr[25]
 s_axil_araddr[26]
 s_axil_araddr[27]
 s_axil_araddr[28]
 s_axil_araddr[29]
 s_axil_araddr[2]
 s_axil_araddr[30]
 s_axil_araddr[31]
 s_axil_araddr[3]
 s_axil_araddr[4]
 s_axil_araddr[5]
 s_axil_araddr[6]
 s_axil_araddr[7]
 s_axil_araddr[8]
 s_axil_araddr[9]
 s_axil_arvalid
 s_axil_awaddr[0]
 s_axil_awaddr[10]
 s_axil_awaddr[11]
 s_axil_awaddr[12]
 s_axil_awaddr[13]
 s_axil_awaddr[14]
 s_axil_awaddr[15]
 s_axil_awaddr[16]
 s_axil_awaddr[17]
 s_axil_awaddr[18]
 s_axil_awaddr[19]
 s_axil_awaddr[1]
 s_axil_awaddr[20]
 s_axil_awaddr[21]
 s_axil_awaddr[22]
 s_axil_awaddr[23]
 s_axil_awaddr[24]
 s_axil_awaddr[25]
 s_axil_awaddr[26]
 s_axil_awaddr[27]
 s_axil_awaddr[28]
 s_axil_awaddr[29]
 s_axil_awaddr[2]
 s_axil_awaddr[30]
 s_axil_awaddr[31]
 s_axil_awaddr[3]
 s_axil_awaddr[4]
 s_axil_awaddr[5]
 s_axil_awaddr[6]
 s_axil_awaddr[7]
 s_axil_awaddr[8]
 s_axil_awaddr[9]
 s_axil_awvalid
 s_axil_bready
 s_axil_rready
 s_axil_wdata[0]
 s_axil_wdata[10]
 s_axil_wdata[11]
 s_axil_wdata[12]
 s_axil_wdata[13]
 s_axil_wdata[14]
 s_axil_wdata[15]
 s_axil_wdata[16]
 s_axil_wdata[17]
 s_axil_wdata[18]
 s_axil_wdata[19]
 s_axil_wdata[1]
 s_axil_wdata[20]
 s_axil_wdata[21]
 s_axil_wdata[22]
 s_axil_wdata[23]
 s_axil_wdata[24]
 s_axil_wdata[25]
 s_axil_wdata[26]
 s_axil_wdata[27]
 s_axil_wdata[28]
 s_axil_wdata[29]
 s_axil_wdata[2]
 s_axil_wdata[30]
 s_axil_wdata[31]
 s_axil_wdata[3]
 s_axil_wdata[4]
 s_axil_wdata[5]
 s_axil_wdata[6]
 s_axil_wdata[7]
 s_axil_wdata[8]
 s_axil_wdata[9]
 s_axil_wstrb[0]
 s_axil_wstrb[1]
 s_axil_wstrb[2]
 s_axil_wstrb[3]
 s_axil_wvalid
 s_axis_tdata[0]
 s_axis_tdata[10]
 s_axis_tdata[11]
 s_axis_tdata[12]
 s_axis_tdata[13]
 s_axis_tdata[14]
 s_axis_tdata[15]
 s_axis_tdata[16]
 s_axis_tdata[17]
 s_axis_tdata[18]
 s_axis_tdata[19]
 s_axis_tdata[1]
 s_axis_tdata[20]
 s_axis_tdata[21]
 s_axis_tdata[22]
 s_axis_tdata[23]
 s_axis_tdata[24]
 s_axis_tdata[25]
 s_axis_tdata[26]
 s_axis_tdata[27]
 s_axis_tdata[28]
 s_axis_tdata[29]
 s_axis_tdata[2]
 s_axis_tdata[30]
 s_axis_tdata[31]
 s_axis_tdata[3]
 s_axis_tdata[4]
 s_axis_tdata[5]
 s_axis_tdata[6]
 s_axis_tdata[7]
 s_axis_tdata[8]
 s_axis_tdata[9]
 s_axis_tlast
 s_axis_tuser
 s_axis_tvalid
 _06499_/Y
 _06500_/Y
 _06501_/Y
 _06502_/Y
 _06503_/Y
 _06504_/Y
 _06505_/Y
 _06506_/Y
 _06507_/Y
 _06508_/Y
 _06509_/Y
 _06510_/Y
 _06511_/Y
 _06512_/Y
 _06513_/Y
 _06514_/Y
 _06515_/Y
 _06516_/Y
 _06517_/X
 _06518_/X
 _06519_/X
 _06520_/X
 _06521_/X
 _06522_/X
 _06523_/Y
 _06524_/Y
 _06525_/Y
 _06526_/Y
 _06527_/X
 _06528_/Y
 _06529_/X
 _06530_/X
 _06531_/Y
 _06532_/X
 _06533_/Y
 _06534_/X
 _06535_/X
 _06536_/X
 _06537_/X
 _06538_/X
 _06539_/X
 _06540_/X
 _06541_/X
 _06542_/Y
 _06543_/Y
 _06544_/Y
 _06545_/Y
 _06546_/X
 _06547_/Y
 _06548_/X
 _06549_/X
 _06550_/Y
 _06551_/X
 _06552_/Y
 _06553_/Y
 _06554_/X
 _06555_/X
 _06556_/Y
 _06557_/X
 _06558_/X
 _06559_/X
 _06560_/Y
 _06561_/Y
 _06562_/Y
 _06563_/X
 _06564_/X
 _06565_/Y
 _06566_/Y
 _06567_/X
 _06568_/Y
 _06569_/X
 _06570_/Y
 _06571_/X
 _06572_/X
 _06573_/X
 _06574_/Y
 _06575_/Y
 _06576_/X
 _06577_/X
 _06578_/X
 _06579_/X
 _06580_/Y
 _06581_/X
 _06582_/X
 _06583_/X
 _06584_/X
 _06585_/X
 _06586_/X
 _06587_/Y
 _06588_/X
 _06589_/X
 _06590_/X
 _06591_/X
 _06592_/X
 _06593_/X
 _06594_/X
 _06595_/X
 _06596_/X
 _06597_/Y
 _06598_/Y
 _06599_/X
 _06600_/Y
 _06601_/Y
 _06602_/X
 _06603_/X
 _06604_/Y
 _06605_/X
 _06606_/Y
 _06607_/X
 _06608_/X
 _06609_/X
 _06610_/X
 _06611_/Y
 _06612_/Y
 _06613_/X
 _06614_/X
 _06615_/X
 _06616_/X
 _06617_/X
 _06618_/X
 _06619_/X
 _06620_/X
 _06621_/X
 _06622_/X
 _06623_/X
 _06624_/X
 _06625_/X
 _06626_/X
 _06627_/X
 _06628_/X
 _06629_/X
 _06630_/X
 _06631_/X
 _06632_/X
 _06633_/X
 _06634_/X
 _06635_/X
 _06636_/X
 _06637_/X
 _06638_/X
 _06639_/X
 _06640_/X
 _06641_/X
 _06642_/X
 _06643_/X
 _06644_/X
 _06645_/X
 _06646_/X
 _06647_/X
 _06648_/X
 _06649_/X
 _06650_/X
 _06651_/X
 _06652_/X
 _06653_/X
 _06654_/X
 _06655_/X
 _06656_/X
 _06657_/X
 _06658_/X
 _06659_/X
 _06660_/X
 _06661_/X
 _06662_/X
 _06663_/X
 _06664_/X
 _06665_/X
 _06666_/X
 _06667_/X
 _06668_/X
 _06669_/X
 _06670_/X
 _06671_/X
 _06672_/X
 _06673_/X
 _06674_/X
 _06675_/X
 _06676_/X
 _06677_/X
 _06678_/X
 _06679_/X
 _06680_/X
 _06681_/X
 _06682_/X
 _06683_/X
 _06684_/X
 _06685_/X
 _06686_/X
 _06687_/X
 _06688_/X
 _06689_/X
 _06690_/X
 _06691_/X
 _06692_/X
 _06693_/X
 _06694_/X
 _06695_/X
 _06696_/X
 _06697_/X
 _06698_/X
 _06699_/X
 _06700_/X
 _06701_/X
 _06702_/X
 _06703_/X
 _06704_/X
 _06705_/X
 _06706_/X
 _06707_/X
 _06708_/X
 _06709_/X
 _06710_/X
 _06711_/X
 _06712_/X
 _06713_/X
 _06714_/X
 _06715_/X
 _06716_/X
 _06717_/X
 _06718_/X
 _06719_/X
 _06720_/X
 _06721_/X
 _06722_/X
 _06723_/X
 _06724_/X
 _06725_/X
 _06726_/X
 _06727_/X
 _06728_/X
 _06729_/X
 _06730_/X
 _06731_/X
 _06732_/X
 _06733_/X
 _06734_/X
 _06735_/X
 _06736_/X
 _06737_/X
 _06738_/X
 _06739_/X
 _06740_/X
 _06741_/X
 _06742_/X
 _06743_/X
 _06744_/X
 _06745_/X
 _06746_/X
 _06747_/X
 _06748_/X
 _06749_/X
 _06750_/X
 _06751_/X
 _06752_/X
 _06753_/X
 _06754_/X
 _06755_/X
 _06756_/X
 _06757_/X
 _06758_/X
 _06759_/X
 _06760_/X
 _06761_/X
 _06762_/X
 _06763_/X
 _06764_/X
 _06765_/X
 _06766_/X
 _06767_/X
 _06768_/X
 _06769_/X
 _06770_/X
 _06771_/X
 _06772_/X
 _06773_/X
 _06774_/X
 _06775_/X
 _06776_/X
 _06777_/X
 _06778_/X
 _06779_/X
 _06780_/X
 _06781_/X
 _06782_/X
 _06783_/X
 _06784_/X
 _06785_/X
 _06786_/X
 _06787_/X
 _06788_/X
 _06789_/X
 _06790_/X
 _06791_/X
 _06792_/X
 _06793_/X
 _06794_/X
 _06795_/X
 _06796_/X
 _06797_/X
 _06798_/X
 _06799_/X
 _06800_/X
 _06801_/X
 _06802_/X
 _06803_/X
 _06804_/X
 _06805_/X
 _06806_/X
 _06807_/X
 _06808_/X
 _06809_/X
 _06810_/X
 _06811_/X
 _06812_/X
 _06813_/X
 _06814_/X
 _06815_/X
 _06816_/X
 _06817_/X
 _06818_/X
 _06819_/X
 _06820_/X
 _06821_/X
 _06822_/X
 _06823_/X
 _06824_/X
 _06825_/X
 _06826_/X
 _06827_/X
 _06828_/X
 _06829_/X
 _06830_/X
 _06831_/X
 _06832_/X
 _06833_/X
 _06834_/X
 _06835_/X
 _06836_/X
 _06837_/X
 _06838_/X
 _06839_/X
 _06840_/X
 _06841_/X
 _06842_/X
 _06843_/X
 _06844_/X
 _06845_/X
 _06846_/X
 _06847_/X
 _06848_/X
 _06849_/X
 _06850_/X
 _06851_/X
 _06852_/X
 _06853_/X
 _06854_/X
 _06855_/X
 _06856_/X
 _06857_/X
 _06858_/X
 _06859_/X
 _06860_/X
 _06861_/X
 _06862_/X
 _06863_/X
 _06864_/X
 _06865_/X
 _06866_/X
 _06867_/X
 _06868_/X
 _06869_/X
 _06870_/X
 _06871_/X
 _06872_/X
 _06873_/X
 _06874_/X
 _06875_/X
 _06876_/X
 _06877_/X
 _06878_/X
 _06879_/X
 _06880_/X
 _06881_/X
 _06882_/X
 _06883_/X
 _06884_/X
 _06885_/X
 _06886_/X
 _06887_/X
 _06888_/X
 _06889_/Y
 _06890_/X
 _06891_/Y
 _06892_/Y
 _06893_/X
 _06894_/Y
 _06895_/Y
 _06896_/X
 _06897_/Y
 _06898_/Y
 _06899_/Y
 _06900_/X
 _06901_/Y
 _06902_/X
 _06903_/Y
 _06904_/Y
 _06905_/Y
 _06906_/Y
 _06907_/Y
 _06908_/X
 _06909_/X
 _06910_/Y
 _06911_/Y
 _06912_/Y
 _06913_/Y
 _06914_/Y
 _06915_/Y
 _06916_/Y
 _06917_/Y
 _06918_/X
 _06919_/Y
 _06920_/Y
 _06921_/X
 _06922_/Y
 _06923_/X
 _06924_/Y
 _06925_/Y
 _06926_/X
 _06927_/Y
 _06928_/X
 _06929_/X
 _06930_/X
 _06931_/Y
 _06932_/Y
 _06933_/Y
 _06934_/Y
 _06935_/X
 _06936_/Y
 _06937_/X
 _06938_/Y
 _06939_/Y
 _06940_/Y
 _06941_/X
 _06942_/Y
 _06943_/Y
 _06944_/X
 _06945_/Y
 _06946_/X
 _06947_/Y
 _06948_/Y
 _06949_/Y
 _06950_/X
 _06951_/Y
 _06952_/Y
 _06953_/Y
 _06954_/X
 _06955_/X
 _06956_/Y
 _06957_/X
 _06958_/Y
 _06959_/Y
 _06960_/X
 _06961_/Y
 _06962_/X
 _06963_/X
 _06964_/Y
 _06965_/X
 _06966_/Y
 _06967_/X
 _06968_/X
 _06969_/Y
 _06970_/X
 _06971_/Y
 _06972_/X
 _06973_/Y
 _06974_/Y
 _06975_/X
 _06976_/Y
 _06977_/Y
 _06978_/X
 _06979_/X
 _06980_/Y
 _06981_/X
 _06982_/X
 _06983_/Y
 _06984_/X
 _06985_/Y
 _06986_/Y
 _06987_/X
 _06988_/X
 _06989_/Y
 _06990_/X
 _06991_/X
 _06992_/Y
 _06993_/X
 _06994_/Y
 _06995_/X
 _06996_/X
 _06997_/X
 _06998_/X
 _06999_/Y
 _07000_/X
 _07001_/Y
 _07002_/X
 _07003_/Y
 _07004_/X
 _07005_/X
 _07006_/X
 _07007_/Y
 _07008_/X
 _07009_/Y
 _07010_/X
 _07011_/Y
 _07012_/Y
 _07013_/Y
 _07014_/X
 _07015_/Y
 _07016_/X
 _07017_/X
 _07018_/X
 _07019_/X
 _07020_/X
 _07021_/X
 _07022_/X
 _07023_/X
 _07024_/X
 _07025_/X
 _07026_/X
 _07027_/X
 _07028_/X
 _07029_/X
 _07030_/X
 _07031_/X
 _07032_/X
 _07033_/X
 _07034_/X
 _07035_/X
 _07036_/X
 _07037_/X
 _07038_/X
 _07039_/X
 _07040_/X
 _07041_/X
 _07042_/X
 _07043_/X
 _07044_/X
 _07045_/X
 _07046_/X
 _07047_/X
 _07048_/X
 _07049_/X
 _07050_/X
 _07051_/X
 _07052_/X
 _07053_/X
 _07054_/X
 _07055_/X
 _07056_/X
 _07057_/X
 _07058_/X
 _07059_/X
 _07060_/X
 _07061_/X
 _07062_/X
 _07063_/X
 _07064_/X
 _07065_/X
 _07066_/X
 _07067_/X
 _07068_/X
 _07069_/X
 _07070_/X
 _07071_/X
 _07072_/X
 _07073_/X
 _07074_/X
 _07075_/X
 _07076_/X
 _07077_/X
 _07078_/X
 _07079_/X
 _07080_/X
 _07081_/X
 _07082_/X
 _07083_/X
 _07084_/X
 _07085_/X
 _07086_/X
 _07087_/X
 _07088_/X
 _07089_/X
 _07090_/X
 _07091_/X
 _07092_/X
 _07093_/X
 _07094_/X
 _07095_/X
 _07096_/X
 _07097_/X
 _07098_/X
 _07099_/X
 _07100_/X
 _07101_/X
 _07102_/X
 _07103_/X
 _07104_/X
 _07105_/X
 _07106_/X
 _07107_/X
 _07108_/X
 _07109_/X
 _07110_/X
 _07111_/X
 _07112_/X
 _07113_/X
 _07114_/X
 _07115_/X
 _07116_/X
 _07117_/X
 _07118_/X
 _07119_/X
 _07120_/X
 _07121_/X
 _07122_/X
 _07123_/X
 _07124_/X
 _07125_/X
 _07126_/X
 _07127_/X
 _07128_/X
 _07129_/X
 _07130_/X
 _07131_/X
 _07132_/X
 _07133_/X
 _07134_/X
 _07135_/X
 _07136_/X
 _07137_/X
 _07138_/X
 _07139_/X
 _07140_/X
 _07141_/X
 _07142_/X
 _07143_/X
 _07144_/X
 _07145_/X
 _07146_/X
 _07147_/X
 _07148_/X
 _07149_/X
 _07150_/X
 _07151_/X
 _07152_/X
 _07153_/X
 _07154_/X
 _07155_/X
 _07156_/X
 _07157_/X
 _07158_/X
 _07159_/X
 _07160_/X
 _07161_/X
 _07162_/X
 _07163_/X
 _07164_/X
 _07165_/X
 _07166_/X
 _07167_/X
 _07168_/X
 _07169_/X
 _07170_/X
 _07171_/X
 _07172_/X
 _07173_/X
 _07174_/X
 _07175_/X
 _07176_/X
 _07177_/X
 _07178_/X
 _07179_/X
 _07180_/X
 _07181_/X
 _07182_/X
 _07183_/X
 _07184_/X
 _07185_/X
 _07186_/X
 _07187_/X
 _07188_/X
 _07189_/X
 _07190_/X
 _07191_/X
 _07192_/X
 _07193_/X
 _07194_/X
 _07195_/X
 _07196_/X
 _07197_/X
 _07198_/X
 _07199_/X
 _07200_/X
 _07201_/X
 _07202_/X
 _07203_/X
 _07204_/X
 _07205_/X
 _07206_/X
 _07207_/X
 _07208_/X
 _07209_/X
 _07210_/X
 _07211_/X
 _07212_/X
 _07213_/X
 _07214_/X
 _07215_/X
 _07216_/X
 _07217_/X
 _07218_/X
 _07219_/X
 _07220_/X
 _07221_/X
 _07222_/X
 _07223_/X
 _07224_/Y
 _07225_/Y
 _07226_/X
 _07227_/Y
 _07228_/X
 _07229_/Y
 _07230_/Y
 _07231_/X
 _07232_/Y
 _07233_/Y
 _07234_/Y
 _07235_/X
 _07236_/X
 _07237_/X
 _07238_/X
 _07239_/X
 _07240_/X
 _07241_/X
 _07242_/X
 _07243_/X
 _07244_/X
 _07245_/X
 _07246_/X
 _07247_/X
 _07248_/X
 _07249_/X
 _07250_/X
 _07251_/X
 _07252_/X
 _07253_/X
 _07254_/X
 _07255_/X
 _07256_/X
 _07257_/X
 _07258_/X
 _07259_/X
 _07260_/X
 _07261_/X
 _07262_/X
 _07263_/X
 _07264_/X
 _07265_/X
 _07266_/X
 _07267_/X
 _07268_/X
 _07269_/X
 _07270_/X
 _07271_/X
 _07272_/X
 _07273_/X
 _07274_/X
 _07275_/X
 _07276_/X
 _07277_/X
 _07278_/X
 _07279_/X
 _07280_/X
 _07281_/X
 _07282_/X
 _07283_/X
 _07284_/X
 _07285_/X
 _07286_/X
 _07287_/X
 _07288_/X
 _07289_/X
 _07290_/X
 _07291_/X
 _07292_/X
 _07293_/X
 _07294_/X
 _07295_/X
 _07296_/X
 _07297_/X
 _07298_/X
 _07299_/X
 _07300_/X
 _07301_/X
 _07302_/X
 _07303_/X
 _07304_/X
 _07305_/X
 _07306_/X
 _07307_/X
 _07308_/X
 _07309_/X
 _07310_/X
 _07311_/X
 _07312_/X
 _07313_/X
 _07314_/X
 _07315_/X
 _07316_/X
 _07317_/X
 _07318_/X
 _07319_/X
 _07320_/X
 _07321_/X
 _07322_/X
 _07323_/X
 _07324_/X
 _07325_/X
 _07326_/X
 _07327_/X
 _07328_/X
 _07329_/X
 _07330_/X
 _07331_/X
 _07332_/X
 _07333_/X
 _07334_/X
 _07335_/X
 _07336_/X
 _07337_/X
 _07338_/X
 _07339_/X
 _07340_/X
 _07341_/X
 _07342_/X
 _07343_/X
 _07344_/X
 _07345_/X
 _07346_/X
 _07347_/X
 _07348_/X
 _07349_/X
 _07350_/X
 _07351_/X
 _07352_/X
 _07353_/X
 _07354_/X
 _07355_/X
 _07356_/X
 _07357_/X
 _07358_/X
 _07359_/X
 _07360_/X
 _07361_/X
 _07362_/X
 _07363_/X
 _07364_/X
 _07365_/X
 _07366_/X
 _07367_/X
 _07368_/X
 _07369_/X
 _07370_/X
 _07371_/X
 _07372_/X
 _07373_/X
 _07374_/X
 _07375_/X
 _07376_/X
 _07377_/X
 _07378_/X
 _07379_/X
 _07380_/X
 _07381_/X
 _07382_/X
 _07383_/X
 _07384_/X
 _07385_/X
 _07386_/X
 _07387_/X
 _07388_/X
 _07389_/X
 _07390_/X
 _07391_/X
 _07392_/X
 _07393_/X
 _07394_/X
 _07395_/X
 _07396_/X
 _07397_/X
 _07398_/X
 _07399_/Y
 _07400_/Y
 _07401_/X
 _07402_/Y
 _07403_/Y
 _07404_/X
 _07405_/X
 _07406_/X
 _07407_/X
 _07408_/X
 _07409_/X
 _07410_/X
 _07411_/X
 _07412_/X
 _07413_/X
 _07414_/X
 _07415_/X
 _07416_/X
 _07417_/Y
 _07418_/X
 _07419_/Y
 _07420_/Y
 _07421_/X
 _07422_/X
 _07423_/Y
 _07424_/X
 _07425_/X
 _07426_/X
 _07427_/X
 _07428_/X
 _07429_/X
 _07430_/X
 _07431_/X
 _07432_/X
 _07433_/X
 _07434_/X
 _07435_/X
 _07436_/X
 _07437_/X
 _07438_/X
 _07439_/X
 _07440_/X
 _07441_/Y
 _07442_/Y
 _07443_/X
 _07444_/X
 _07445_/X
 _07446_/Y
 _07447_/X
 _07448_/Y
 _07449_/Y
 _07450_/X
 _07451_/X
 _07452_/Y
 _07453_/X
 _07454_/X
 _07455_/X
 _07456_/X
 _07457_/X
 _07458_/X
 _07459_/X
 _07460_/Y
 _07461_/X
 _07462_/X
 _07463_/X
 _07464_/X
 _07465_/X
 _07466_/X
 _07467_/X
 _07468_/X
 _07469_/X
 _07470_/X
 _07471_/Y
 _07472_/X
 _07473_/X
 _07474_/X
 _07475_/X
 _07476_/X
 _07477_/X
 _07478_/X
 _07479_/X
 _07480_/X
 _07481_/X
 _07482_/X
 _07483_/X
 _07484_/X
 _07485_/X
 _07486_/X
 _07487_/X
 _07488_/X
 _07489_/X
 _07490_/X
 _07491_/X
 _07492_/X
 _07493_/X
 _07494_/X
 _07495_/X
 _07496_/X
 _07497_/X
 _07498_/Y
 _07499_/X
 _07500_/X
 _07501_/Y
 _07502_/Y
 _07503_/X
 _07504_/X
 _07505_/X
 _07506_/X
 _07507_/X
 _07508_/Y
 _07509_/X
 _07510_/X
 _07511_/X
 _07512_/X
 _07513_/X
 _07514_/X
 _07515_/X
 _07516_/X
 _07517_/X
 _07518_/X
 _07519_/X
 _07520_/X
 _07521_/X
 _07522_/X
 _07523_/X
 _07524_/X
 _07525_/X
 _07526_/X
 _07527_/X
 _07528_/X
 _07529_/X
 _07530_/Y
 _07531_/X
 _07532_/X
 _07533_/X
 _07534_/X
 _07535_/X
 _07536_/X
 _07537_/X
 _07538_/X
 _07539_/X
 _07540_/X
 _07541_/X
 _07542_/X
 _07543_/X
 _07544_/X
 _07545_/X
 _07546_/Y
 _07547_/X
 _07548_/X
 _07549_/X
 _07550_/X
 _07551_/X
 _07552_/X
 _07553_/X
 _07554_/X
 _07555_/X
 _07556_/Y
 _07557_/X
 _07558_/X
 _07559_/X
 _07560_/Y
 _07561_/X
 _07562_/X
 _07563_/X
 _07564_/X
 _07565_/Y
 _07566_/X
 _07567_/X
 _07568_/X
 _07569_/X
 _07570_/X
 _07571_/X
 _07572_/X
 _07573_/X
 _07574_/Y
 _07575_/X
 _07576_/X
 _07577_/X
 _07578_/X
 _07579_/X
 _07580_/X
 _07581_/X
 _07582_/X
 _07583_/X
 _07584_/X
 _07585_/X
 _07586_/X
 _07587_/X
 _07588_/X
 _07589_/Y
 _07590_/X
 _07591_/X
 _07592_/X
 _07593_/X
 _07594_/X
 _07595_/X
 _07596_/X
 _07597_/Y
 _07598_/X
 _07599_/Y
 _07600_/X
 _07601_/Y
 _07602_/X
 _07603_/Y
 _07604_/X
 _07605_/Y
 _07606_/X
 _07607_/Y
 _07608_/X
 _07609_/X
 _07610_/X
 _07611_/Y
 _07612_/Y
 _07613_/Y
 _07614_/X
 _07615_/X
 _07616_/Y
 _07617_/Y
 _07618_/X
 _07619_/X
 _07620_/X
 _07621_/Y
 _07622_/X
 _07623_/X
 _07624_/X
 _07625_/Y
 _07626_/X
 _07627_/Y
 _07628_/X
 _07629_/X
 _07630_/X
 _07631_/Y
 _07632_/X
 _07633_/Y
 _07634_/X
 _07635_/X
 _07636_/X
 _07637_/X
 _07638_/X
 _07639_/X
 _07640_/X
 _07641_/X
 _07642_/X
 _07643_/X
 _07644_/X
 _07645_/X
 _07646_/X
 _07647_/X
 _07648_/X
 _07649_/X
 _07650_/X
 _07651_/X
 _07652_/X
 _07653_/X
 _07654_/X
 _07655_/X
 _07656_/X
 _07657_/X
 _07658_/X
 _07659_/X
 _07660_/X
 _07661_/X
 _07662_/X
 _07663_/X
 _07664_/X
 _07665_/X
 _07666_/X
 _07667_/X
 _07668_/Y
 _07669_/X
 _07670_/X
 _07671_/X
 _07672_/X
 _07673_/X
 _07674_/X
 _07675_/X
 _07676_/X
 _07677_/X
 _07678_/X
 _07679_/X
 _07680_/X
 _07681_/X
 _07682_/X
 _07683_/X
 _07684_/X
 _07685_/X
 _07686_/X
 _07687_/X
 _07688_/X
 _07689_/X
 _07690_/X
 _07691_/X
 _07692_/X
 _07693_/X
 _07694_/X
 _07695_/X
 _07696_/X
 _07697_/X
 _07698_/X
 _07699_/X
 _07700_/X
 _07701_/X
 _07702_/X
 _07703_/X
 _07704_/Y
 _07705_/X
 _07706_/X
 _07707_/X
 _07708_/X
 _07709_/X
 _07710_/X
 _07711_/X
 _07712_/X
 _07713_/X
 _07714_/X
 _07715_/X
 _07716_/X
 _07717_/X
 _07718_/X
 _07719_/X
 _07720_/X
 _07721_/X
 _07722_/X
 _07723_/X
 _07724_/X
 _07725_/X
 _07726_/X
 _07727_/X
 _07728_/X
 _07729_/X
 _07730_/Y
 _07731_/X
 _07732_/X
 _07733_/X
 _07734_/X
 _07735_/X
 _07736_/X
 _07737_/X
 _07738_/X
 _07739_/X
 _07740_/X
 _07741_/X
 _07742_/X
 _07743_/X
 _07744_/X
 _07745_/X
 _07746_/X
 _07747_/X
 _07748_/Y
 _07749_/Y
 _07750_/Y
 _07751_/X
 _07752_/Y
 _07753_/Y
 _07754_/X
 _07755_/Y
 _07756_/Y
 _07757_/X
 _07758_/Y
 _07759_/Y
 _07760_/X
 _07761_/Y
 _07762_/X
 _07763_/X
 _07764_/X
 _07765_/X
 _07766_/X
 _07767_/Y
 _07768_/Y
 _07769_/X
 _07770_/X
 _07771_/X
 _07772_/X
 _07773_/X
 _07774_/X
 _07775_/X
 _07776_/X
 _07777_/X
 _07778_/X
 _07779_/X
 _07780_/X
 _07781_/X
 _07782_/X
 _07783_/X
 _07784_/X
 _07785_/X
 _07786_/X
 _07787_/X
 _07788_/X
 _07789_/X
 _07790_/X
 _07791_/X
 _07792_/X
 _07793_/X
 _07794_/X
 _07795_/X
 _07796_/X
 _07797_/X
 _07798_/X
 _07799_/X
 _07800_/X
 _07801_/X
 _07802_/X
 _07803_/X
 _07804_/X
 _07805_/X
 _07806_/X
 _07807_/X
 _07808_/X
 _07809_/X
 _07810_/X
 _07811_/X
 _07812_/X
 _07813_/X
 _07814_/X
 _07815_/X
 _07816_/X
 _07817_/X
 _07818_/X
 _07819_/X
 _07820_/X
 _07821_/X
 _07822_/X
 _07823_/X
 _07824_/X
 _07825_/X
 _07826_/X
 _07827_/X
 _07828_/X
 _07829_/X
 _07830_/X
 _07831_/X
 _07832_/X
 _07833_/X
 _07834_/X
 _07835_/X
 _07836_/X
 _07837_/X
 _07838_/X
 _07839_/X
 _07840_/X
 _07841_/X
 _07842_/X
 _07843_/X
 _07844_/X
 _07845_/X
 _07846_/X
 _07847_/X
 _07848_/X
 _07849_/X
 _07850_/X
 _07851_/X
 _07852_/X
 _07853_/X
 _07854_/X
 _07855_/X
 _07856_/X
 _07857_/X
 _07858_/X
 _07859_/X
 _07860_/X
 _07861_/X
 _07862_/X
 _07863_/X
 _07864_/X
 _07865_/X
 _07866_/X
 _07867_/X
 _07868_/X
 _07869_/X
 _07870_/X
 _07871_/X
 _07872_/X
 _07873_/X
 _07874_/X
 _07875_/X
 _07876_/X
 _07877_/X
 _07878_/X
 _07879_/X
 _07880_/X
 _07881_/X
 _07882_/X
 _07883_/X
 _07884_/X
 _07885_/X
 _07886_/X
 _07887_/X
 _07888_/X
 _07889_/X
 _07890_/X
 _07891_/X
 _07892_/X
 _07893_/X
 _07894_/X
 _07895_/X
 _07896_/X
 _07897_/X
 _07898_/X
 _07899_/X
 _07900_/X
 _07901_/X
 _07902_/X
 _07903_/Y
 _07904_/X
 _07905_/X
 _07906_/X
 _07907_/X
 _07908_/X
 _07909_/X
 _07910_/X
 _07911_/X
 _07912_/X
 _07913_/X
 _07914_/X
 _07915_/X
 _07916_/X
 _07917_/X
 _07918_/Y
 _07919_/X
 _07920_/X
 _07921_/Y
 _07922_/Y
 _07923_/X
 _07924_/X
 _07925_/X
 _07926_/X
 _07927_/X
 _07928_/X
 _07929_/X
 _07930_/X
 _07931_/Y
 _07932_/X
 _07933_/X
 _07934_/Y
 _07935_/X
 _07936_/X
 _07937_/Y
 _07938_/X
 _07939_/X
 _07940_/Y
 _07941_/X
 _07942_/X
 _07943_/Y
 _07944_/Y
 _07945_/X
 _07946_/X
 _07947_/X
 _07948_/Y
 _07949_/X
 _07950_/Y
 _07951_/X
 _07952_/X
 _07953_/X
 _07954_/Y
 _07955_/X
 _07956_/X
 _07957_/X
 _07958_/X
 _07959_/X
 _07960_/X
 _07961_/X
 _07962_/X
 _07963_/X
 _07964_/X
 _07965_/X
 _07966_/X
 _07967_/X
 _07968_/X
 _07969_/X
 _07970_/X
 _07971_/X
 _07972_/X
 _07973_/X
 _07974_/X
 _07975_/X
 _07976_/X
 _07977_/X
 _07978_/X
 _07979_/X
 _07980_/X
 _07981_/X
 _07982_/X
 _07983_/X
 _07984_/X
 _07985_/X
 _07986_/X
 _07987_/X
 _07988_/X
 _07989_/X
 _07990_/X
 _07991_/X
 _07992_/X
 _07993_/X
 _07994_/X
 _07995_/X
 _07996_/X
 _07997_/X
 _07998_/X
 _07999_/X
 _08000_/X
 _08001_/X
 _08002_/X
 _08003_/X
 _08004_/X
 _08005_/X
 _08006_/X
 _08007_/X
 _08008_/X
 _08009_/X
 _08010_/X
 _08011_/X
 _08012_/X
 _08013_/X
 _08014_/X
 _08015_/X
 _08016_/X
 _08017_/X
 _08018_/X
 _08019_/X
 _08020_/X
 _08021_/X
 _08022_/X
 _08023_/X
 _08024_/Y
 _08025_/X
 _08026_/X
 _08027_/X
 _08028_/X
 _08029_/X
 _08030_/X
 _08031_/X
 _08032_/X
 _08033_/X
 _08034_/X
 _08035_/X
 _08036_/X
 _08037_/Y
 _08038_/X
 _08039_/X
 _08040_/Y
 _08041_/X
 _08042_/X
 _08043_/X
 _08044_/X
 _08045_/X
 _08046_/X
 _08047_/X
 _08048_/X
 _08049_/X
 _08050_/X
 _08051_/Y
 _08052_/X
 _08053_/X
 _08054_/Y
 _08055_/Y
 _08056_/Y
 _08057_/X
 _08058_/X
 _08059_/X
 _08060_/Y
 _08061_/Y
 _08062_/X
 _08063_/Y
 _08064_/Y
 _08065_/Y
 _08066_/Y
 _08067_/X
 _08068_/Y
 _08069_/Y
 _08070_/X
 _08071_/Y
 _08072_/Y
 _08073_/X
 _08074_/X
 _08075_/X
 _08076_/Y
 _08077_/Y
 _08078_/Y
 _08079_/Y
 _08080_/X
 _08081_/Y
 _08082_/Y
 _08083_/Y
 _08084_/Y
 _08085_/Y
 _08086_/X
 _08087_/X
 _08088_/Y
 _08089_/Y
 _08090_/Y
 _08091_/Y
 _08092_/X
 _08093_/X
 _08094_/X
 _08095_/Y
 _08096_/Y
 _08097_/Y
 _08098_/Y
 _08099_/X
 _08100_/Y
 _08101_/Y
 _08102_/Y
 _08103_/Y
 _08104_/Y
 _08105_/X
 _08106_/X
 _08107_/Y
 _08108_/Y
 _08109_/X
 _08110_/Y
 _08111_/X
 _08112_/X
 _08113_/Y
 _08114_/Y
 _08115_/Y
 _08116_/Y
 _08117_/X
 _08118_/X
 _08119_/Y
 _08120_/Y
 _08121_/Y
 _08122_/X
 _08123_/X
 _08124_/Y
 _08125_/Y
 _08126_/Y
 _08127_/X
 _08128_/X
 _08129_/X
 _08130_/Y
 _08131_/Y
 _08132_/Y
 _08133_/Y
 _08134_/Y
 _08135_/Y
 _08136_/Y
 _08137_/X
 _08138_/Y
 _08139_/Y
 _08140_/Y
 _08141_/X
 _08142_/Y
 _08143_/Y
 _08144_/Y
 _08145_/X
 _08146_/Y
 _08147_/Y
 _08148_/X
 _08149_/Y
 _08150_/Y
 _08151_/Y
 _08152_/Y
 _08153_/Y
 _08154_/Y
 _08155_/Y
 _08156_/X
 _08157_/Y
 _08158_/Y
 _08159_/Y
 _08160_/X
 _08161_/Y
 _08162_/Y
 _08163_/Y
 _08164_/X
 _08165_/Y
 _08166_/Y
 _08167_/X
 _08168_/Y
 _08169_/Y
 _08170_/Y
 _08171_/Y
 _08172_/Y
 _08173_/Y
 _08174_/Y
 _08175_/Y
 _08176_/Y
 _08177_/Y
 _08178_/Y
 _08179_/Y
 _08180_/X
 _08181_/Y
 _08182_/Y
 _08183_/X
 _08184_/Y
 _08185_/Y
 _08186_/X
 _08187_/Y
 _08188_/Y
 _08189_/Y
 _08190_/Y
 _08191_/Y
 _08192_/Y
 _08193_/Y
 _08194_/X
 _08195_/Y
 _08196_/Y
 _08197_/Y
 _08198_/X
 _08199_/Y
 _08200_/Y
 _08201_/Y
 _08202_/X
 _08203_/Y
 _08204_/Y
 _08205_/X
 _08206_/Y
 _08207_/Y
 _08208_/Y
 _08209_/Y
 _08210_/Y
 _08211_/Y
 _08212_/Y
 _08213_/X
 _08214_/Y
 _08215_/X
 _08216_/X
 _08217_/X
 _08218_/Y
 _08219_/Y
 _08220_/X
 _08221_/Y
 _08222_/X
 _08223_/Y
 _08224_/Y
 _08225_/X
 _08226_/Y
 _08227_/Y
 _08228_/Y
 _08229_/X
 _08230_/Y
 _08231_/Y
 _08232_/X
 _08233_/X
 _08234_/Y
 _08235_/Y
 _08236_/Y
 _08237_/Y
 _08238_/X
 _08239_/Y
 _08240_/Y
 _08241_/X
 _08242_/X
 _08243_/Y
 _08244_/X
 _08245_/Y
 _08246_/X
 _08247_/X
 _08248_/Y
 _08249_/X
 _08250_/Y
 _08251_/X
 _08252_/Y
 _08253_/Y
 _08254_/X
 _08255_/Y
 _08256_/Y
 _08257_/X
 _08258_/Y
 _08259_/X
 _08260_/Y
 _08261_/X
 _08262_/Y
 _08263_/Y
 _08264_/X
 _08265_/Y
 _08266_/Y
 _08267_/X
 _08268_/Y
 _08269_/X
 _08270_/Y
 _08271_/X
 _08272_/Y
 _08273_/X
 _08274_/Y
 _08275_/X
 _08276_/Y
 _08277_/X
 _08278_/Y
 _08279_/X
 _08280_/Y
 _08281_/X
 _08282_/Y
 _08283_/X
 _08284_/Y
 _08285_/X
 _08286_/Y
 _08287_/X
 _08288_/Y
 _08289_/X
 _08290_/Y
 _08291_/X
 _08292_/Y
 _08293_/X
 _08294_/Y
 _08295_/X
 _08296_/Y
 _08297_/X
 _08298_/Y
 _08299_/X
 _08300_/Y
 _08301_/X
 _08302_/Y
 _08303_/X
 _08304_/Y
 _08305_/X
 _08306_/Y
 _08307_/X
 _08308_/Y
 _08309_/X
 _08310_/Y
 _08311_/X
 _08312_/Y
 _08313_/X
 _08314_/Y
 _08315_/X
 _08316_/Y
 _08317_/X
 _08318_/Y
 _08319_/X
 _08320_/Y
 _08321_/X
 _08322_/Y
 _08323_/X
 _08324_/Y
 _08325_/X
 _08326_/Y
 _08327_/X
 _08328_/Y
 _08329_/X
 _08330_/Y
 _08331_/X
 _08332_/Y
 _08333_/X
 _08334_/Y
 _08335_/X
 _08336_/Y
 _08337_/X
 _08338_/Y
 _08339_/X
 _08340_/Y
 _08341_/X
 _08342_/Y
 _08343_/X
 _08344_/Y
 _08345_/X
 _08346_/Y
 _08347_/X
 _08348_/Y
 _08349_/X
 _08350_/Y
 _08351_/X
 _08352_/Y
 _08353_/X
 _08354_/Y
 _08355_/X
 _08356_/Y
 _08357_/X
 _08358_/Y
 _08359_/X
 _08360_/Y
 _08361_/X
 _08362_/Y
 _08363_/X
 _08364_/X
 _08365_/Y
 _08366_/X
 _08367_/Y
 _08368_/Y
 _08369_/X
 _08370_/Y
 _08371_/Y
 _08372_/Y
 _08373_/X
 _08374_/Y
 _08375_/Y
 _08376_/X
 _08377_/Y
 _08378_/X
 _08379_/X
 _08380_/Y
 _08381_/X
 _08382_/Y
 _08383_/Y
 _08384_/X
 _08385_/Y
 _08386_/X
 _08387_/X
 _08388_/Y
 _08389_/X
 _08390_/Y
 _08391_/Y
 _08392_/Y
 _08393_/Y
 _08394_/X
 _08395_/Y
 _08396_/Y
 _08397_/Y
 _08398_/Y
 _08399_/X
 _08400_/Y
 _08401_/Y
 _08402_/X
 _08403_/Y
 _08404_/Y
 _08405_/Y
 _08406_/X
 _08407_/Y
 _08408_/Y
 _08409_/X
 _08410_/Y
 _08411_/Y
 _08412_/X
 _08413_/Y
 _08414_/Y
 _08415_/X
 _08416_/Y
 _08417_/X
 _08418_/Y
 _08419_/X
 _08420_/X
 _08421_/X
 _08422_/Y
 _08423_/X
 _08424_/X
 _08425_/X
 _08426_/X
 _08427_/X
 _08428_/X
 _08429_/X
 _08430_/X
 _08431_/X
 _08432_/X
 _08433_/Y
 _08434_/X
 _08435_/Y
 _08436_/X
 _08437_/X
 _08438_/Y
 _08439_/X
 _08440_/Y
 _08441_/X
 _08442_/Y
 _08443_/X
 _08444_/X
 _08445_/Y
 _08446_/Y
 _08447_/Y
 _08448_/Y
 _08449_/X
 _08450_/X
 _08451_/Y
 _08452_/X
 _08453_/Y
 _08454_/X
 _08455_/Y
 _08456_/Y
 _08457_/Y
 _08458_/X
 _08459_/X
 _08460_/X
 _08461_/X
 _08462_/Y
 _08463_/X
 _08464_/Y
 _08465_/Y
 _08466_/Y
 _08467_/Y
 _08468_/Y
 _08469_/X
 _08470_/Y
 _08471_/X
 _08472_/Y
 _08473_/Y
 _08474_/Y
 _08475_/X
 _08476_/Y
 _08477_/X
 _08478_/Y
 _08479_/Y
 _08480_/X
 _08481_/X
 _08482_/Y
 _08483_/X
 _08484_/Y
 _08485_/Y
 _08486_/Y
 _08487_/X
 _08488_/X
 _08489_/Y
 _08490_/Y
 _08491_/X
 _08492_/X
 _08493_/X
 _08494_/X
 _08495_/Y
 _08496_/X
 _08497_/Y
 _08498_/Y
 _08499_/X
 _08500_/Y
 _08501_/Y
 _08502_/X
 _08503_/Y
 _08504_/X
 _08505_/X
 _08506_/Y
 _08507_/X
 _08508_/Y
 _08509_/Y
 _08510_/X
 _08511_/Y
 _08512_/Y
 _08513_/Y
 _08514_/X
 _08515_/Y
 _08516_/X
 _08517_/Y
 _08518_/Y
 _08519_/X
 _08520_/X
 _08521_/Y
 _08522_/Y
 _08523_/Y
 _08524_/Y
 _08525_/Y
 _08526_/X
 _08527_/X
 _08528_/X
 _08529_/X
 _08530_/X
 _08531_/Y
 _08532_/X
 _08533_/X
 _08534_/Y
 _08535_/X
 _08536_/X
 _08537_/Y
 _08538_/X
 _08539_/X
 _08540_/Y
 _08541_/Y
 _08542_/X
 _08543_/X
 _08544_/Y
 _08545_/Y
 _08546_/X
 _08547_/Y
 _08548_/Y
 _08549_/Y
 _08550_/X
 _08551_/X
 _08552_/Y
 _08553_/X
 _08554_/Y
 _08555_/X
 _08556_/X
 _08557_/X
 _08558_/X
 _08559_/Y
 _08560_/X
 _08561_/Y
 _08562_/Y
 _08563_/X
 _08564_/X
 _08565_/X
 _08566_/X
 _08567_/Y
 _08568_/Y
 _08569_/X
 _08570_/X
 _08571_/Y
 _08572_/Y
 _08573_/Y
 _08574_/Y
 _08575_/Y
 _08576_/X
 _08577_/Y
 _08578_/Y
 _08579_/X
 _08580_/Y
 _08581_/Y
 _08582_/X
 _08583_/Y
 _08584_/Y
 _08585_/Y
 _08586_/Y
 _08587_/Y
 _08588_/Y
 _08589_/Y
 _08590_/Y
 _08591_/Y
 _08592_/Y
 _08593_/Y
 _08594_/X
 _08595_/Y
 _08596_/Y
 _08597_/X
 _08598_/X
 _08599_/Y
 _08600_/Y
 _08601_/X
 _08602_/Y
 _08603_/Y
 _08604_/X
 _08605_/Y
 _08606_/Y
 _08607_/Y
 _08608_/Y
 _08609_/Y
 _08610_/Y
 _08611_/Y
 _08612_/Y
 _08613_/Y
 _08614_/Y
 _08615_/Y
 _08616_/Y
 _08617_/Y
 _08618_/X
 _08619_/Y
 _08620_/Y
 _08621_/Y
 _08622_/Y
 _08623_/Y
 _08624_/Y
 _08625_/X
 _08626_/Y
 _08627_/Y
 _08628_/X
 _08629_/Y
 _08630_/Y
 _08631_/Y
 _08632_/Y
 _08633_/Y
 _08634_/Y
 _08635_/Y
 _08636_/X
 _08637_/Y
 _08638_/Y
 _08639_/Y
 _08640_/Y
 _08641_/Y
 _08642_/Y
 _08643_/Y
 _08644_/X
 _08645_/Y
 _08646_/Y
 _08647_/Y
 _08648_/Y
 _08649_/Y
 _08650_/Y
 _08651_/Y
 _08652_/X
 _08653_/Y
 _08654_/Y
 _08655_/Y
 _08656_/Y
 _08657_/Y
 _08658_/Y
 _08659_/Y
 _08660_/X
 _08661_/Y
 _08662_/Y
 _08663_/Y
 _08664_/X
 _08665_/X
 _08666_/Y
 _08667_/Y
 _08668_/Y
 _08669_/Y
 _08670_/Y
 _08671_/Y
 _08672_/Y
 _08673_/Y
 _08674_/Y
 _08675_/X
 _08676_/Y
 _08677_/Y
 _08678_/Y
 _08679_/X
 _08680_/X
 _08681_/Y
 _08682_/X
 _08683_/Y
 _08684_/Y
 _08685_/X
 _08686_/Y
 _08687_/X
 _08688_/Y
 _08689_/X
 _08690_/Y
 _08691_/X
 _08692_/Y
 _08693_/X
 _08694_/Y
 _08695_/Y
 _08696_/X
 _08697_/X
 _08698_/Y
 _08699_/X
 _08700_/X
 _08701_/Y
 _08702_/X
 _08703_/Y
 _08704_/X
 _08705_/X
 _08706_/Y
 _08707_/Y
 _08708_/X
 _08709_/Y
 _08710_/X
 _08711_/Y
 _08712_/X
 _08713_/X
 _08714_/Y
 _08715_/X
 _08716_/Y
 _08717_/X
 _08718_/Y
 _08719_/X
 _08720_/X
 _08721_/Y
 _08722_/Y
 _08723_/X
 _08724_/X
 _08725_/X
 _08726_/Y
 _08727_/X
 _08728_/X
 _08729_/Y
 _08730_/Y
 _08731_/X
 _08732_/Y
 _08733_/X
 _08734_/Y
 _08735_/X
 _08736_/X
 _08737_/Y
 _08738_/X
 _08739_/Y
 _08740_/X
 _08741_/Y
 _08742_/X
 _08743_/Y
 _08744_/X
 _08745_/Y
 _08746_/X
 _08747_/X
 _08748_/X
 _08749_/Y
 _08750_/Y
 _08751_/X
 _08752_/Y
 _08753_/Y
 _08754_/X
 _08755_/Y
 _08756_/X
 _08757_/Y
 _08758_/Y
 _08759_/Y
 _08760_/X
 _08761_/X
 _08762_/Y
 _08763_/X
 _08764_/X
 _08765_/Y
 _08766_/Y
 _08767_/X
 _08768_/Y
 _08769_/X
 _08770_/X
 _08771_/X
 _08772_/Y
 _08773_/X
 _08774_/X
 _08775_/X
 _08776_/Y
 _08777_/X
 _08778_/Y
 _08779_/X
 _08780_/X
 _08781_/Y
 _08782_/X
 _08783_/Y
 _08784_/X
 _08785_/Y
 _08786_/Y
 _08787_/X
 _08788_/X
 _08789_/Y
 _08790_/X
 _08791_/Y
 _08792_/Y
 _08793_/Y
 _08794_/X
 _08795_/Y
 _08796_/X
 _08797_/Y
 _08798_/X
 _08799_/X
 _08800_/Y
 _08801_/X
 _08802_/Y
 _08803_/X
 _08804_/X
 _08805_/X
 _08806_/Y
 _08807_/Y
 _08808_/X
 _08809_/Y
 _08810_/Y
 _08811_/X
 _08812_/Y
 _08813_/X
 _08814_/Y
 _08815_/Y
 _08816_/X
 _08817_/Y
 _08818_/X
 _08819_/Y
 _08820_/X
 _08821_/X
 _08822_/Y
 _08823_/Y
 _08824_/X
 _08825_/Y
 _08826_/X
 _08827_/X
 _08828_/X
 _08829_/Y
 _08830_/Y
 _08831_/Y
 _08832_/X
 _08833_/X
 _08834_/Y
 _08835_/X
 _08836_/Y
 _08837_/Y
 _08838_/Y
 _08839_/X
 _08840_/Y
 _08841_/Y
 _08842_/Y
 _08843_/X
 _08844_/Y
 _08845_/X
 _08846_/X
 _08847_/X
 _08848_/Y
 _08849_/X
 _08850_/Y
 _08851_/X
 _08852_/X
 _08853_/Y
 _08854_/X
 _08855_/Y
 _08856_/X
 _08857_/X
 _08858_/Y
 _08859_/X
 _08860_/X
 _08861_/Y
 _08862_/X
 _08863_/Y
 _08864_/X
 _08865_/Y
 _08866_/Y
 _08867_/X
 _08868_/Y
 _08869_/X
 _08870_/X
 _08871_/Y
 _08872_/Y
 _08873_/X
 _08874_/Y
 _08875_/Y
 _08876_/X
 _08877_/X
 _08878_/Y
 _08879_/X
 _08880_/X
 _08881_/X
 _08882_/Y
 _08883_/X
 _08884_/Y
 _08885_/X
 _08886_/X
 _08887_/Y
 _08888_/X
 _08889_/Y
 _08890_/X
 _08891_/X
 _08892_/Y
 _08893_/Y
 _08894_/X
 _08895_/Y
 _08896_/Y
 _08897_/Y
 _08898_/X
 _08899_/Y
 _08900_/Y
 _08901_/X
 _08902_/Y
 _08903_/X
 _08904_/Y
 _08905_/Y
 _08906_/X
 _08907_/X
 _08908_/X
 _08909_/Y
 _08910_/X
 _08911_/X
 _08912_/Y
 _08913_/Y
 _08914_/Y
 _08915_/Y
 _08916_/Y
 _08917_/Y
 _08918_/X
 _08919_/Y
 _08920_/X
 _08921_/Y
 _08922_/X
 _08923_/X
 _08924_/Y
 _08925_/X
 _08926_/Y
 _08927_/X
 _08928_/Y
 _08929_/Y
 _08930_/X
 _08931_/Y
 _08932_/Y
 _08933_/X
 _08934_/Y
 _08935_/X
 _08936_/Y
 _08937_/Y
 _08938_/X
 _08939_/X
 _08940_/X
 _08941_/Y
 _08942_/Y
 _08943_/X
 _08944_/X
 _08945_/Y
 _08946_/Y
 _08947_/X
 _08948_/X
 _08949_/Y
 _08950_/Y
 _08951_/X
 _08952_/Y
 _08953_/Y
 _08954_/X
 _08955_/X
 _08956_/Y
 _08957_/Y
 _08958_/X
 _08959_/Y
 _08960_/X
 _08961_/X
 _08962_/X
 _08963_/Y
 _08964_/Y
 _08965_/X
 _08966_/Y
 _08967_/Y
 _08968_/X
 _08969_/Y
 _08970_/X
 _08971_/Y
 _08972_/Y
 _08973_/X
 _08974_/X
 _08975_/X
 _08976_/X
 _08977_/Y
 _08978_/X
 _08979_/X
 _08980_/X
 _08981_/Y
 _08982_/Y
 _08983_/X
 _08984_/Y
 _08985_/Y
 _08986_/Y
 _08987_/X
 _08988_/Y
 _08989_/X
 _08990_/X
 _08991_/Y
 _08992_/Y
 _08993_/Y
 _08994_/X
 _08995_/Y
 _08996_/X
 _08997_/Y
 _08998_/Y
 _08999_/X
 _09000_/Y
 _09001_/Y
 _09002_/Y
 _09003_/X
 _09004_/X
 _09005_/Y
 _09006_/Y
 _09007_/Y
 _09008_/Y
 _09009_/X
 _09010_/Y
 _09011_/X
 _09012_/X
 _09013_/Y
 _09014_/X
 _09015_/X
 _09016_/X
 _09017_/X
 _09018_/Y
 _09019_/X
 _09020_/X
 _09021_/Y
 _09022_/Y
 _09023_/X
 _09024_/X
 _09025_/X
 _09026_/X
 _09027_/Y
 _09028_/Y
 _09029_/X
 _09030_/Y
 _09031_/Y
 _09032_/Y
 _09033_/Y
 _09034_/Y
 _09035_/X
 _09036_/Y
 _09037_/X
 _09038_/X
 _09039_/Y
 _09040_/Y
 _09041_/Y
 _09042_/X
 _09043_/Y
 _09044_/X
 _09045_/X
 _09046_/X
 _09047_/X
 _09048_/Y
 _09049_/Y
 _09050_/X
 _09051_/X
 _09052_/Y
 _09053_/X
 _09054_/Y
 _09055_/Y
 _09056_/X
 _09057_/X
 _09058_/Y
 _09059_/Y
 _09060_/X
 _09061_/Y
 _09062_/Y
 _09063_/Y
 _09064_/Y
 _09065_/X
 _09066_/Y
 _09067_/Y
 _09068_/Y
 _09069_/Y
 _09070_/X
 _09071_/X
 _09072_/X
 _09073_/X
 _09074_/X
 _09075_/X
 _09076_/Y
 _09077_/X
 _09078_/Y
 _09079_/Y
 _09080_/X
 _09081_/Y
 _09082_/Y
 _09083_/Y
 _09084_/Y
 _09085_/X
 _09086_/Y
 _09087_/X
 _09088_/X
 _09089_/Y
 _09090_/X
 _09091_/Y
 _09092_/X
 _09093_/X
 _09094_/Y
 _09095_/X
 _09096_/Y
 _09097_/Y
 _09098_/Y
 _09099_/X
 _09100_/X
 _09101_/Y
 _09102_/X
 _09103_/Y
 _09104_/X
 _09105_/X
 _09106_/Y
 _09107_/X
 _09108_/X
 _09109_/Y
 _09110_/Y
 _09111_/Y
 _09112_/Y
 _09113_/X
 _09114_/X
 _09115_/X
 _09116_/Y
 _09117_/X
 _09118_/X
 _09119_/X
 _09120_/X
 _09121_/X
 _09122_/X
 _09123_/X
 _09124_/X
 _09125_/X
 _09126_/Y
 _09127_/X
 _09128_/Y
 _09129_/Y
 _09130_/X
 _09131_/Y
 _09132_/Y
 _09133_/Y
 _09134_/Y
 _09135_/X
 _09136_/Y
 _09137_/X
 _09138_/Y
 _09139_/X
 _09140_/Y
 _09141_/X
 _09142_/Y
 _09143_/X
 _09144_/X
 _09145_/Y
 _09146_/X
 _09147_/Y
 _09148_/X
 _09149_/X
 _09150_/X
 _09151_/Y
 _09152_/Y
 _09153_/X
 _09154_/Y
 _09155_/Y
 _09156_/X
 _09157_/X
 _09158_/Y
 _09159_/X
 _09160_/Y
 _09161_/X
 _09162_/Y
 _09163_/X
 _09164_/Y
 _09165_/X
 _09166_/X
 _09167_/X
 _09168_/Y
 _09169_/X
 _09170_/Y
 _09171_/Y
 _09172_/X
 _09173_/Y
 _09174_/Y
 _09175_/Y
 _09176_/Y
 _09177_/X
 _09178_/Y
 _09179_/X
 _09180_/X
 _09181_/Y
 _09182_/Y
 _09183_/X
 _09184_/Y
 _09185_/Y
 _09186_/Y
 _09187_/X
 _09188_/Y
 _09189_/X
 _09190_/X
 _09191_/Y
 _09192_/X
 _09193_/Y
 _09194_/Y
 _09195_/X
 _09196_/Y
 _09197_/X
 _09198_/X
 _09199_/Y
 _09200_/X
 _09201_/Y
 _09202_/X
 _09203_/X
 _09204_/Y
 _09205_/X
 _09206_/X
 _09207_/X
 _09208_/Y
 _09209_/X
 _09210_/Y
 _09211_/Y
 _09212_/X
 _09213_/Y
 _09214_/Y
 _09215_/Y
 _09216_/Y
 _09217_/X
 _09218_/Y
 _09219_/X
 _09220_/X
 _09221_/Y
 _09222_/Y
 _09223_/X
 _09224_/X
 _09225_/Y
 _09226_/X
 _09227_/Y
 _09228_/X
 _09229_/Y
 _09230_/Y
 _09231_/X
 _09232_/X
 _09233_/Y
 _09234_/Y
 _09235_/Y
 _09236_/Y
 _09237_/Y
 _09238_/X
 _09239_/X
 _09240_/Y
 _09241_/Y
 _09242_/Y
 _09243_/Y
 _09244_/X
 _09245_/X
 _09246_/Y
 _09247_/X
 _09248_/Y
 _09249_/Y
 _09250_/Y
 _09251_/Y
 _09252_/X
 _09253_/X
 _09254_/Y
 _09255_/X
 _09256_/Y
 _09257_/Y
 _09258_/X
 _09259_/Y
 _09260_/Y
 _09261_/Y
 _09262_/Y
 _09263_/X
 _09264_/Y
 _09265_/X
 _09266_/X
 _09267_/Y
 _09268_/Y
 _09269_/X
 _09270_/Y
 _09271_/Y
 _09272_/Y
 _09273_/Y
 _09274_/X
 _09275_/Y
 _09276_/Y
 _09277_/Y
 _09278_/X
 _09279_/X
 _09280_/Y
 _09281_/X
 _09282_/Y
 _09283_/Y
 _09284_/X
 _09285_/X
 _09286_/Y
 _09287_/X
 _09288_/Y
 _09289_/Y
 _09290_/X
 _09291_/Y
 _09292_/Y
 _09293_/Y
 _09294_/Y
 _09295_/X
 _09296_/Y
 _09297_/Y
 _09298_/X
 _09299_/Y
 _09300_/Y
 _09301_/X
 _09302_/Y
 _09303_/Y
 _09304_/X
 _09305_/X
 _09306_/X
 _09307_/Y
 _09308_/X
 _09309_/X
 _09310_/X
 _09311_/Y
 _09312_/X
 _09313_/Y
 _09314_/Y
 _09315_/X
 _09316_/X
 _09317_/Y
 _09318_/X
 _09319_/X
 _09320_/Y
 _09321_/Y
 _09322_/Y
 _09323_/Y
 _09324_/X
 _09325_/X
 _09326_/Y
 _09327_/Y
 _09328_/X
 _09329_/X
 _09330_/X
 _09331_/X
 _09332_/X
 _09333_/Y
 _09334_/X
 _09335_/X
 _09336_/Y
 _09337_/Y
 _09338_/Y
 _09339_/Y
 _09340_/X
 _09341_/X
 _09342_/X
 _09343_/X
 _09344_/X
 _09345_/Y
 _09346_/Y
 _09347_/Y
 _09348_/X
 _09349_/X
 _09350_/X
 _09351_/X
 _09352_/X
 _09353_/Y
 _09354_/Y
 _09355_/X
 _09356_/Y
 _09357_/Y
 _09358_/X
 _09359_/Y
 _09360_/Y
 _09361_/Y
 _09362_/X
 _09363_/Y
 _09364_/Y
 _09365_/X
 _09366_/X
 _09367_/X
 _09368_/X
 _09369_/X
 _09370_/X
 _09371_/X
 _09372_/Y
 _09373_/X
 _09374_/Y
 _09375_/X
 _09376_/Y
 _09377_/Y
 _09378_/X
 _09379_/X
 _09380_/X
 _09381_/Y
 _09382_/X
 _09383_/Y
 _09384_/X
 _09385_/X
 _09386_/Y
 _09387_/X
 _09388_/Y
 _09389_/X
 _09390_/X
 _09391_/Y
 _09392_/Y
 _09393_/Y
 _09394_/X
 _09395_/Y
 _09396_/Y
 _09397_/Y
 _09398_/Y
 _09399_/X
 _09400_/Y
 _09401_/Y
 _09402_/Y
 _09403_/X
 _09404_/Y
 _09405_/X
 _09406_/Y
 _09407_/Y
 _09408_/X
 _09409_/Y
 _09410_/X
 _09411_/X
 _09412_/Y
 _09413_/X
 _09414_/Y
 _09415_/X
 _09416_/Y
 _09417_/X
 _09418_/Y
 _09419_/X
 _09420_/X
 _09421_/Y
 _09422_/Y
 _09423_/X
 _09424_/Y
 _09425_/Y
 _09426_/X
 _09427_/X
 _09428_/Y
 _09429_/X
 _09430_/Y
 _09431_/X
 _09432_/Y
 _09433_/X
 _09434_/X
 _09435_/Y
 _09436_/X
 _09437_/Y
 _09438_/X
 _09439_/Y
 _09440_/Y
 _09441_/X
 _09442_/X
 _09443_/Y
 _09444_/X
 _09445_/Y
 _09446_/Y
 _09447_/X
 _09448_/Y
 _09449_/X
 _09450_/Y
 _09451_/X
 _09452_/X
 _09453_/Y
 _09454_/Y
 _09455_/X
 _09456_/X
 _09457_/Y
 _09458_/Y
 _09459_/X
 _09460_/X
 _09461_/Y
 _09462_/X
 _09463_/X
 _09464_/Y
 _09465_/Y
 _09466_/X
 _09467_/Y
 _09468_/X
 _09469_/Y
 _09470_/Y
 _09471_/Y
 _09472_/X
 _09473_/X
 _09474_/Y
 _09475_/X
 _09476_/X
 _09477_/X
 _09478_/Y
 _09479_/X
 _09480_/Y
 _09481_/X
 _09482_/X
 _09483_/Y
 _09484_/Y
 _09485_/Y
 _09486_/Y
 _09487_/X
 _09488_/Y
 _09489_/X
 _09490_/Y
 _09491_/X
 _09492_/X
 _09493_/Y
 _09494_/X
 _09495_/Y
 _09496_/X
 _09497_/Y
 _09498_/Y
 _09499_/X
 _09500_/Y
 _09501_/Y
 _09502_/X
 _09503_/Y
 _09504_/X
 _09505_/Y
 _09506_/Y
 _09507_/X
 _09508_/X
 _09509_/Y
 _09510_/X
 _09511_/Y
 _09512_/Y
 _09513_/X
 _09514_/Y
 _09515_/Y
 _09516_/X
 _09517_/Y
 _09518_/Y
 _09519_/Y
 _09520_/X
 _09521_/X
 _09522_/Y
 _09523_/X
 _09524_/Y
 _09525_/Y
 _09526_/X
 _09527_/X
 _09528_/X
 _09529_/Y
 _09530_/X
 _09531_/Y
 _09532_/X
 _09533_/X
 _09534_/Y
 _09535_/X
 _09536_/Y
 _09537_/X
 _09538_/X
 _09539_/Y
 _09540_/Y
 _09541_/Y
 _09542_/X
 _09543_/Y
 _09544_/X
 _09545_/Y
 _09546_/Y
 _09547_/Y
 _09548_/X
 _09549_/X
 _09550_/X
 _09551_/Y
 _09552_/X
 _09553_/Y
 _09554_/Y
 _09555_/X
 _09556_/Y
 _09557_/Y
 _09558_/X
 _09559_/X
 _09560_/Y
 _09561_/X
 _09562_/Y
 _09563_/X
 _09564_/X
 _09565_/X
 _09566_/Y
 _09567_/X
 _09568_/Y
 _09569_/X
 _09570_/X
 _09571_/X
 _09572_/Y
 _09573_/Y
 _09574_/X
 _09575_/X
 _09576_/X
 _09577_/Y
 _09578_/X
 _09579_/Y
 _09580_/X
 _09581_/X
 _09582_/Y
 _09583_/X
 _09584_/Y
 _09585_/X
 _09586_/X
 _09587_/Y
 _09588_/Y
 _09589_/X
 _09590_/Y
 _09591_/X
 _09592_/Y
 _09593_/Y
 _09594_/Y
 _09595_/X
 _09596_/Y
 _09597_/X
 _09598_/Y
 _09599_/Y
 _09600_/Y
 _09601_/Y
 _09602_/X
 _09603_/X
 _09604_/Y
 _09605_/X
 _09606_/X
 _09607_/Y
 _09608_/X
 _09609_/Y
 _09610_/Y
 _09611_/Y
 _09612_/Y
 _09613_/X
 _09614_/Y
 _09615_/X
 _09616_/Y
 _09617_/Y
 _09618_/X
 _09619_/X
 _09620_/Y
 _09621_/X
 _09622_/X
 _09623_/X
 _09624_/Y
 _09625_/X
 _09626_/Y
 _09627_/X
 _09628_/Y
 _09629_/X
 _09630_/X
 _09631_/Y
 _09632_/X
 _09633_/Y
 _09634_/X
 _09635_/Y
 _09636_/Y
 _09637_/X
 _09638_/X
 _09639_/Y
 _09640_/X
 _09641_/Y
 _09642_/Y
 _09643_/X
 _09644_/Y
 _09645_/X
 _09646_/X
 _09647_/Y
 _09648_/X
 _09649_/Y
 _09650_/X
 _09651_/X
 _09652_/Y
 _09653_/X
 _09654_/Y
 _09655_/X
 _09656_/Y
 _09657_/X
 _09658_/Y
 _09659_/X
 _09660_/Y
 _09661_/X
 _09662_/Y
 _09663_/Y
 _09664_/Y
 _09665_/Y
 _09666_/X
 _09667_/Y
 _09668_/Y
 _09669_/X
 _09670_/X
 _09671_/X
 _09672_/Y
 _09673_/Y
 _09674_/Y
 _09675_/Y
 _09676_/X
 _09677_/X
 _09678_/X
 _09679_/Y
 _09680_/X
 _09681_/Y
 _09682_/X
 _09683_/X
 _09684_/Y
 _09685_/X
 _09686_/Y
 _09687_/X
 _09688_/X
 _09689_/Y
 _09690_/Y
 _09691_/X
 _09692_/X
 _09693_/Y
 _09694_/X
 _09695_/X
 _09696_/Y
 _09697_/Y
 _09698_/X
 _09699_/X
 _09700_/Y
 _09701_/X
 _09702_/Y
 _09703_/X
 _09704_/X
 _09705_/Y
 _09706_/Y
 _09707_/X
 _09708_/Y
 _09709_/X
 _09710_/Y
 _09711_/Y
 _09712_/Y
 _09713_/X
 _09714_/Y
 _09715_/X
 _09716_/Y
 _09717_/Y
 _09718_/X
 _09719_/Y
 _09720_/X
 _09721_/X
 _09722_/Y
 _09723_/Y
 _09724_/Y
 _09725_/Y
 _09726_/Y
 _09727_/Y
 _09728_/X
 _09729_/Y
 _09730_/X
 _09731_/Y
 _09732_/X
 _09733_/X
 _09734_/Y
 _09735_/X
 _09736_/Y
 _09737_/X
 _09738_/Y
 _09739_/Y
 _09740_/X
 _09741_/Y
 _09742_/Y
 _09743_/X
 _09744_/Y
 _09745_/X
 _09746_/Y
 _09747_/Y
 _09748_/X
 _09749_/X
 _09750_/Y
 _09751_/Y
 _09752_/X
 _09753_/Y
 _09754_/X
 _09755_/Y
 _09756_/X
 _09757_/Y
 _09758_/X
 _09759_/X
 _09760_/Y
 _09761_/Y
 _09762_/Y
 _09763_/Y
 _09764_/Y
 _09765_/Y
 _09766_/Y
 _09767_/X
 _09768_/X
 _09769_/X
 _09770_/Y
 _09771_/X
 _09772_/Y
 _09773_/X
 _09774_/Y
 _09775_/X
 _09776_/Y
 _09777_/Y
 _09778_/Y
 _09779_/X
 _09780_/Y
 _09781_/X
 _09782_/Y
 _09783_/X
 _09784_/X
 _09785_/Y
 _09786_/Y
 _09787_/X
 _09788_/Y
 _09789_/X
 _09790_/Y
 _09791_/X
 _09792_/X
 _09793_/Y
 _09794_/X
 _09795_/Y
 _09796_/X
 _09797_/Y
 _09798_/Y
 _09799_/X
 _09800_/Y
 _09801_/Y
 _09802_/X
 _09803_/Y
 _09804_/X
 _09805_/Y
 _09806_/Y
 _09807_/X
 _09808_/Y
 _09809_/X
 _09810_/X
 _09811_/Y
 _09812_/Y
 _09813_/X
 _09814_/Y
 _09815_/Y
 _09816_/X
 _09817_/X
 _09818_/X
 _09819_/Y
 _09820_/Y
 _09821_/Y
 _09822_/Y
 _09823_/X
 _09824_/Y
 _09825_/Y
 _09826_/X
 _09827_/X
 _09828_/X
 _09829_/Y
 _09830_/X
 _09831_/Y
 _09832_/X
 _09833_/X
 _09834_/Y
 _09835_/X
 _09836_/Y
 _09837_/X
 _09838_/X
 _09839_/Y
 _09840_/Y
 _09841_/Y
 _09842_/X
 _09843_/Y
 _09844_/X
 _09845_/X
 _09846_/Y
 _09847_/X
 _09848_/Y
 _09849_/X
 _09850_/Y
 _09851_/X
 _09852_/Y
 _09853_/X
 _09854_/Y
 _09855_/X
 _09856_/X
 _09857_/Y
 _09858_/X
 _09859_/X
 _09860_/Y
 _09861_/X
 _09862_/Y
 _09863_/X
 _09864_/X
 _09865_/Y
 _09866_/X
 _09867_/Y
 _09868_/X
 _09869_/Y
 _09870_/X
 _09871_/Y
 _09872_/X
 _09873_/Y
 _09874_/Y
 _09875_/X
 _09876_/X
 _09877_/Y
 _09878_/X
 _09879_/X
 _09880_/Y
 _09881_/X
 _09882_/Y
 _09883_/X
 _09884_/X
 _09885_/X
 _09886_/Y
 _09887_/X
 _09888_/Y
 _09889_/X
 _09890_/Y
 _09891_/X
 _09892_/Y
 _09893_/Y
 _09894_/X
 _09895_/Y
 _09896_/X
 _09897_/Y
 _09898_/X
 _09899_/Y
 _09900_/X
 _09901_/X
 _09902_/Y
 _09903_/Y
 _09904_/Y
 _09905_/Y
 _09906_/X
 _09907_/Y
 _09908_/Y
 _09909_/Y
 _09910_/X
 _09911_/Y
 _09912_/Y
 _09913_/X
 _09914_/X
 _09915_/Y
 _09916_/Y
 _09917_/X
 _09918_/X
 _09919_/X
 _09920_/Y
 _09921_/Y
 _09922_/Y
 _09923_/X
 _09924_/X
 _09925_/X
 _09926_/Y
 _09927_/Y
 _09928_/Y
 _09929_/X
 _09930_/Y
 _09931_/Y
 _09932_/X
 _09933_/X
 _09934_/Y
 _09935_/Y
 _09936_/X
 _09937_/X
 _09938_/X
 _09939_/Y
 _09940_/X
 _09941_/Y
 _09942_/X
 _09943_/X
 _09944_/Y
 _09945_/X
 _09946_/Y
 _09947_/X
 _09948_/X
 _09949_/Y
 _09950_/Y
 _09951_/Y
 _09952_/X
 _09953_/Y
 _09954_/X
 _09955_/X
 _09956_/Y
 _09957_/X
 _09958_/Y
 _09959_/X
 _09960_/Y
 _09961_/X
 _09962_/Y
 _09963_/X
 _09964_/Y
 _09965_/X
 _09966_/X
 _09967_/Y
 _09968_/Y
 _09969_/X
 _09970_/X
 _09971_/Y
 _09972_/X
 _09973_/Y
 _09974_/X
 _09975_/X
 _09976_/Y
 _09977_/X
 _09978_/Y
 _09979_/Y
 _09980_/X
 _09981_/X
 _09982_/Y
 _09983_/Y
 _09984_/X
 _09985_/X
 _09986_/X
 _09987_/X
 _09988_/Y
 _09989_/Y
 _09990_/X
 _09991_/X
 _09992_/X
 _09993_/X
 _09994_/Y
 _09995_/X
 _09996_/X
 _09997_/X
 _09998_/X
 _09999_/Y
 _10000_/X
 _10001_/Y
 _10002_/Y
 _10003_/X
 _10004_/Y
 _10005_/Y
 _10006_/Y
 _10007_/X
 _10008_/Y
 _10009_/X
 _10010_/X
 _10011_/Y
 _10012_/Y
 _10013_/X
 _10014_/Y
 _10015_/X
 _10016_/Y
 _10017_/X
 _10018_/Y
 _10019_/Y
 _10020_/X
 _10021_/Y
 _10022_/X
 _10023_/Y
 _10024_/X
 _10025_/X
 _10026_/Y
 _10027_/Y
 _10028_/X
 _10029_/X
 _10030_/Y
 _10031_/X
 _10032_/Y
 _10033_/Y
 _10034_/Y
 _10035_/X
 _10036_/X
 _10037_/X
 _10038_/Y
 _10039_/Y
 _10040_/X
 _10041_/Y
 _10042_/Y
 _10043_/Y
 _10044_/X
 _10045_/Y
 _10046_/X
 _10047_/Y
 _10048_/Y
 _10049_/X
 _10050_/X
 _10051_/Y
 _10052_/X
 _10053_/Y
 _10054_/Y
 _10055_/X
 _10056_/X
 _10057_/X
 _10058_/Y
 _10059_/X
 _10060_/Y
 _10061_/X
 _10062_/X
 _10063_/Y
 _10064_/X
 _10065_/Y
 _10066_/X
 _10067_/X
 _10068_/Y
 _10069_/Y
 _10070_/Y
 _10071_/X
 _10072_/Y
 _10073_/X
 _10074_/X
 _10075_/Y
 _10076_/X
 _10077_/Y
 _10078_/X
 _10079_/Y
 _10080_/X
 _10081_/Y
 _10082_/X
 _10083_/Y
 _10084_/X
 _10085_/X
 _10086_/Y
 _10087_/X
 _10088_/Y
 _10089_/X
 _10090_/Y
 _10091_/Y
 _10092_/X
 _10093_/Y
 _10094_/X
 _10095_/Y
 _10096_/X
 _10097_/Y
 _10098_/Y
 _10099_/Y
 _10100_/X
 _10101_/Y
 _10102_/X
 _10103_/Y
 _10104_/X
 _10105_/Y
 _10106_/X
 _10107_/Y
 _10108_/X
 _10109_/Y
 _10110_/X
 _10111_/Y
 _10112_/X
 _10113_/Y
 _10114_/X
 _10115_/Y
 _10116_/X
 _10117_/Y
 _10118_/X
 _10119_/X
 _10120_/X
 _10121_/Y
 _10122_/X
 _10123_/Y
 _10124_/X
 _10125_/Y
 _10126_/Y
 _10127_/X
 _10128_/Y
 _10129_/X
 _10130_/X
 _10131_/Y
 _10132_/X
 _10133_/Y
 _10134_/X
 _10135_/Y
 _10136_/Y
 _10137_/Y
 _10138_/X
 _10139_/X
 _10140_/X
 _10141_/Y
 _10142_/X
 _10143_/Y
 _10144_/X
 _10145_/X
 _10146_/Y
 _10147_/X
 _10148_/Y
 _10149_/X
 _10150_/X
 _10151_/Y
 _10152_/Y
 _10153_/Y
 _10154_/X
 _10155_/Y
 _10156_/X
 _10157_/X
 _10158_/Y
 _10159_/X
 _10160_/Y
 _10161_/X
 _10162_/Y
 _10163_/X
 _10164_/Y
 _10165_/X
 _10166_/Y
 _10167_/X
 _10168_/X
 _10169_/Y
 _10170_/X
 _10171_/Y
 _10172_/Y
 _10173_/X
 _10174_/Y
 _10175_/Y
 _10176_/X
 _10177_/X
 _10178_/X
 _10179_/Y
 _10180_/Y
 _10181_/X
 _10182_/X
 _10183_/X
 _10184_/Y
 _10185_/X
 _10186_/Y
 _10187_/Y
 _10188_/Y
 _10189_/Y
 _10190_/X
 _10191_/Y
 _10192_/Y
 _10193_/X
 _10194_/Y
 _10195_/X
 _10196_/X
 _10197_/X
 _10198_/Y
 _10199_/X
 _10200_/Y
 _10201_/Y
 _10202_/Y
 _10203_/X
 _10204_/X
 _10205_/Y
 _10206_/Y
 _10207_/Y
 _10208_/X
 _10209_/Y
 _10210_/X
 _10211_/Y
 _10212_/Y
 _10213_/X
 _10214_/Y
 _10215_/Y
 _10216_/Y
 _10217_/X
 _10218_/Y
 _10219_/X
 _10220_/Y
 _10221_/Y
 _10222_/X
 _10223_/X
 _10224_/Y
 _10225_/Y
 _10226_/X
 _10227_/Y
 _10228_/X
 _10229_/Y
 _10230_/X
 _10231_/X
 _10232_/Y
 _10233_/X
 _10234_/Y
 _10235_/X
 _10236_/Y
 _10237_/X
 _10238_/Y
 _10239_/X
 _10240_/X
 _10241_/Y
 _10242_/X
 _10243_/Y
 _10244_/X
 _10245_/Y
 _10246_/X
 _10247_/Y
 _10248_/Y
 _10249_/X
 _10250_/Y
 _10251_/X
 _10252_/X
 _10253_/X
 _10254_/Y
 _10255_/X
 _10256_/Y
 _10257_/X
 _10258_/X
 _10259_/Y
 _10260_/X
 _10261_/Y
 _10262_/X
 _10263_/X
 _10264_/Y
 _10265_/Y
 _10266_/Y
 _10267_/X
 _10268_/Y
 _10269_/X
 _10270_/X
 _10271_/Y
 _10272_/X
 _10273_/Y
 _10274_/X
 _10275_/Y
 _10276_/X
 _10277_/Y
 _10278_/X
 _10279_/X
 _10280_/Y
 _10281_/Y
 _10282_/X
 _10283_/Y
 _10284_/X
 _10285_/X
 _10286_/Y
 _10287_/X
 _10288_/X
 _10289_/Y
 _10290_/X
 _10291_/Y
 _10292_/X
 _10293_/Y
 _10294_/X
 _10295_/X
 _10296_/X
 _10297_/Y
 _10298_/Y
 _10299_/X
 _10300_/X
 _10301_/X
 _10302_/Y
 _10303_/Y
 _10304_/X
 _10305_/Y
 _10306_/Y
 _10307_/X
 _10308_/Y
 _10309_/Y
 _10310_/X
 _10311_/Y
 _10312_/X
 _10313_/X
 _10314_/Y
 _10315_/Y
 _10316_/X
 _10317_/X
 _10318_/Y
 _10319_/Y
 _10320_/X
 _10321_/Y
 _10322_/X
 _10323_/Y
 _10324_/X
 _10325_/Y
 _10326_/X
 _10327_/X
 _10328_/Y
 _10329_/X
 _10330_/Y
 _10331_/Y
 _10332_/Y
 _10333_/X
 _10334_/Y
 _10335_/Y
 _10336_/X
 _10337_/X
 _10338_/Y
 _10339_/X
 _10340_/X
 _10341_/X
 _10342_/Y
 _10343_/X
 _10344_/Y
 _10345_/X
 _10346_/Y
 _10347_/X
 _10348_/Y
 _10349_/X
 _10350_/Y
 _10351_/X
 _10352_/Y
 _10353_/X
 _10354_/Y
 _10355_/Y
 _10356_/X
 _10357_/Y
 _10358_/X
 _10359_/X
 _10360_/X
 _10361_/X
 _10362_/Y
 _10363_/X
 _10364_/Y
 _10365_/X
 _10366_/X
 _10367_/Y
 _10368_/X
 _10369_/Y
 _10370_/X
 _10371_/X
 _10372_/Y
 _10373_/Y
 _10374_/Y
 _10375_/X
 _10376_/Y
 _10377_/X
 _10378_/X
 _10379_/Y
 _10380_/X
 _10381_/Y
 _10382_/X
 _10383_/Y
 _10384_/X
 _10385_/Y
 _10386_/X
 _10387_/X
 _10388_/Y
 _10389_/Y
 _10390_/X
 _10391_/X
 _10392_/Y
 _10393_/Y
 _10394_/Y
 _10395_/X
 _10396_/Y
 _10397_/Y
 _10398_/Y
 _10399_/Y
 _10400_/X
 _10401_/Y
 _10402_/Y
 _10403_/Y
 _10404_/X
 _10405_/Y
 _10406_/X
 _10407_/X
 _10408_/X
 _10409_/Y
 _10410_/X
 _10411_/Y
 _10412_/X
 _10413_/X
 _10414_/Y
 _10415_/X
 _10416_/X
 _10417_/Y
 _10418_/X
 _10419_/Y
 _10420_/X
 _10421_/Y
 _10422_/X
 _10423_/Y
 _10424_/X
 _10425_/Y
 _10426_/Y
 _10427_/X
 _10428_/X
 _10429_/Y
 _10430_/Y
 _10431_/X
 _10432_/X
 _10433_/Y
 _10434_/X
 _10435_/Y
 _10436_/Y
 _10437_/X
 _10438_/Y
 _10439_/Y
 _10440_/Y
 _10441_/Y
 _10442_/Y
 _10443_/X
 _10444_/X
 _10445_/X
 _10446_/X
 _10447_/X
 _10448_/X
 _10449_/X
 _10450_/Y
 _10451_/Y
 _10452_/X
 _10453_/Y
 _10454_/X
 _10455_/X
 _10456_/Y
 _10457_/X
 _10458_/X
 _10459_/X
 _10460_/Y
 _10461_/X
 _10462_/Y
 _10463_/X
 _10464_/Y
 _10465_/X
 _10466_/Y
 _10467_/X
 _10468_/Y
 _10469_/X
 _10470_/Y
 _10471_/X
 _10472_/Y
 _10473_/X
 _10474_/Y
 _10475_/X
 _10476_/X
 _10477_/X
 _10478_/Y
 _10479_/X
 _10480_/Y
 _10481_/Y
 _10482_/Y
 _10483_/X
 _10484_/Y
 _10485_/X
 _10486_/Y
 _10487_/X
 _10488_/X
 _10489_/Y
 _10490_/Y
 _10491_/Y
 _10492_/X
 _10493_/Y
 _10494_/X
 _10495_/X
 _10496_/Y
 _10497_/X
 _10498_/Y
 _10499_/X
 _10500_/Y
 _10501_/X
 _10502_/Y
 _10503_/X
 _10504_/X
 _10505_/Y
 _10506_/Y
 _10507_/X
 _10508_/X
 _10509_/Y
 _10510_/Y
 _10511_/Y
 _10512_/X
 _10513_/X
 _10514_/X
 _10515_/Y
 _10516_/X
 _10517_/Y
 _10518_/X
 _10519_/X
 _10520_/Y
 _10521_/X
 _10522_/X
 _10523_/Y
 _10524_/X
 _10525_/Y
 _10526_/X
 _10527_/Y
 _10528_/X
 _10529_/Y
 _10530_/X
 _10531_/X
 _10532_/Y
 _10533_/Y
 _10534_/Y
 _10535_/X
 _10536_/Y
 _10537_/Y
 _10538_/Y
 _10539_/X
 _10540_/X
 _10541_/Y
 _10542_/X
 _10543_/X
 _10544_/X
 _10545_/X
 _10546_/X
 _10547_/Y
 _10548_/X
 _10549_/Y
 _10550_/Y
 _10551_/Y
 _10552_/X
 _10553_/Y
 _10554_/X
 _10555_/X
 _10556_/Y
 _10557_/Y
 _10558_/X
 _10559_/X
 _10560_/Y
 _10561_/X
 _10562_/X
 _10563_/Y
 _10564_/Y
 _10565_/Y
 _10566_/Y
 _10567_/Y
 _10568_/Y
 _10569_/Y
 _10570_/Y
 _10571_/Y
 _10572_/Y
 _10573_/X
 _10574_/Y
 _10575_/X
 _10576_/X
 _10577_/X
 _10578_/Y
 _10579_/X
 _10580_/Y
 _10581_/X
 _10582_/X
 _10583_/Y
 _10584_/X
 _10585_/Y
 _10586_/X
 _10587_/X
 _10588_/Y
 _10589_/X
 _10590_/Y
 _10591_/X
 _10592_/Y
 _10593_/X
 _10594_/Y
 _10595_/X
 _10596_/Y
 _10597_/Y
 _10598_/X
 _10599_/Y
 _10600_/X
 _10601_/X
 _10602_/X
 _10603_/X
 _10604_/Y
 _10605_/Y
 _10606_/X
 _10607_/Y
 _10608_/X
 _10609_/X
 _10610_/Y
 _10611_/X
 _10612_/Y
 _10613_/X
 _10614_/Y
 _10615_/X
 _10616_/Y
 _10617_/X
 _10618_/Y
 _10619_/X
 _10620_/Y
 _10621_/Y
 _10622_/Y
 _10623_/X
 _10624_/Y
 _10625_/X
 _10626_/Y
 _10627_/Y
 _10628_/X
 _10629_/X
 _10630_/X
 _10631_/Y
 _10632_/X
 _10633_/Y
 _10634_/X
 _10635_/X
 _10636_/Y
 _10637_/X
 _10638_/X
 _10639_/Y
 _10640_/X
 _10641_/Y
 _10642_/X
 _10643_/Y
 _10644_/X
 _10645_/Y
 _10646_/Y
 _10647_/X
 _10648_/X
 _10649_/X
 _10650_/Y
 _10651_/X
 _10652_/Y
 _10653_/X
 _10654_/X
 _10655_/Y
 _10656_/X
 _10657_/Y
 _10658_/X
 _10659_/Y
 _10660_/X
 _10661_/Y
 _10662_/Y
 _10663_/X
 _10664_/Y
 _10665_/X
 _10666_/Y
 _10667_/Y
 _10668_/X
 _10669_/X
 _10670_/X
 _10671_/X
 _10672_/Y
 _10673_/Y
 _10674_/X
 _10675_/Y
 _10676_/X
 _10677_/Y
 _10678_/Y
 _10679_/X
 _10680_/Y
 _10681_/X
 _10682_/Y
 _10683_/X
 _10684_/Y
 _10685_/X
 _10686_/X
 _10687_/X
 _10688_/X
 _10689_/X
 _10690_/X
 _10691_/Y
 _10692_/X
 _10693_/X
 _10694_/Y
 _10695_/Y
 _10696_/Y
 _10697_/Y
 _10698_/X
 _10699_/Y
 _10700_/X
 _10701_/X
 _10702_/Y
 _10703_/X
 _10704_/Y
 _10705_/X
 _10706_/X
 _10707_/Y
 _10708_/X
 _10709_/Y
 _10710_/Y
 _10711_/X
 _10712_/Y
 _10713_/Y
 _10714_/X
 _10715_/Y
 _10716_/Y
 _10717_/X
 _10718_/Y
 _10719_/X
 _10720_/X
 _10721_/X
 _10722_/Y
 _10723_/Y
 _10724_/X
 _10725_/Y
 _10726_/X
 _10727_/X
 _10728_/Y
 _10729_/X
 _10730_/Y
 _10731_/X
 _10732_/Y
 _10733_/X
 _10734_/Y
 _10735_/X
 _10736_/Y
 _10737_/X
 _10738_/Y
 _10739_/X
 _10740_/X
 _10741_/Y
 _10742_/X
 _10743_/Y
 _10744_/Y
 _10745_/X
 _10746_/Y
 _10747_/X
 _10748_/X
 _10749_/X
 _10750_/Y
 _10751_/X
 _10752_/Y
 _10753_/X
 _10754_/X
 _10755_/X
 _10756_/X
 _10757_/Y
 _10758_/X
 _10759_/Y
 _10760_/X
 _10761_/Y
 _10762_/X
 _10763_/Y
 _10764_/Y
 _10765_/Y
 _10766_/X
 _10767_/Y
 _10768_/Y
 _10769_/Y
 _10770_/Y
 _10771_/Y
 _10772_/Y
 _10773_/X
 _10774_/Y
 _10775_/X
 _10776_/X
 _10777_/Y
 _10778_/X
 _10779_/Y
 _10780_/X
 _10781_/Y
 _10782_/X
 _10783_/Y
 _10784_/Y
 _10785_/Y
 _10786_/X
 _10787_/Y
 _10788_/X
 _10789_/Y
 _10790_/X
 _10791_/Y
 _10792_/Y
 _10793_/X
 _10794_/Y
 _10795_/X
 _10796_/Y
 _10797_/Y
 _10798_/X
 _10799_/X
 _10800_/Y
 _10801_/Y
 _10802_/X
 _10803_/Y
 _10804_/Y
 _10805_/Y
 _10806_/Y
 _10807_/X
 _10808_/X
 _10809_/X
 _10810_/Y
 _10811_/X
 _10812_/X
 _10813_/Y
 _10814_/Y
 _10815_/Y
 _10816_/Y
 _10817_/Y
 _10818_/Y
 _10819_/X
 _10820_/Y
 _10821_/Y
 _10822_/Y
 _10823_/X
 _10824_/Y
 _10825_/X
 _10826_/Y
 _10827_/Y
 _10828_/X
 _10829_/Y
 _10830_/X
 _10831_/Y
 _10832_/X
 _10833_/Y
 _10834_/X
 _10835_/Y
 _10836_/X
 _10837_/X
 _10838_/X
 _10839_/Y
 _10840_/X
 _10841_/X
 _10842_/Y
 _10843_/Y
 _10844_/X
 _10845_/Y
 _10846_/X
 _10847_/Y
 _10848_/X
 _10849_/Y
 _10850_/X
 _10851_/Y
 _10852_/Y
 _10853_/X
 _10854_/X
 _10855_/X
 _10856_/Y
 _10857_/X
 _10858_/Y
 _10859_/Y
 _10860_/X
 _10861_/Y
 _10862_/Y
 _10863_/Y
 _10864_/X
 _10865_/X
 _10866_/Y
 _10867_/Y
 _10868_/Y
 _10869_/X
 _10870_/X
 _10871_/Y
 _10872_/Y
 _10873_/X
 _10874_/Y
 _10875_/X
 _10876_/Y
 _10877_/Y
 _10878_/Y
 _10879_/Y
 _10880_/Y
 _10881_/Y
 _10882_/X
 _10883_/Y
 _10884_/X
 _10885_/Y
 _10886_/X
 _10887_/Y
 _10888_/X
 _10889_/Y
 _10890_/Y
 _10891_/Y
 _10892_/X
 _10893_/Y
 _10894_/X
 _10895_/X
 _10896_/Y
 _10897_/X
 _10898_/Y
 _10899_/X
 _10900_/Y
 _10901_/X
 _10902_/X
 _10903_/Y
 _10904_/X
 _10905_/X
 _10906_/X
 _10907_/X
 _10908_/Y
 _10909_/X
 _10910_/Y
 _10911_/X
 _10912_/Y
 _10913_/X
 _10914_/X
 _10915_/Y
 _10916_/X
 _10917_/X
 _10918_/X
 _10919_/Y
 _10920_/Y
 _10921_/Y
 _10922_/Y
 _10923_/X
 _10924_/X
 _10925_/X
 _10926_/X
 _10927_/Y
 _10928_/X
 _10929_/Y
 _10930_/Y
 _10931_/Y
 _10932_/X
 _10933_/X
 _10934_/Y
 _10935_/X
 _10936_/Y
 _10937_/Y
 _10938_/X
 _10939_/Y
 _10940_/Y
 _10941_/X
 _10942_/Y
 _10943_/X
 _10944_/X
 _10945_/Y
 _10946_/Y
 _10947_/Y
 _10948_/Y
 _10949_/Y
 _10950_/Y
 _10951_/X
 _10952_/X
 _10953_/Y
 _10954_/X
 _10955_/Y
 _10956_/Y
 _10957_/Y
 _10958_/Y
 _10959_/X
 _10960_/X
 _10961_/Y
 _10962_/Y
 _10963_/X
 _10964_/Y
 _10965_/X
 _10966_/Y
 _10967_/X
 _10968_/Y
 _10969_/Y
 _10970_/X
 _10971_/Y
 _10972_/X
 _10973_/X
 _10974_/X
 _10975_/X
 _10976_/Y
 _10977_/Y
 _10978_/X
 _10979_/X
 _10980_/X
 _10981_/Y
 _10982_/X
 _10983_/Y
 _10984_/X
 _10985_/X
 _10986_/Y
 _10987_/X
 _10988_/X
 _10989_/Y
 _10990_/Y
 _10991_/Y
 _10992_/X
 _10993_/X
 _10994_/X
 _10995_/X
 _10996_/Y
 _10997_/X
 _10998_/X
 _10999_/Y
 _11000_/X
 _11001_/Y
 _11002_/Y
 _11003_/Y
 _11004_/Y
 _11005_/Y
 _11006_/Y
 _11007_/Y
 _11008_/Y
 _11009_/X
 _11010_/Y
 _11011_/Y
 _11012_/Y
 _11013_/Y
 _11014_/X
 _11015_/X
 _11016_/Y
 _11017_/Y
 _11018_/Y
 _11019_/X
 _11020_/Y
 _11021_/Y
 _11022_/X
 _11023_/Y
 _11024_/Y
 _11025_/X
 _11026_/Y
 _11027_/Y
 _11028_/Y
 _11029_/X
 _11030_/Y
 _11031_/Y
 _11032_/Y
 _11033_/Y
 _11034_/X
 _11035_/Y
 _11036_/Y
 _11037_/X
 _11038_/Y
 _11039_/X
 _11040_/Y
 _11041_/X
 _11042_/Y
 _11043_/Y
 _11044_/Y
 _11045_/Y
 _11046_/Y
 _11047_/Y
 _11048_/X
 _11049_/Y
 _11050_/X
 _11051_/X
 _11052_/X
 _11053_/Y
 _11054_/X
 _11055_/Y
 _11056_/X
 _11057_/Y
 _11058_/Y
 _11059_/X
 _11060_/Y
 _11061_/X
 _11062_/X
 _11063_/Y
 _11064_/X
 _11065_/Y
 _11066_/Y
 _11067_/Y
 _11068_/Y
 _11069_/Y
 _11070_/Y
 _11071_/X
 _11072_/X
 _11073_/X
 _11074_/Y
 _11075_/X
 _11076_/Y
 _11077_/Y
 _11078_/Y
 _11079_/Y
 _11080_/X
 _11081_/X
 _11082_/Y
 _11083_/Y
 _11084_/X
 _11085_/Y
 _11086_/X
 _11087_/Y
 _11088_/Y
 _11089_/X
 _11090_/X
 _11091_/X
 _11092_/Y
 _11093_/Y
 _11094_/X
 _11095_/X
 _11096_/X
 _11097_/Y
 _11098_/Y
 _11099_/X
 _11100_/Y
 _11101_/Y
 _11102_/X
 _11103_/Y
 _11104_/Y
 _11105_/X
 _11106_/X
 _11107_/X
 _11108_/X
 _11109_/X
 _11110_/Y
 _11111_/X
 _11112_/X
 _11113_/X
 _11114_/Y
 _11115_/Y
 _11116_/X
 _11117_/Y
 _11118_/X
 _11119_/Y
 _11120_/Y
 _11121_/Y
 _11122_/X
 _11123_/Y
 _11124_/Y
 _11125_/Y
 _11126_/Y
 _11127_/X
 _11128_/Y
 _11129_/X
 _11130_/Y
 _11131_/Y
 _11132_/X
 _11133_/Y
 _11134_/X
 _11135_/Y
 _11136_/Y
 _11137_/Y
 _11138_/Y
 _11139_/Y
 _11140_/X
 _11141_/Y
 _11142_/Y
 _11143_/Y
 _11144_/Y
 _11145_/X
 _11146_/Y
 _11147_/Y
 _11148_/X
 _11149_/Y
 _11150_/Y
 _11151_/X
 _11152_/Y
 _11153_/X
 _11154_/Y
 _11155_/X
 _11156_/Y
 _11157_/Y
 _11158_/Y
 _11159_/Y
 _11160_/Y
 _11161_/X
 _11162_/Y
 _11163_/Y
 _11164_/X
 _11165_/X
 _11166_/X
 _11167_/X
 _11168_/X
 _11169_/X
 _11170_/Y
 _11171_/X
 _11172_/X
 _11173_/Y
 _11174_/X
 _11175_/Y
 _11176_/Y
 _11177_/X
 _11178_/Y
 _11179_/Y
 _11180_/Y
 _11181_/X
 _11182_/X
 _11183_/X
 _11184_/X
 _11185_/X
 _11186_/Y
 _11187_/Y
 _11188_/Y
 _11189_/X
 _11190_/Y
 _11191_/Y
 _11192_/X
 _11193_/Y
 _11194_/Y
 _11195_/X
 _11196_/X
 _11197_/X
 _11198_/X
 _11199_/X
 _11200_/Y
 _11201_/Y
 _11202_/Y
 _11203_/Y
 _11204_/Y
 _11205_/Y
 _11206_/X
 _11207_/Y
 _11208_/X
 _11209_/X
 _11210_/X
 _11211_/Y
 _11212_/X
 _11213_/X
 _11214_/Y
 _11215_/X
 _11216_/X
 _11217_/Y
 _11218_/Y
 _11219_/X
 _11220_/X
 _11221_/Y
 _11222_/X
 _11223_/X
 _11224_/X
 _11225_/X
 _11226_/Y
 _11227_/X
 _11228_/X
 _11229_/X
 _11230_/Y
 _11231_/Y
 _11232_/X
 _11233_/Y
 _11234_/X
 _11235_/Y
 _11236_/Y
 _11237_/Y
 _11238_/X
 _11239_/Y
 _11240_/Y
 _11241_/Y
 _11242_/Y
 _11243_/X
 _11244_/Y
 _11245_/X
 _11246_/Y
 _11247_/Y
 _11248_/X
 _11249_/Y
 _11250_/X
 _11251_/Y
 _11252_/Y
 _11253_/Y
 _11254_/Y
 _11255_/X
 _11256_/X
 _11257_/Y
 _11258_/Y
 _11259_/Y
 _11260_/Y
 _11261_/X
 _11262_/X
 _11263_/X
 _11264_/Y
 _11265_/Y
 _11266_/X
 _11267_/Y
 _11268_/X
 _11269_/Y
 _11270_/Y
 _11271_/Y
 _11272_/Y
 _11273_/Y
 _11274_/X
 _11275_/Y
 _11276_/Y
 _11277_/X
 _11278_/X
 _11279_/X
 _11280_/Y
 _11281_/Y
 _11282_/X
 _11283_/Y
 _11284_/Y
 _11285_/X
 _11286_/Y
 _11287_/X
 _11288_/Y
 _11289_/X
 _11290_/X
 _11291_/X
 _11292_/Y
 _11293_/Y
 _11294_/X
 _11295_/Y
 _11296_/X
 _11297_/Y
 _11298_/X
 _11299_/Y
 _11300_/X
 _11301_/Y
 _11302_/X
 _11303_/Y
 _11304_/Y
 _11305_/Y
 _11306_/X
 _11307_/Y
 _11308_/X
 _11309_/X
 _11310_/Y
 _11311_/X
 _11312_/X
 _11313_/Y
 _11314_/X
 _11315_/X
 _11316_/Y
 _11317_/Y
 _11318_/X
 _11319_/X
 _11320_/Y
 _11321_/X
 _11322_/X
 _11323_/X
 _11324_/X
 _11325_/Y
 _11326_/X
 _11327_/X
 _11328_/X
 _11329_/Y
 _11330_/Y
 _11331_/X
 _11332_/Y
 _11333_/X
 _11334_/Y
 _11335_/Y
 _11336_/Y
 _11337_/X
 _11338_/Y
 _11339_/Y
 _11340_/Y
 _11341_/Y
 _11342_/X
 _11343_/Y
 _11344_/X
 _11345_/Y
 _11346_/Y
 _11347_/X
 _11348_/Y
 _11349_/X
 _11350_/Y
 _11351_/Y
 _11352_/Y
 _11353_/Y
 _11354_/X
 _11355_/X
 _11356_/Y
 _11357_/Y
 _11358_/Y
 _11359_/Y
 _11360_/X
 _11361_/X
 _11362_/Y
 _11363_/Y
 _11364_/Y
 _11365_/X
 _11366_/X
 _11367_/X
 _11368_/Y
 _11369_/Y
 _11370_/Y
 _11371_/Y
 _11372_/X
 _11373_/Y
 _11374_/Y
 _11375_/Y
 _11376_/X
 _11377_/X
 _11378_/X
 _11379_/Y
 _11380_/X
 _11381_/Y
 _11382_/Y
 _11383_/X
 _11384_/Y
 _11385_/X
 _11386_/Y
 _11387_/X
 _11388_/Y
 _11389_/X
 _11390_/Y
 _11391_/X
 _11392_/Y
 _11393_/Y
 _11394_/Y
 _11395_/Y
 _11396_/X
 _11397_/Y
 _11398_/X
 _11399_/Y
 _11400_/X
 _11401_/Y
 _11402_/X
 _11403_/Y
 _11404_/Y
 _11405_/X
 _11406_/X
 _11407_/X
 _11408_/X
 _11409_/X
 _11410_/Y
 _11411_/X
 _11412_/X
 _11413_/Y
 _11414_/Y
 _11415_/Y
 _11416_/Y
 _11417_/Y
 _11418_/X
 _11419_/Y
 _11420_/X
 _11421_/X
 _11422_/X
 _11423_/Y
 _11424_/Y
 _11425_/X
 _11426_/X
 _11427_/Y
 _11428_/Y
 _11429_/X
 _11430_/Y
 _11431_/X
 _11432_/Y
 _11433_/X
 _11434_/Y
 _11435_/Y
 _11436_/Y
 _11437_/Y
 _11438_/X
 _11439_/Y
 _11440_/X
 _11441_/Y
 _11442_/Y
 _11443_/X
 _11444_/Y
 _11445_/X
 _11446_/Y
 _11447_/Y
 _11448_/Y
 _11449_/Y
 _11450_/Y
 _11451_/Y
 _11452_/X
 _11453_/X
 _11454_/Y
 _11455_/Y
 _11456_/Y
 _11457_/Y
 _11458_/X
 _11459_/X
 _11460_/Y
 _11461_/Y
 _11462_/Y
 _11463_/Y
 _11464_/Y
 _11465_/Y
 _11466_/X
 _11467_/Y
 _11468_/Y
 _11469_/Y
 _11470_/X
 _11471_/Y
 _11472_/X
 _11473_/Y
 _11474_/X
 _11475_/Y
 _11476_/Y
 _11477_/X
 _11478_/Y
 _11479_/X
 _11480_/Y
 _11481_/X
 _11482_/X
 _11483_/X
 _11484_/X
 _11485_/Y
 _11486_/X
 _11487_/X
 _11488_/X
 _11489_/X
 _11490_/Y
 _11491_/Y
 _11492_/Y
 _11493_/X
 _11494_/X
 _11495_/Y
 _11496_/X
 _11497_/X
 _11498_/Y
 _11499_/Y
 _11500_/Y
 _11501_/Y
 _11502_/X
 _11503_/Y
 _11504_/Y
 _11505_/X
 _11506_/Y
 _11507_/X
 _11508_/X
 _11509_/Y
 _11510_/Y
 _11511_/X
 _11512_/X
 _11513_/Y
 _11514_/Y
 _11515_/X
 _11516_/Y
 _11517_/Y
 _11518_/Y
 _11519_/X
 _11520_/X
 _11521_/Y
 _11522_/X
 _11523_/Y
 _11524_/Y
 _11525_/X
 _11526_/Y
 _11527_/Y
 _11528_/X
 _11529_/Y
 _11530_/Y
 _11531_/Y
 _11532_/Y
 _11533_/X
 _11534_/Y
 _11535_/X
 _11536_/Y
 _11537_/Y
 _11538_/X
 _11539_/X
 _11540_/X
 _11541_/Y
 _11542_/Y
 _11543_/Y
 _11544_/Y
 _11545_/Y
 _11546_/X
 _11547_/Y
 _11548_/Y
 _11549_/Y
 _11550_/Y
 _11551_/Y
 _11552_/Y
 _11553_/Y
 _11554_/Y
 _11555_/Y
 _11556_/Y
 _11557_/Y
 _11558_/Y
 _11559_/Y
 _11560_/X
 _11561_/Y
 _11562_/Y
 _11563_/Y
 _11564_/X
 _11565_/Y
 _11566_/Y
 _11567_/Y
 _11568_/X
 _11569_/X
 _11570_/X
 _11571_/X
 _11572_/X
 _11573_/Y
 _11574_/Y
 _11575_/X
 _11576_/Y
 _11577_/X
 _11578_/Y
 _11579_/Y
 _11580_/X
 _11581_/X
 _11582_/Y
 _11583_/Y
 _11584_/Y
 _11585_/Y
 _11586_/Y
 _11587_/Y
 _11588_/Y
 _11589_/Y
 _11590_/Y
 _11591_/Y
 _11592_/X
 _11593_/X
 _11594_/Y
 _11595_/Y
 _11596_/X
 _11597_/Y
 _11598_/Y
 _11599_/X
 _11600_/Y
 _11601_/Y
 _11602_/X
 _11603_/Y
 _11604_/Y
 _11605_/X
 _11606_/X
 _11607_/Y
 _11608_/Y
 _11609_/X
 _11610_/X
 _11611_/Y
 _11612_/X
 _11613_/X
 _11614_/Y
 _11615_/Y
 _11616_/X
 _11617_/X
 _11618_/Y
 _11619_/Y
 _11620_/Y
 _11621_/X
 _11622_/Y
 _11623_/Y
 _11624_/Y
 _11625_/Y
 _11626_/X
 _11627_/Y
 _11628_/X
 _11629_/Y
 _11630_/Y
 _11631_/X
 _11632_/X
 _11633_/X
 _11634_/Y
 _11635_/Y
 _11636_/X
 _11637_/Y
 _11638_/X
 _11639_/X
 _11640_/X
 _11641_/Y
 _11642_/Y
 _11643_/Y
 _11644_/X
 _11645_/Y
 _11646_/X
 _11647_/X
 _11648_/Y
 _11649_/X
 _11650_/Y
 _11651_/Y
 _11652_/Y
 _11653_/X
 _11654_/Y
 _11655_/Y
 _11656_/Y
 _11657_/X
 _11658_/Y
 _11659_/X
 _11660_/Y
 _11661_/Y
 _11662_/X
 _11663_/X
 _11664_/X
 _11665_/Y
 _11666_/X
 _11667_/X
 _11668_/Y
 _11669_/Y
 _11670_/Y
 _11671_/Y
 _11672_/Y
 _11673_/X
 _11674_/Y
 _11675_/Y
 _11676_/Y
 _11677_/X
 _11678_/Y
 _11679_/X
 _11680_/Y
 _11681_/X
 _11682_/X
 _11683_/Y
 _11684_/X
 _11685_/X
 _11686_/X
 _11687_/Y
 _11688_/X
 _11689_/Y
 _11690_/X
 _11691_/Y
 _11692_/Y
 _11693_/Y
 _11694_/X
 _11695_/X
 _11696_/Y
 _11697_/X
 _11698_/Y
 _11699_/Y
 _11700_/X
 _11701_/X
 _11702_/Y
 _11703_/X
 _11704_/Y
 _11705_/Y
 _11706_/Y
 _11707_/Y
 _11708_/X
 _11709_/Y
 _11710_/X
 _11711_/Y
 _11712_/Y
 _11713_/X
 _11714_/Y
 _11715_/X
 _11716_/Y
 _11717_/Y
 _11718_/Y
 _11719_/X
 _11720_/X
 _11721_/X
 _11722_/Y
 _11723_/Y
 _11724_/Y
 _11725_/Y
 _11726_/X
 _11727_/X
 _11728_/Y
 _11729_/Y
 _11730_/X
 _11731_/Y
 _11732_/Y
 _11733_/Y
 _11734_/X
 _11735_/Y
 _11736_/Y
 _11737_/Y
 _11738_/X
 _11739_/Y
 _11740_/Y
 _11741_/X
 _11742_/Y
 _11743_/Y
 _11744_/X
 _11745_/X
 _11746_/X
 _11747_/Y
 _11748_/X
 _11749_/X
 _11750_/X
 _11751_/X
 _11752_/X
 _11753_/X
 _11754_/Y
 _11755_/X
 _11756_/Y
 _11757_/X
 _11758_/Y
 _11759_/Y
 _11760_/Y
 _11761_/X
 _11762_/Y
 _11763_/Y
 _11764_/X
 _11765_/Y
 _11766_/Y
 _11767_/Y
 _11768_/X
 _11769_/Y
 _11770_/Y
 _11771_/X
 _11772_/Y
 _11773_/X
 _11774_/Y
 _11775_/Y
 _11776_/Y
 _11777_/X
 _11778_/Y
 _11779_/Y
 _11780_/Y
 _11781_/X
 _11782_/X
 _11783_/Y
 _11784_/Y
 _11785_/X
 _11786_/Y
 _11787_/Y
 _11788_/X
 _11789_/Y
 _11790_/Y
 _11791_/Y
 _11792_/Y
 _11793_/X
 _11794_/Y
 _11795_/X
 _11796_/Y
 _11797_/Y
 _11798_/X
 _11799_/Y
 _11800_/X
 _11801_/Y
 _11802_/Y
 _11803_/Y
 _11804_/Y
 _11805_/X
 _11806_/Y
 _11807_/Y
 _11808_/Y
 _11809_/Y
 _11810_/Y
 _11811_/X
 _11812_/Y
 _11813_/Y
 _11814_/X
 _11815_/Y
 _11816_/Y
 _11817_/Y
 _11818_/Y
 _11819_/X
 _11820_/Y
 _11821_/Y
 _11822_/Y
 _11823_/X
 _11824_/Y
 _11825_/Y
 _11826_/Y
 _11827_/Y
 _11828_/X
 _11829_/X
 _11830_/X
 _11831_/X
 _11832_/Y
 _11833_/X
 _11834_/Y
 _11835_/Y
 _11836_/X
 _11837_/Y
 _11838_/Y
 _11839_/X
 _11840_/Y
 _11841_/Y
 _11842_/X
 _11843_/X
 _11844_/Y
 _11845_/Y
 _11846_/X
 _11847_/Y
 _11848_/X
 _11849_/Y
 _11850_/X
 _11851_/Y
 _11852_/Y
 _11853_/X
 _11854_/Y
 _11855_/X
 _11856_/Y
 _11857_/X
 _11858_/X
 _11859_/Y
 _11860_/X
 _11861_/Y
 _11862_/X
 _11863_/Y
 _11864_/Y
 _11865_/Y
 _11866_/X
 _11867_/Y
 _11868_/Y
 _11869_/Y
 _11870_/Y
 _11871_/X
 _11872_/Y
 _11873_/X
 _11874_/Y
 _11875_/Y
 _11876_/X
 _11877_/Y
 _11878_/X
 _11879_/Y
 _11880_/Y
 _11881_/Y
 _11882_/Y
 _11883_/X
 _11884_/X
 _11885_/Y
 _11886_/Y
 _11887_/X
 _11888_/X
 _11889_/Y
 _11890_/Y
 _11891_/Y
 _11892_/X
 _11893_/Y
 _11894_/X
 _11895_/Y
 _11896_/X
 _11897_/X
 _11898_/Y
 _11899_/Y
 _11900_/X
 _11901_/X
 _11902_/Y
 _11903_/Y
 _11904_/Y
 _11905_/Y
 _11906_/Y
 _11907_/X
 _11908_/X
 _11909_/X
 _11910_/X
 _11911_/X
 _11912_/Y
 _11913_/X
 _11914_/Y
 _11915_/Y
 _11916_/X
 _11917_/Y
 _11918_/X
 _11919_/Y
 _11920_/Y
 _11921_/X
 _11922_/Y
 _11923_/Y
 _11924_/X
 _11925_/Y
 _11926_/Y
 _11927_/Y
 _11928_/X
 _11929_/X
 _11930_/X
 _11931_/X
 _11932_/Y
 _11933_/X
 _11934_/Y
 _11935_/X
 _11936_/Y
 _11937_/Y
 _11938_/X
 _11939_/Y
 _11940_/Y
 _11941_/X
 _11942_/Y
 _11943_/X
 _11944_/X
 _11945_/Y
 _11946_/Y
 _11947_/Y
 _11948_/Y
 _11949_/Y
 _11950_/X
 _11951_/Y
 _11952_/X
 _11953_/Y
 _11954_/Y
 _11955_/X
 _11956_/X
 _11957_/X
 _11958_/Y
 _11959_/Y
 _11960_/Y
 _11961_/Y
 _11962_/Y
 _11963_/Y
 _11964_/X
 _11965_/X
 _11966_/Y
 _11967_/X
 _11968_/Y
 _11969_/X
 _11970_/Y
 _11971_/Y
 _11972_/Y
 _11973_/Y
 _11974_/X
 _11975_/Y
 _11976_/X
 _11977_/Y
 _11978_/X
 _11979_/X
 _11980_/Y
 _11981_/Y
 _11982_/Y
 _11983_/X
 _11984_/Y
 _11985_/Y
 _11986_/X
 _11987_/Y
 _11988_/X
 _11989_/Y
 _11990_/X
 _11991_/X
 _11992_/Y
 _11993_/X
 _11994_/Y
 _11995_/Y
 _11996_/X
 _11997_/Y
 _11998_/Y
 _11999_/X
 _12000_/Y
 _12001_/Y
 _12002_/X
 _12003_/X
 _12004_/X
 _12005_/Y
 _12006_/Y
 _12007_/Y
 _12008_/X
 _12009_/X
 _12010_/X
 _12011_/Y
 _12012_/X
 _12013_/Y
 _12014_/X
 _12015_/X
 _12016_/Y
 _12017_/Y
 _12018_/X
 _12019_/Y
 _12020_/Y
 _12021_/Y
 _12022_/Y
 _12023_/Y
 _12024_/X
 _12025_/Y
 _12026_/X
 _12027_/Y
 _12028_/Y
 _12029_/X
 _12030_/X
 _12031_/X
 _12032_/Y
 _12033_/Y
 _12034_/X
 _12035_/Y
 _12036_/X
 _12037_/Y
 _12038_/X
 _12039_/Y
 _12040_/Y
 _12041_/Y
 _12042_/X
 _12043_/Y
 _12044_/Y
 _12045_/Y
 _12046_/X
 _12047_/Y
 _12048_/X
 _12049_/Y
 _12050_/X
 _12051_/X
 _12052_/Y
 _12053_/X
 _12054_/Y
 _12055_/Y
 _12056_/X
 _12057_/Y
 _12058_/Y
 _12059_/Y
 _12060_/Y
 _12061_/Y
 _12062_/X
 _12063_/Y
 _12064_/X
 _12065_/Y
 _12066_/X
 _12067_/Y
 _12068_/X
 _12069_/Y
 _12070_/X
 _12071_/Y
 _12072_/Y
 _12073_/X
 _12074_/Y
 _12075_/Y
 _12076_/X
 _12077_/Y
 _12078_/Y
 _12079_/X
 _12080_/X
 _12081_/X
 _12082_/Y
 _12083_/Y
 _12084_/Y
 _12085_/Y
 _12086_/X
 _12087_/X
 _12088_/Y
 _12089_/Y
 _12090_/Y
 _12091_/Y
 _12092_/X
 _12093_/Y
 _12094_/Y
 _12095_/Y
 _12096_/Y
 _12097_/X
 _12098_/Y
 _12099_/X
 _12100_/Y
 _12101_/Y
 _12102_/X
 _12103_/X
 _12104_/X
 _12105_/X
 _12106_/Y
 _12107_/X
 _12108_/Y
 _12109_/Y
 _12110_/X
 _12111_/Y
 _12112_/Y
 _12113_/X
 _12114_/Y
 _12115_/X
 _12116_/Y
 _12117_/Y
 _12118_/Y
 _12119_/X
 _12120_/Y
 _12121_/X
 _12122_/Y
 _12123_/X
 _12124_/X
 _12125_/Y
 _12126_/Y
 _12127_/Y
 _12128_/X
 _12129_/Y
 _12130_/X
 _12131_/Y
 _12132_/X
 _12133_/X
 _12134_/Y
 _12135_/Y
 _12136_/X
 _12137_/Y
 _12138_/X
 _12139_/Y
 _12140_/Y
 _12141_/X
 _12142_/Y
 _12143_/Y
 _12144_/X
 _12145_/Y
 _12146_/Y
 _12147_/Y
 _12148_/Y
 _12149_/X
 _12150_/Y
 _12151_/Y
 _12152_/X
 _12153_/Y
 _12154_/X
 _12155_/X
 _12156_/Y
 _12157_/Y
 _12158_/X
 _12159_/X
 _12160_/X
 _12161_/X
 _12162_/Y
 _12163_/X
 _12164_/Y
 _12165_/X
 _12166_/Y
 _12167_/Y
 _12168_/X
 _12169_/X
 _12170_/X
 _12171_/Y
 _12172_/Y
 _12173_/X
 _12174_/Y
 _12175_/X
 _12176_/Y
 _12177_/Y
 _12178_/Y
 _12179_/Y
 _12180_/X
 _12181_/X
 _12182_/Y
 _12183_/Y
 _12184_/Y
 _12185_/X
 _12186_/Y
 _12187_/X
 _12188_/Y
 _12189_/X
 _12190_/X
 _12191_/Y
 _12192_/X
 _12193_/Y
 _12194_/Y
 _12195_/X
 _12196_/Y
 _12197_/Y
 _12198_/Y
 _12199_/X
 _12200_/Y
 _12201_/X
 _12202_/X
 _12203_/X
 _12204_/X
 _12205_/X
 _12206_/Y
 _12207_/Y
 _12208_/X
 _12209_/Y
 _12210_/X
 _12211_/Y
 _12212_/Y
 _12213_/X
 _12214_/Y
 _12215_/Y
 _12216_/X
 _12217_/Y
 _12218_/Y
 _12219_/X
 _12220_/X
 _12221_/Y
 _12222_/Y
 _12223_/Y
 _12224_/X
 _12225_/Y
 _12226_/X
 _12227_/X
 _12228_/Y
 _12229_/X
 _12230_/Y
 _12231_/X
 _12232_/Y
 _12233_/Y
 _12234_/Y
 _12235_/X
 _12236_/X
 _12237_/X
 _12238_/Y
 _12239_/Y
 _12240_/Y
 _12241_/Y
 _12242_/X
 _12243_/X
 _12244_/Y
 _12245_/Y
 _12246_/Y
 _12247_/X
 _12248_/X
 _12249_/Y
 _12250_/Y
 _12251_/Y
 _12252_/X
 _12253_/Y
 _12254_/X
 _12255_/Y
 _12256_/X
 _12257_/X
 _12258_/Y
 _12259_/X
 _12260_/Y
 _12261_/Y
 _12262_/X
 _12263_/Y
 _12264_/Y
 _12265_/X
 _12266_/Y
 _12267_/Y
 _12268_/Y
 _12269_/Y
 _12270_/X
 _12271_/X
 _12272_/Y
 _12273_/X
 _12274_/Y
 _12275_/Y
 _12276_/X
 _12277_/Y
 _12278_/Y
 _12279_/X
 _12280_/Y
 _12281_/Y
 _12282_/X
 _12283_/Y
 _12284_/X
 _12285_/Y
 _12286_/X
 _12287_/Y
 _12288_/X
 _12289_/Y
 _12290_/Y
 _12291_/X
 _12292_/Y
 _12293_/X
 _12294_/Y
 _12295_/Y
 _12296_/Y
 _12297_/X
 _12298_/X
 _12299_/X
 _12300_/Y
 _12301_/Y
 _12302_/X
 _12303_/Y
 _12304_/X
 _12305_/X
 _12306_/X
 _12307_/Y
 _12308_/Y
 _12309_/X
 _12310_/Y
 _12311_/Y
 _12312_/X
 _12313_/Y
 _12314_/Y
 _12315_/X
 _12316_/Y
 _12317_/X
 _12318_/Y
 _12319_/Y
 _12320_/X
 _12321_/Y
 _12322_/X
 _12323_/Y
 _12324_/Y
 _12325_/X
 _12326_/Y
 _12327_/Y
 _12328_/X
 _12329_/Y
 _12330_/X
 _12331_/X
 _12332_/X
 _12333_/X
 _12334_/X
 _12335_/Y
 _12336_/X
 _12337_/Y
 _12338_/Y
 _12339_/X
 _12340_/Y
 _12341_/X
 _12342_/Y
 _12343_/Y
 _12344_/X
 _12345_/Y
 _12346_/Y
 _12347_/X
 _12348_/Y
 _12349_/Y
 _12350_/Y
 _12351_/X
 _12352_/Y
 _12353_/Y
 _12354_/Y
 _12355_/X
 _12356_/X
 _12357_/Y
 _12358_/X
 _12359_/Y
 _12360_/X
 _12361_/Y
 _12362_/X
 _12363_/Y
 _12364_/Y
 _12365_/Y
 _12366_/Y
 _12367_/X
 _12368_/X
 _12369_/X
 _12370_/Y
 _12371_/Y
 _12372_/Y
 _12373_/X
 _12374_/X
 _12375_/Y
 _12376_/X
 _12377_/Y
 _12378_/Y
 _12379_/Y
 _12380_/X
 _12381_/X
 _12382_/X
 _12383_/Y
 _12384_/X
 _12385_/Y
 _12386_/X
 _12387_/X
 _12388_/X
 _12389_/Y
 _12390_/Y
 _12391_/X
 _12392_/Y
 _12393_/X
 _12394_/X
 _12395_/Y
 _12396_/X
 _12397_/Y
 _12398_/X
 _12399_/Y
 _12400_/X
 _12401_/Y
 _12402_/Y
 _12403_/X
 _12404_/Y
 _12405_/Y
 _12406_/X
 _12407_/Y
 _12408_/Y
 _12409_/Y
 _12410_/X
 _12411_/X
 _12412_/Y
 _12413_/X
 _12414_/Y
 _12415_/X
 _12416_/Y
 _12417_/X
 _12418_/X
 _12419_/Y
 _12420_/Y
 _12421_/Y
 _12422_/X
 _12423_/Y
 _12424_/Y
 _12425_/Y
 _12426_/Y
 _12427_/Y
 _12428_/X
 _12429_/X
 _12430_/X
 _12431_/Y
 _12432_/X
 _12433_/X
 _12434_/X
 _12435_/Y
 _12436_/Y
 _12437_/Y
 _12438_/Y
 _12439_/X
 _12440_/Y
 _12441_/Y
 _12442_/X
 _12443_/X
 _12444_/Y
 _12445_/Y
 _12446_/X
 _12447_/X
 _12448_/X
 _12449_/X
 _12450_/X
 _12451_/X
 _12452_/Y
 _12453_/Y
 _12454_/X
 _12455_/Y
 _12456_/X
 _12457_/Y
 _12458_/Y
 _12459_/Y
 _12460_/X
 _12461_/X
 _12462_/X
 _12463_/X
 _12464_/Y
 _12465_/Y
 _12466_/X
 _12467_/Y
 _12468_/X
 _12469_/X
 _12470_/X
 _12471_/X
 _12472_/Y
 _12473_/Y
 _12474_/X
 _12475_/Y
 _12476_/X
 _12477_/Y
 _12478_/X
 _12479_/X
 _12480_/Y
 _12481_/Y
 _12482_/Y
 _12483_/Y
 _12484_/X
 _12485_/Y
 _12486_/Y
 _12487_/Y
 _12488_/Y
 _12489_/Y
 _12490_/Y
 _12491_/Y
 _12492_/Y
 _12493_/X
 _12494_/Y
 _12495_/X
 _12496_/Y
 _12497_/Y
 _12498_/Y
 _12499_/X
 _12500_/X
 _12501_/Y
 _12502_/X
 _12503_/X
 _12504_/X
 _12505_/Y
 _12506_/X
 _12507_/Y
 _12508_/X
 _12509_/Y
 _12510_/Y
 _12511_/X
 _12512_/X
 _12513_/Y
 _12514_/Y
 _12515_/Y
 _12516_/Y
 _12517_/X
 _12518_/Y
 _12519_/Y
 _12520_/Y
 _12521_/Y
 _12522_/X
 _12523_/Y
 _12524_/X
 _12525_/Y
 _12526_/X
 _12527_/Y
 _12528_/X
 _12529_/Y
 _12530_/X
 _12531_/Y
 _12532_/Y
 _12533_/Y
 _12534_/X
 _12535_/X
 _12536_/X
 _12537_/Y
 _12538_/Y
 _12539_/Y
 _12540_/X
 _12541_/Y
 _12542_/Y
 _12543_/Y
 _12544_/Y
 _12545_/Y
 _12546_/Y
 _12547_/Y
 _12548_/X
 _12549_/Y
 _12550_/X
 _12551_/X
 _12552_/Y
 _12553_/Y
 _12554_/X
 _12555_/X
 _12556_/X
 _12557_/X
 _12558_/X
 _12559_/X
 _12560_/X
 _12561_/X
 _12562_/X
 _12563_/X
 _12564_/X
 _12565_/X
 _12566_/X
 _12567_/X
 _12568_/X
 _12569_/X
 _12570_/X
 _12571_/X
 _12572_/X
 _12573_/X
 _12574_/X
 _12575_/Y
 _12576_/Y
 _12577_/X
 _12578_/X
 _12579_/X
 _12580_/X
 _12581_/X
 _12582_/X
 _12583_/X
 _12584_/X
 _12585_/X
 _12586_/X
 _12587_/X
 _12588_/Y
 _12589_/X
 _12590_/X
 _12591_/X
 _12592_/X
 _12593_/X
 _12594_/X
 _12595_/Y
 _12596_/X
 _12597_/X
 _12598_/X
 _12599_/X
 _12600_/X
 _12601_/Y
 _12602_/X
 _12603_/X
 _12604_/Y
 _12605_/X
 _12606_/X
 _12607_/X
 _12608_/X
 _12609_/X
 _12610_/Y
 _12611_/X
 _12612_/X
 _12613_/Y
 _12614_/Y
 _12615_/X
 _12616_/X
 _12617_/Y
 _12618_/X
 _12619_/X
 _12620_/X
 _12621_/X
 _12622_/X
 _12623_/Y
 _12624_/X
 _12625_/Y
 _12626_/Y
 _12627_/X
 _12628_/Y
 _12629_/Y
 _12630_/X
 _12631_/Y
 _12632_/X
 _12633_/X
 _12634_/X
 _12635_/X
 _12636_/Y
 _12637_/X
 _12638_/X
 _12639_/Y
 _12640_/X
 _12641_/Y
 _12642_/X
 _12643_/X
 _12644_/X
 _12645_/X
 _12646_/X
 _12647_/X
 _12648_/X
 _12649_/X
 _12650_/X
 _12651_/X
 _12652_/X
 _12653_/X
 _12654_/X
 _12655_/X
 _12656_/X
 _12657_/X
 _12658_/X
 _12659_/X
 _12660_/X
 _12661_/X
 _12662_/X
 _12663_/X
 _12664_/X
 _12665_/X
 _12666_/X
 _12667_/X
 _12668_/X
 _12669_/X
 _12670_/X
 _12671_/X
 _12672_/X
 _12673_/X
 _12674_/X
 _12675_/X
 _12676_/X
 _12677_/X
 _12678_/X
 _12679_/X
 _12680_/X
 _12681_/X
 _12682_/X
 _12683_/X
 _12684_/X
 _12685_/X
 _12686_/X
 _12687_/X
 _12688_/X
 _12689_/X
 _12690_/X
 _12691_/X
 _12692_/X
 _12693_/Y
 _12694_/X
 _12695_/X
 _12696_/X
 _12697_/X
 _12698_/X
 _12699_/X
 _12700_/X
 _12701_/X
 _12702_/Y
 _12703_/X
 _12704_/X
 _12705_/X
 _12706_/X
 _12707_/Y
 _12708_/X
 _12709_/X
 _12710_/X
 _12711_/X
 _12712_/X
 _12713_/X
 _12714_/X
 _12715_/X
 _12716_/X
 _12717_/X
 _12718_/X
 _12719_/X
 _12720_/X
 _12721_/X
 _12722_/X
 _12723_/X
 _12724_/X
 _12725_/X
 _12726_/X
 _12727_/X
 _12728_/X
 _12729_/X
 _12730_/X
 _12731_/X
 _12732_/X
 _12733_/X
 _12734_/X
 _12735_/X
 _12736_/X
 _12737_/X
 _12738_/X
 _12739_/X
 _12740_/X
 _12741_/X
 _12742_/X
 _12743_/X
 _12744_/X
 _12745_/X
 _12746_/X
 _12747_/X
 _12748_/X
 _12749_/X
 _12750_/X
 _12751_/X
 _12752_/X
 _12753_/X
 _12754_/X
 _12755_/X
 _12756_/X
 _12757_/X
 _12758_/X
 _12759_/X
 _12760_/X
 _12761_/X
 _12762_/X
 _12763_/Y
 _12764_/Y
 _12765_/Y
 _12766_/Y
 _12767_/Y
 _12768_/Y
 _12769_/Y
 _12770_/Y
 _12771_/Y
 _12772_/Y
 _12773_/X
 _12774_/X
 _12775_/Y
 _12776_/Y
 _12777_/Y
 _12778_/Y
 _12779_/X
 _12780_/X
 _12781_/Y
 _12782_/Y
 _12783_/Y
 _12784_/Y
 _12785_/X
 _12786_/X
 _12787_/Y
 _12788_/Y
 _12789_/Y
 _12790_/Y
 _12791_/X
 _12792_/X
 _12793_/Y
 _12794_/Y
 _12795_/Y
 _12796_/Y
 _12797_/X
 _12798_/X
 _12799_/Y
 _12800_/Y
 _12801_/Y
 _12802_/Y
 _12803_/X
 _12804_/X
 _12805_/X
 _12806_/X
 _12807_/X
 _12808_/X
 _12809_/X
 _12810_/X
 _12811_/X
 _12812_/X
 _12813_/X
 _12814_/X
 _12815_/X
 _12816_/X
 _12817_/X
 _12818_/X
 _12819_/X
 _12820_/X
 _12821_/X
 _12822_/X
 _12823_/X
 _12824_/X
 _12825_/X
 _12826_/X
 _12827_/X
 _12828_/X
 _12829_/X
 _12830_/X
 _12831_/X
 _12832_/X
 _12833_/X
 _12834_/X
 _12835_/X
 _12836_/Y
 _12837_/X
 _12838_/X
 _12839_/X
 _12840_/Y
 _12841_/X
 _12842_/X
 _12843_/X
 _12844_/X
 _12845_/X
 _12846_/X
 _12847_/X
 _12848_/X
 _12849_/Y
 _12850_/X
 _12851_/Y
 _12852_/Y
 _12853_/X
 _12854_/X
 _12855_/X
 _12856_/X
 _12857_/X
 _12858_/X
 _12859_/X
 _12860_/X
 _12861_/X
 _12862_/X
 _12863_/X
 _12864_/X
 _12865_/X
 _12866_/X
 _12867_/X
 _12868_/X
 _12869_/X
 _12870_/X
 _12871_/X
 _12872_/X
 _12873_/X
 _12874_/X
 _12875_/X
 _12876_/X
 _12877_/Y
 _12878_/Y
 _12879_/Y
 _12880_/X
 _12881_/X
 _12882_/X
 _12883_/X
 _12884_/X
 _12885_/X
 _12886_/X
 _12887_/X
 _12888_/X
 _12889_/X
 _12890_/X
 _12891_/X
 _12892_/X
 _12893_/X
 _12894_/X
 _12895_/X
 _12896_/X
 _12897_/X
 _12898_/X
 _12899_/X
 _12900_/X
 _12901_/X
 _12902_/X
 _12903_/Y
 _12904_/X
 _12905_/X
 _12906_/X
 _12907_/Y
 _12908_/X
 _12909_/X
 _12910_/Y
 _12911_/X
 _12912_/Y
 _12913_/Y
 _12914_/Y
 _12915_/X
 _12916_/X
 _12917_/Y
 _12918_/Y
 _12919_/Y
 _12920_/X
 _12921_/X
 _12922_/X
 _12923_/Y
 _12924_/X
 _12925_/Y
 _12926_/Y
 _12927_/X
 _12928_/X
 _12929_/Y
 _12930_/X
 _12931_/Y
 _12932_/Y
 _12933_/X
 _12934_/X
 _12935_/X
 _12936_/Y
 _12937_/Y
 _12938_/Y
 _12939_/X
 _12940_/Y
 _12941_/X
 _12942_/Y
 _12943_/X
 _12944_/X
 _12945_/Y
 _12946_/X
 _12947_/Y
 _12948_/X
 _12949_/Y
 _12950_/X
 _12951_/Y
 _12952_/X
 _12953_/Y
 _12954_/X
 _12955_/X
 _12956_/X
 _12957_/Y
 _12958_/X
 _12959_/Y
 _12960_/Y
 _12961_/X
 _12962_/Y
 _12963_/Y
 _12964_/Y
 _12965_/Y
 _12966_/Y
 _12967_/Y
 _12968_/X
 _12969_/X
 _12970_/Y
 _12971_/Y
 _12972_/X
 _12973_/Y
 _12974_/Y
 _12975_/X
 _12976_/X
 _12977_/X
 _12978_/Y
 _12979_/Y
 _12980_/X
 _12981_/Y
 _12982_/X
 _12983_/X
 _12984_/X
 _12985_/X
 _12986_/X
 _12987_/X
 _12988_/X
 _12989_/X
 _12990_/X
 _12991_/X
 _12992_/X
 _12993_/X
 _12994_/X
 _12995_/X
 _12996_/X
 _12997_/X
 _12998_/X
 _12999_/X
 _13000_/X
 _13001_/X
 _13002_/X
 _13003_/X
 _13004_/X
 _13005_/X
 _13006_/X
 _13007_/X
 _13008_/X
 _13009_/X
 _13010_/X
 _13011_/X
 _13012_/X
 _13013_/X
 _13014_/X
 _13015_/X
 _13016_/Y
 _13017_/X
 _13018_/X
 _13019_/X
 _13020_/X
 _13021_/X
 _13022_/X
 _13023_/X
 _13024_/X
 _13025_/X
 _13026_/X
 _13027_/Y
 _13028_/Y
 _13029_/Y
 _13030_/X
 _13031_/Q
 _13032_/Q
 _13033_/Q
 _13034_/Q
 _13035_/Q
 _13036_/Q
 _13037_/Q
 _13038_/Q
 _13039_/Q
 _13040_/Q
 _13041_/Q
 _13042_/Q
 _13043_/Q
 _13044_/Q
 _13045_/Q
 _13046_/Q
 _13047_/Q
 _13048_/Q
 _13049_/Q
 _13050_/Q
 _13051_/Q
 _13052_/Q
 _13053_/Q
 _13054_/Q
 _13055_/Q
 _13056_/Q
 _13057_/Q
 _13058_/Q
 _13059_/Q
 _13060_/Q
 _13061_/Q
 _13062_/Q
 _13063_/Q
 _13064_/Q
 _13065_/Q
 _13066_/Q
 _13067_/Q
 _13068_/Q
 _13069_/Q
 _13070_/Q
 _13071_/Q
 _13072_/Q
 _13073_/Q
 _13074_/Q
 _13075_/Q
 _13076_/Q
 _13077_/Q
 _13078_/Q
 _13079_/Q
 _13080_/Q
 _13081_/Q
 _13082_/Q
 _13083_/Q
 _13084_/Q
 _13085_/Q
 _13086_/Q
 _13087_/Q
 _13088_/Q
 _13089_/Q
 _13090_/Q
 _13091_/Q
 _13092_/Q
 _13093_/Q
 _13094_/Q
 _13095_/Q
 _13096_/Q
 _13097_/Q
 _13098_/Q
 _13099_/Q
 _13100_/Q
 _13101_/Q
 _13102_/Q
 _13103_/Q
 _13104_/Q
 _13105_/Q
 _13106_/Q
 _13107_/Q
 _13108_/Q
 _13109_/Q
 _13110_/Q
 _13111_/Q
 _13112_/Q
 _13113_/Q
 _13114_/Q
 _13115_/Q
 _13116_/Q
 _13117_/Q
 _13118_/Q
 _13119_/Q
 _13120_/Q
 _13121_/Q
 _13122_/Q
 _13123_/Q
 _13124_/Q
 _13125_/Q
 _13126_/Q
 _13127_/Q
 _13128_/Q
 _13129_/Q
 _13130_/Q
 _13131_/Q
 _13132_/Q
 _13133_/Q
 _13134_/Q
 _13135_/Q
 _13136_/Q
 _13137_/Q
 _13138_/Q
 _13139_/Q
 _13140_/Q
 _13141_/Q
 _13142_/Q
 _13143_/Q
 _13144_/Q
 _13145_/Q
 _13146_/Q
 _13147_/Q
 _13148_/Q
 _13149_/Q
 _13150_/Q
 _13151_/Q
 _13152_/Q
 _13153_/Q
 _13154_/Q
 _13155_/Q
 _13156_/Q
 _13157_/Q
 _13158_/Q
 _13159_/Q
 _13160_/Q
 _13161_/Q
 _13162_/Q
 _13163_/Q
 _13164_/Q
 _13165_/Q
 _13166_/Q
 _13167_/Q
 _13168_/Q
 _13169_/Q
 _13170_/Q
 _13171_/Q
 _13172_/Q
 _13173_/Q
 _13174_/Q
 _13175_/Q
 _13176_/Q
 _13177_/Q
 _13178_/Q
 _13179_/Q
 _13180_/Q
 _13181_/Q
 _13182_/Q
 _13183_/Q
 _13184_/Q
 _13185_/Q
 _13186_/Q
 _13187_/Q
 _13188_/Q
 _13189_/Q
 _13190_/Q
 _13191_/Q
 _13192_/Q
 _13193_/Q
 _13194_/Q
 _13195_/Q
 _13196_/Q
 _13197_/Q
 _13198_/Q
 _13199_/Q
 _13200_/Q
 _13201_/Q
 _13202_/Q
 _13203_/Q
 _13204_/Q
 _13205_/Q
 _13206_/Q
 _13207_/Q
 _13208_/Q
 _13209_/Q
 _13210_/Q
 _13211_/Q
 _13212_/Q
 _13213_/Q
 _13214_/Q
 _13215_/Q
 _13216_/Q
 _13217_/Q
 _13218_/Q
 _13219_/Q
 _13220_/Q
 _13221_/Q
 _13222_/Q
 _13223_/Q
 _13224_/Q
 _13225_/Q
 _13226_/Q
 _13227_/Q
 _13228_/Q
 _13229_/Q
 _13230_/Q
 _13231_/Q
 _13232_/Q
 _13233_/Q
 _13234_/Q
 _13235_/Q
 _13236_/Q
 _13237_/Q
 _13238_/Q
 _13239_/Q
 _13240_/Q
 _13241_/Q
 _13242_/Q
 _13243_/Q
 _13244_/Q
 _13245_/Q
 _13246_/Q
 _13247_/Q
 _13248_/Q
 _13249_/Q
 _13250_/Q
 _13251_/Q
 _13252_/Q
 _13253_/Q
 _13254_/Q
 _13255_/Q
 _13256_/Q
 _13257_/Q
 _13258_/Q
 _13259_/Q
 _13260_/Q
 _13261_/Q
 _13262_/Q
 _13263_/Q
 _13264_/Q
 _13265_/Q
 _13266_/Q
 _13267_/Q
 _13268_/Q
 _13269_/Q
 _13270_/Q
 _13271_/Q
 _13272_/Q
 _13273_/Q
 _13274_/Q
 _13275_/Q
 _13276_/Q
 _13277_/Q
 _13278_/Q
 _13279_/Q
 _13280_/Q
 _13281_/Q
 _13282_/Q
 _13283_/Q
 _13284_/Q
 _13285_/Q
 _13286_/Q
 _13287_/Q
 _13288_/Q
 _13289_/Q
 _13290_/Q
 _13291_/Q
 _13292_/Q
 _13293_/Q
 _13294_/Q
 _13295_/Q
 _13296_/Q
 _13297_/Q
 _13298_/Q
 _13299_/Q
 _13300_/Q
 _13301_/Q
 _13302_/Q
 _13303_/Q
 _13304_/Q
 _13305_/Q
 _13306_/Q
 _13307_/Q
 _13308_/Q
 _13309_/Q
 _13310_/Q
 _13311_/Q
 _13312_/Q
 _13313_/Q
 _13314_/Q
 _13315_/Q
 _13316_/Q
 _13317_/Q
 _13318_/Q
 _13319_/Q
 _13320_/Q
 _13321_/Q
 _13322_/Q
 _13323_/Q
 _13324_/Q
 _13325_/Q
 _13326_/Q
 _13327_/Q
 _13328_/Q
 _13329_/Q
 _13330_/Q
 _13331_/Q
 _13332_/Q
 _13333_/Q
 _13334_/Q
 _13335_/Q
 _13336_/Q
 _13337_/Q
 _13338_/Q
 _13339_/Q
 _13340_/Q
 _13341_/Q
 _13342_/Q
 _13343_/Q
 _13344_/Q
 _13345_/Q
 _13346_/Q
 _13347_/Q
 _13348_/Q
 _13349_/Q
 _13350_/Q
 _13351_/Q
 _13352_/Q
 _13353_/Q
 _13354_/Q
 _13355_/Q
 _13356_/Q
 _13357_/Q
 _13358_/Q
 _13359_/Q
 _13360_/Q
 _13361_/Q
 _13362_/Q
 _13363_/Q
 _13364_/Q
 _13365_/Q
 _13366_/Q
 _13367_/Q
 _13368_/Q
 _13369_/Q
 _13370_/Q
 _13371_/Q
 _13372_/Q
 _13373_/Q
 _13374_/Q
 _13375_/Q
 _13376_/Q
 _13377_/Q
 _13378_/Q
 _13379_/Q
 _13380_/Q
 _13381_/Q
 _13382_/Q
 _13383_/Q
 _13384_/Q
 _13385_/Q
 _13386_/Q
 _13387_/Q
 _13388_/Q
 _13389_/Q
 _13390_/Q
 _13391_/Q
 _13392_/Q
 _13393_/Q
 _13394_/Q
 _13395_/Q
 _13396_/Q
 _13397_/Q
 _13398_/Q
 _13399_/Q
 _13400_/Q
 _13401_/Q
 _13402_/Q
 _13403_/Q
 _13404_/Q
 _13405_/Q
 _13406_/Q
 _13407_/Q
 _13408_/Q
 _13409_/Q
 _13410_/Q
 _13411_/Q
 _13412_/Q
 _13413_/Q
 _13414_/Q
 _13415_/Q
 _13416_/Q
 _13417_/Q
 _13418_/Q
 _13419_/Q
 _13420_/Q
 _13421_/Q
 _13422_/Q
 _13423_/Q
 _13424_/Q
 _13425_/Q
 _13426_/Q
 _13427_/Q
 _13428_/Q
 _13429_/Q
 _13430_/Q
 _13431_/Q
 _13432_/Q
 _13433_/Q
 _13434_/Q
 _13435_/Q
 _13436_/Q
 _13437_/Q
 _13438_/Q
 _13439_/Q
 _13440_/Q
 _13441_/Q
 _13442_/Q
 _13443_/Q
 _13444_/Q
 _13445_/Q
 _13446_/Q
 _13447_/Q
 _13448_/Q
 _13449_/Q
 _13450_/Q
 _13451_/Q
 _13452_/Q
 _13453_/Q
 _13454_/Q
 _13455_/Q
 _13456_/Q
 _13457_/Q
 _13458_/Q
 _13459_/Q
 _13460_/Q
 _13461_/Q
 _13462_/Q
 _13463_/Q
 _13464_/Q
 _13465_/Q
 _13466_/Q
 _13467_/Q
 _13468_/Q
 _13469_/Q
 _13470_/Q
 _13471_/Q
 _13472_/Q
 _13473_/Q
 _13474_/Q
 _13475_/Q
 _13476_/Q
 _13477_/Q
 _13478_/Q
 _13479_/Q
 _13480_/Q
 _13481_/Q
 _13482_/Q
 _13483_/Q
 _13484_/Q
 _13485_/Q
 _13486_/Q
 _13487_/Q
 _13488_/Q
 _13489_/Q
 _13490_/Q
 _13491_/Q
 _13492_/Q
 _13493_/Q
 _13494_/Q
 _13495_/Q
 _13496_/Q
 _13497_/Q
 _13498_/Q
 _13499_/Q
 _13500_/Q
 _13501_/Q
 _13502_/Q
 _13503_/Q
 _13504_/Q
 _13505_/Q
 _13506_/Q
 _13507_/Q
 _13508_/Q
 _13509_/Q
 _13510_/Q
 _13511_/Q
 _13512_/Q
 _13513_/Q
 _13514_/Q
 _13515_/Q
 _13516_/Q
 _13517_/Q
 _13518_/Q
 _13519_/Q
 _13520_/Q
 _13521_/Q
 _13522_/Q
 _13523_/Q
 _13524_/Q
 _13525_/Q
 _13526_/Q
 _13527_/Q
 _13528_/Q
 _13529_/Q
 _13530_/Q
 _13531_/Q
 _13532_/Q
 _13533_/Q
 _13534_/Q
 _13535_/Q
 _13536_/Q
 _13537_/Q
 _13538_/Q
 _13539_/Q
 _13540_/Q
 _13541_/Q
 _13542_/Q
 _13543_/Q
 _13544_/Q
 _13545_/Q
 _13546_/Q
 _13547_/Q
 _13548_/Q
 _13549_/Q
 _13550_/Q
 _13551_/Q
 _13552_/Q
 _13553_/Q
 _13554_/Q
 _13555_/Q
 _13556_/Q
 _13557_/Q
 _13558_/Q
 _13559_/Q
 _13560_/Q
 _13561_/Q
 _13562_/Q
 _13563_/Q
 _13564_/Q
 _13565_/Q
 _13566_/Q
 _13567_/Q
 _13568_/Q
 _13569_/Q
 _13570_/Q
 _13571_/Q
 _13572_/Q
 _13573_/Q
 _13574_/Q
 _13575_/Q
 _13576_/Q
 _13577_/Q
 _13578_/Q
 _13579_/Q
 _13580_/Q
 _13581_/Q
 _13582_/Q
 _13583_/Q
 _13584_/Q
 _13585_/Q
 _13586_/Q
 _13587_/Q
 _13588_/Q
 _13589_/Q
 _13590_/Q
 _13591_/Q
 _13592_/Q
 _13593_/Q
 _13594_/Q
 _13595_/Q
 _13596_/Q
 _13597_/Q
 _13598_/Q
 _13599_/Q
 _13600_/Q
 _13601_/Q
 _13602_/Q
 _13603_/Q
 _13604_/Q
 _13605_/Q
 _13606_/Q
 _13607_/Q
 _13608_/Q
 _13609_/Q
 _13610_/Q
 _13611_/Q
 _13612_/Q
 _13613_/Q
 _13614_/Q
 _13615_/Q
 _13616_/Q
 _13617_/Q
 _13618_/Q
 _13619_/Q
 _13620_/Q
 _13621_/Q
 _13622_/Q
 _13623_/Q
 _13624_/Q
 _13625_/Q
 _13626_/Q
 _13627_/Q
 _13628_/Q
 _13629_/Q
 _13630_/Q
 _13631_/Q
 _13632_/Q
 _13633_/Q
 _13634_/Q
 _13635_/Q
 _13636_/Q
 _13637_/Q
 _13638_/Q
 _13639_/Q
 _13640_/Q
 _13641_/Q
 _13642_/Q
 _13643_/Q
 _13644_/Q
 _13645_/Q
 _13646_/Q
 _13647_/Q
 _13648_/Q
 _13649_/Q
 _13650_/Q
 _13651_/Q
 _13652_/Q
 _13653_/Q
 _13654_/Q
 _13655_/Q
 _13656_/Q
 _13657_/Q
 _13658_/Q
 _13659_/Q
 _13660_/Q
 _13661_/Q
 _13662_/Q
 _13663_/Q
 _13664_/Q
 _13665_/Q
 _13666_/Q
 _13667_/Q
 _13668_/Q
 _13669_/Q
 _13670_/Q
 _13671_/Q
 _13672_/Q
 _13673_/Q
 _13674_/Q
 _13675_/Q
 _13676_/Q
 _13677_/Q
 _13678_/Q
 _13679_/Q
 _13680_/Q
 _13681_/Q
 _13682_/Q
 _13683_/Q
 _13684_/Q
 _13685_/Q
 _13686_/Q
 _13687_/Q
 _13688_/Q
 _13689_/Q
 _13690_/Q
 _13691_/Q
 _13692_/Q
 _13693_/Q
 _13694_/Q
 _13695_/Q
 _13696_/Q
 _13697_/Q
 _13698_/Q
 _13699_/Q
 _13700_/Q
 _13701_/Q
 _13702_/Q
 _13703_/Q
 _13704_/Q
 _13705_/Q
 _13706_/Q
 _13707_/Q
 _13708_/Q
 _13709_/Q
 _13710_/Q
 _13711_/Q
 _13712_/Q
 _13713_/Q
 _13714_/Q
 _13715_/Q
 _13716_/Q
 _13717_/Q
 _13718_/Q
 _13719_/Q
 _13720_/Q
 _13721_/Q
 _13722_/Q
 _13723_/Q
 _13724_/Q
 _13725_/Q
 _13726_/Q
 _13727_/Q
 _13728_/Q
 _13729_/Q
 _13730_/Q
 _13731_/Q
 _13732_/Q
 _13733_/Q
 _13734_/Q
 _13735_/Q
 _13736_/Q
 _13737_/Q
 _13738_/Q
 _13739_/Q
 _13740_/Q
 _13741_/Q
 _13742_/Q
 _13743_/Q
 _13744_/Q
 _13745_/Q
 _13746_/Q
 _13747_/Q
 _13748_/Q
 _13749_/Q
 _13750_/Q
 _13751_/Q
 _13752_/Q
 _13753_/Q
 _13754_/Q
 _13755_/Q
 _13756_/Q
 _13757_/Q
 _13758_/Q
 _13759_/Q
 _13760_/Q
 _13761_/Q
 _13762_/Q
 _13763_/Q
 _13764_/Q
 _13765_/Q
 _13766_/Q
 _13767_/Q
 _13768_/Q
 _13769_/Q
 _13770_/Q
 _13771_/Q
 _13772_/Q
 _13773_/Q
 _13774_/Q
 _13775_/Q
 _13776_/Q
 _13777_/Q
 _13778_/Q
 _13779_/Q
 _13780_/Q
 _13781_/Q
 _13782_/Q
 _13783_/Q
 _13784_/Q
 _13785_/Q
 _13786_/Q
 _13787_/Q
 _13788_/Q
 _13789_/Q
 _13790_/Q
 _13791_/Q
 _13792_/Q
 _13793_/Q
 _13794_/Q
 _13795_/Q
 _13796_/Q
 _13797_/Q
 _13798_/Q
 _13799_/Q
 _13800_/Q
 _13801_/Q
 _13802_/Q
 _13803_/Q
 _13804_/Q
 _13805_/Q
 _13806_/Q
 _13807_/Q
 _13808_/Q
 _13809_/Q
 _13810_/Q
 _13811_/Q
 _13812_/Q
 _13813_/Q
 _13814_/Q
 _13815_/Q
 _13816_/Q
 _13817_/Q
 _13818_/Q
 _13819_/Q
 _13820_/Q
 _13821_/Q
 _13822_/Q
 _13823_/Q
 _13824_/Q
 _13825_/Q
 _13826_/Q
 _13827_/Q
 _13828_/Q
 _13829_/Q
 _13830_/Q
 _13831_/Q
 _13832_/Q
 _13833_/Q
 _13834_/Q
 _13835_/Q
 _13836_/Q
 _13837_/Q
 _13838_/Q
 _13839_/Q
 _13840_/Q
 _13841_/Q
 _13842_/Q
 _13843_/Q
 _13844_/Q
 _13845_/Q
 _13846_/Q
 _13847_/Q
 _13848_/Q
 _13849_/Q
 _13850_/Q
 _13851_/Q
 _13852_/Q
 _13853_/Q
 _13854_/Q
 _13855_/Q
 _13856_/Q
 _13857_/Q
 _13858_/Q
 _13859_/Q
 _13860_/Q
 _13861_/Q
 _13862_/Q
 _13863_/Q
 _13864_/Q
 _13865_/Q
 _13866_/Q
 _13867_/Q
 _13868_/Q
 _13869_/Q
 _13870_/Q
 _13871_/Q
 _13872_/Q
 _13873_/Q
 _13874_/Q
 _13875_/Q
 _13876_/Q
 _13877_/Q
 _13878_/Q
 _13879_/Q
 _13880_/Q
 _13881_/Q
 _13882_/Q
 _13883_/Q
 _13884_/Q
 _13885_/Q
 _13886_/Q
 _13887_/Q
 _13888_/Q
 _13889_/Q
 _13890_/Q
 _13891_/Q
 _13892_/Q
 _13893_/Q
 _13894_/Q
 _13895_/Q
 _13896_/Q
 _13897_/Q
 _13898_/Q
 _13899_/Q
 _13900_/Q
 _13901_/Q
 _13902_/Q
 _13903_/Q
 _13904_/Q
 _13905_/Q
 _13906_/Q
 _13907_/Q
 _13908_/Q
 _13909_/Q
 _13910_/Q
 _13911_/Q
 _13912_/Q
 _13913_/Q
 _13914_/Q
 _13915_/Q
 _13916_/Q
 _13917_/Q
 _13918_/Q
 _13919_/Q
 _13920_/Q
 _13921_/Q
 _13922_/Q
 _13923_/Q
 _13924_/Q
 _13925_/Q
 _13926_/Q
 _13927_/Q
 _13928_/Q
 _13929_/Q
 _13930_/Q
 _13931_/Q
 _13932_/Q
 _13933_/Q
 _13934_/Q
 _13935_/Q
 _13936_/Q
 _13937_/Q
 _13938_/Q
 _13939_/Q
 _13940_/Q
 _13941_/Q
 _13942_/Q
 _13943_/Q
 _13944_/Q
 _13945_/Q
 _13946_/Q
 _13947_/Q
 _13948_/Q
 _13949_/Q
 _13950_/Q
 _13951_/Q
 _13952_/Q
 _13953_/Q
 _13954_/Q
 _13955_/Q
 _13956_/Q
 _13957_/Q
 _13958_/Q
 _13959_/Q
 _13960_/Q
 _13961_/Q
 _13962_/Q
 _13963_/Q
 _13964_/Q
 _13965_/Q
 _13966_/Q
 _13967_/Q
 _13968_/Q
 _13969_/Q
 _13970_/Q
 _13971_/Q
 _13972_/Q
 _13973_/Q
 _13974_/Q
 _13975_/Q
 _13976_/Q
 _13977_/Q
 _13978_/Q
 _13979_/Q
 _13980_/Q
 _13981_/Q
 _13982_/Q
 _13983_/Q
 _13984_/Q
 _13985_/Q
 _13986_/Q
 _13987_/Q
 _13988_/Q
 _13989_/Q
 _13990_/Q
 _13991_/Q
 _13992_/Q
 _13993_/Q
 _13994_/Q
 _13995_/Q
 _13996_/Q
 _13997_/Q
 _13998_/Q
 _13999_/Q
 _14000_/Q
 _14001_/Q
 _14002_/Q
 _14003_/Q
 _14004_/Q
 _14005_/Q
 _14006_/Q
 _14007_/Q
 _14008_/Q
 _14009_/Q
 _14010_/Q
 _14011_/Q
 _14012_/Q
 _14013_/Q
 _14014_/Q
 _14015_/Q
 _14016_/Q
 _14017_/Q
 _14018_/Q
 _14019_/Q
 _14020_/Q
 _14021_/Q
 _14022_/Q
 _14023_/Q
 _14024_/Q
 _14025_/Q
 _14026_/Q
 _14027_/Q
 _14028_/Q
 _14029_/Q
 _14030_/Q
 _14031_/Q
 _14032_/Q
 _14033_/Q
 _14034_/Q
 _14035_/Q
 _14036_/Q
 _14037_/Q
 _14038_/Q
 _14039_/Q
 _14040_/Q
 _14041_/Q
 _14042_/Q
 _14043_/Q
 _14044_/Q
 _14045_/Q
 _14046_/Q
 _14047_/Q
 _14048_/Q
 _14049_/Q
 _14050_/Q
 _14051_/Q
 _14052_/Q
 _14053_/Q
 _14054_/Q
 _14055_/Q
 _14056_/Q
 _14057_/Q
 _14058_/Q
 _14059_/Q
 _14060_/Q
 _14061_/Q
 _14062_/Q
 _14063_/Q
 _14064_/Q
 _14065_/Q
 _14066_/Q
 _14067_/Q
 _14068_/Q
 _14069_/Q
 _14070_/Q
 _14071_/Q
 _14072_/Q
 _14073_/Q
 _14074_/Q
 _14075_/Q
 _14076_/Q
 _14077_/Q
 _14078_/Q
 _14079_/Q
 _14080_/Q
 _14081_/Q
 _14082_/Q
 _14083_/Q
 _14084_/Q
 _14085_/Q
 _14086_/Q
 _14087_/Q
 _14088_/Q
 _14089_/Q
 _14090_/Q
 _14091_/Q
 _14092_/Q
 _14093_/Q
 _14094_/Q
 _14095_/Q
 _14096_/Q
 _14097_/Q
 _14098_/Q
 _14099_/Q
 _14100_/Q
 _14101_/Q
 _14102_/Q
 _14103_/Q
 _14104_/Q
 _14105_/Q
 _14106_/Q
 _14107_/Q
 _14108_/Q
 _14109_/Q
 _14110_/Q
 _14111_/Q
 _14112_/Q
 _14113_/Q
 _14114_/Q
 _14115_/Q
 _14116_/Q
 _14117_/Q
 _14118_/Q
 _14119_/Q
 _14120_/Q
 _14121_/Q
 _14122_/Q
 _14123_/Q
 _14124_/Q
 _14125_/Q
 _14126_/Q
 _14127_/Q
 _14128_/Q
 _14129_/Q
 _14130_/Q
 _14131_/Q
 _14132_/Q
 _14133_/Q
 _14134_/Q
 _14135_/Q
 _14136_/Q
 _14137_/Q
 _14138_/Q
 _14139_/Q
 _14140_/Q
 _14141_/Q
 _14142_/Q
 _14143_/Q
 _14144_/Q
 _14145_/Q
 _14146_/Q
 _14147_/Q
 _14148_/Q
 _14149_/Q
 _14150_/Q
 _14151_/Q
 _14152_/Q
 _14153_/Q
 _14154_/Q
 _14155_/Q
 _14156_/Q
 _14157_/Q
 _14158_/Q
 _14159_/Q
 _14160_/Q
 _14161_/Q
 _14162_/Q
 _14163_/Q
 _14164_/Q
 _14165_/Q
 _14166_/Q
 _14167_/Q
 _14168_/Q
 _14169_/Q
 _14170_/Q
 _14171_/Q
 _14172_/Q
 _14173_/HI
 _14173_/LO
 _14174_/HI
 _14174_/LO
 _14175_/HI
 _14175_/LO
 _14176_/HI
 _14176_/LO
 _14177_/HI
 _14177_/LO
 _14178_/HI
 _14178_/LO
 _14179_/HI
 _14179_/LO
 _14180_/HI
 _14180_/LO
 _14181_/HI
 _14181_/LO
 _14182_/HI
 _14182_/LO
 _14183_/HI
 _14183_/LO
 _14184_/HI
 _14184_/LO
 _14185_/HI
 _14185_/LO
 _14186_/HI
 _14186_/LO
 _14187_/HI
 _14187_/LO
 _14188_/HI
 _14188_/LO
 _14189_/HI
 _14189_/LO
 _14190_/HI
 _14190_/LO
 _14191_/HI
 _14191_/LO
 _14192_/HI
 _14192_/LO
 _14193_/HI
 _14193_/LO
 _14194_/HI
 _14194_/LO
 _14195_/HI
 _14195_/LO
 _14196_/HI
 _14196_/LO
 _14197_/HI
 _14197_/LO
 _14198_/HI
 _14198_/LO
 _14199_/HI
 _14199_/LO
 _14200_/HI
 _14200_/LO
 _14201_/HI
 _14201_/LO
 _14202_/HI
 _14202_/LO
 _14203_/HI
 _14203_/LO
 _14204_/HI
 _14204_/LO
 _14205_/HI
 _14205_/LO
 _14206_/HI
 _14206_/LO
 _14207_/HI
 _14207_/LO
 _14208_/X
Found 0 partially unannotated drivers.

===========================================================================
max slew violation count 1662
max fanout violation count 159
max cap violation count 10
============================================================================

===========================================================================
check_setup -verbose -unconstrained_endpoints -multiple_clock -no_clock -no_input_delay -loops -generated_clocks
===========================================================================
Warning: There are 35 unconstrained endpoints.
  s_axil_bresp[0]
  s_axil_bresp[1]
  s_axil_rdata[10]
  s_axil_rdata[11]
  s_axil_rdata[12]
  s_axil_rdata[13]
  s_axil_rdata[14]
  s_axil_rdata[15]
  s_axil_rdata[16]
  s_axil_rdata[17]
  s_axil_rdata[18]
  s_axil_rdata[19]
  s_axil_rdata[1]
  s_axil_rdata[20]
  s_axil_rdata[21]
  s_axil_rdata[22]
  s_axil_rdata[23]
  s_axil_rdata[24]
  s_axil_rdata[25]
  s_axil_rdata[26]
  s_axil_rdata[27]
  s_axil_rdata[28]
  s_axil_rdata[29]
  s_axil_rdata[2]
  s_axil_rdata[30]
  s_axil_rdata[31]
  s_axil_rdata[3]
  s_axil_rdata[4]
  s_axil_rdata[5]
  s_axil_rdata[6]
  s_axil_rdata[7]
  s_axil_rdata[8]
  s_axil_rdata[9]
  s_axil_rresp[0]
  s_axil_rresp[1]
