
 /----------------------------------------------------------------------------\
 |  yosys -- Yosys Open SYnthesis Suite                                       |
 |  Copyright (C) 2012 - 2024  Claire Xenia Wolf <claire@yosyshq.com>         |
 |  Distributed under an ISC-like license, type "license" to see terms        |
 \----------------------------------------------------------------------------/
 Yosys 0.46 (git sha1 e97731b9dda91fa5fa53ed87df7c34163ba59a41, clang++ 17.0.6 -fPIC -O3)
Loaded SDC plugin

1. Executing Liberty frontend: /home/systemuser/.volare/volare/sky130/versions/0fe599b2afb6708d281543108caf8310912f54af/sky130A/libs.ref/sky130_fd_sc_hd/lib/sky130_fd_sc_hd__tt_025C_1v80.lib
Imported 428 cell types from liberty file.
[INFO] Using SDC file '/home/systemuser/Documents/ECE/510/Project/m3/synth/runs/RUN_2026-05-24_21-40-35/06-yosys-synthesis/synthesis.abc.sdc' for ABC…

2. Executing Verilog-2005 frontend: /home/systemuser/Documents/ECE/510/Project/m3/rtl/top.sv
Parsing SystemVerilog input from `/home/systemuser/Documents/ECE/510/Project/m3/rtl/top.sv' to AST representation.
Storing AST representation for module `$abstract\gelu_top'.
Successfully finished Verilog frontend.

3. Executing Verilog-2005 frontend: /home/systemuser/Documents/ECE/510/Project/m3/rtl/interface.sv
Parsing SystemVerilog input from `/home/systemuser/Documents/ECE/510/Project/m3/rtl/interface.sv' to AST representation.
Storing AST representation for module `$abstract\gelu_axi_stream_interface'.
Successfully finished Verilog frontend.

4. Executing Verilog-2005 frontend: /home/systemuser/Documents/ECE/510/Project/m3/rtl/gelu_fp32.sv
Parsing SystemVerilog input from `/home/systemuser/Documents/ECE/510/Project/m3/rtl/gelu_fp32.sv' to AST representation.
Storing AST representation for module `$abstract\gelu_fp32'.
Successfully finished Verilog frontend.

5. Executing Verilog-2005 frontend: /home/systemuser/Documents/ECE/510/Project/m3/rtl/compute_core.sv
Parsing SystemVerilog input from `/home/systemuser/Documents/ECE/510/Project/m3/rtl/compute_core.sv' to AST representation.
Storing AST representation for module `$abstract\compute_core'.
Successfully finished Verilog frontend.

6. Executing Verilog-2005 frontend: /home/systemuser/Documents/ECE/510/Project/m3/rtl/fp32_to_q16.sv
Parsing SystemVerilog input from `/home/systemuser/Documents/ECE/510/Project/m3/rtl/fp32_to_q16.sv' to AST representation.
Storing AST representation for module `$abstract\fp32_to_q16'.
Successfully finished Verilog frontend.

7. Executing Verilog-2005 frontend: /home/systemuser/Documents/ECE/510/Project/m3/rtl/q16_to_fp32.sv
Parsing SystemVerilog input from `/home/systemuser/Documents/ECE/510/Project/m3/rtl/q16_to_fp32.sv' to AST representation.
Storing AST representation for module `$abstract\q16_to_fp32'.
Successfully finished Verilog frontend.

8. Executing HIERARCHY pass (managing design hierarchy).

9. Executing AST frontend in derive mode using pre-parsed AST for module `\gelu_top'.
Generating RTLIL representation for module `\gelu_top'.

9.1. Analyzing design hierarchy..
Top module:  \gelu_top
Parameter \DATA_WIDTH = 32
Parameter \USER_WIDTH = 1
Parameter \PIPE_DEPTH = 12
Parameter \FIFO_DEPTH = 16

9.2. Executing AST frontend in derive mode using pre-parsed AST for module `\gelu_axi_stream_interface'.
Parameter \DATA_WIDTH = 32
Parameter \USER_WIDTH = 1
Parameter \PIPE_DEPTH = 12
Parameter \FIFO_DEPTH = 16
Generating RTLIL representation for module `$paramod$f23224905eab85962561c710162bfc77f9c3bd30\gelu_axi_stream_interface'.
Warning: Replacing memory \meta_tuser_pipe with list of registers. See /home/systemuser/Documents/ECE/510/Project/m3/rtl/interface.sv:220

9.3. Analyzing design hierarchy..
Top module:  \gelu_top
Used module:     $paramod$f23224905eab85962561c710162bfc77f9c3bd30\gelu_axi_stream_interface

9.4. Executing AST frontend in derive mode using pre-parsed AST for module `\gelu_fp32'.
Generating RTLIL representation for module `\gelu_fp32'.

9.5. Analyzing design hierarchy..
Top module:  \gelu_top
Used module:     $paramod$f23224905eab85962561c710162bfc77f9c3bd30\gelu_axi_stream_interface
Used module:         \gelu_fp32

9.6. Executing AST frontend in derive mode using pre-parsed AST for module `\q16_to_fp32'.
Generating RTLIL representation for module `\q16_to_fp32'.
Parameter \DATA_WIDTH = 32
Parameter \FRAC_BITS = 16
Parameter \PIPE_DEPTH = 4

9.7. Executing AST frontend in derive mode using pre-parsed AST for module `\compute_core'.
Parameter \DATA_WIDTH = 32
Parameter \FRAC_BITS = 16
Parameter \PIPE_DEPTH = 4
Generating RTLIL representation for module `$paramod$f24af84939c09afd46b8f862bcb8298dce9e3aca\compute_core'.

9.8. Executing AST frontend in derive mode using pre-parsed AST for module `\fp32_to_q16'.
Generating RTLIL representation for module `\fp32_to_q16'.

9.9. Analyzing design hierarchy..
Top module:  \gelu_top
Used module:     $paramod$f23224905eab85962561c710162bfc77f9c3bd30\gelu_axi_stream_interface
Used module:         \gelu_fp32
Used module:             \q16_to_fp32
Used module:             $paramod$f24af84939c09afd46b8f862bcb8298dce9e3aca\compute_core
Used module:             \fp32_to_q16

9.10. Analyzing design hierarchy..
Top module:  \gelu_top
Used module:     $paramod$f23224905eab85962561c710162bfc77f9c3bd30\gelu_axi_stream_interface
Used module:         \gelu_fp32
Used module:             \q16_to_fp32
Used module:             $paramod$f24af84939c09afd46b8f862bcb8298dce9e3aca\compute_core
Used module:             \fp32_to_q16
Removing unused module `$abstract\q16_to_fp32'.
Removing unused module `$abstract\fp32_to_q16'.
Removing unused module `$abstract\compute_core'.
Removing unused module `$abstract\gelu_fp32'.
Removing unused module `$abstract\gelu_axi_stream_interface'.
Removing unused module `$abstract\gelu_top'.
Removed 6 unused modules.
Renaming module gelu_top to gelu_top.

10. Generating Graphviz representation of design.
Writing dot description to `/home/systemuser/Documents/ECE/510/Project/m3/synth/runs/RUN_2026-05-24_21-40-35/06-yosys-synthesis/hierarchy.dot'.
Dumping module gelu_top to page 1.

11. Executing TRIBUF pass.

12. Executing HIERARCHY pass (managing design hierarchy).

12.1. Analyzing design hierarchy..
Top module:  \gelu_top
Used module:     $paramod$f23224905eab85962561c710162bfc77f9c3bd30\gelu_axi_stream_interface
Used module:         \gelu_fp32
Used module:             \q16_to_fp32
Used module:             $paramod$f24af84939c09afd46b8f862bcb8298dce9e3aca\compute_core
Used module:             \fp32_to_q16

12.2. Analyzing design hierarchy..
Top module:  \gelu_top
Used module:     $paramod$f23224905eab85962561c710162bfc77f9c3bd30\gelu_axi_stream_interface
Used module:         \gelu_fp32
Used module:             \q16_to_fp32
Used module:             $paramod$f24af84939c09afd46b8f862bcb8298dce9e3aca\compute_core
Used module:             \fp32_to_q16
Removed 0 unused modules.

13. Executing PROC_CLEAN pass (remove empty switches from decision trees).
Cleaned up 0 empty switches.

14. Executing PROC_RMDEAD pass (remove dead branches from decision trees).
Marked 3 switch rules as full_case in process $proc$/home/systemuser/Documents/ECE/510/Project/m3/rtl/compute_core.sv:155$214 in module $paramod$f24af84939c09afd46b8f862bcb8298dce9e3aca\compute_core.
Marked 1 switch rules as full_case in process $proc$/home/systemuser/Documents/ECE/510/Project/m3/rtl/compute_core.sv:137$210 in module $paramod$f24af84939c09afd46b8f862bcb8298dce9e3aca\compute_core.
Marked 1 switch rules as full_case in process $proc$/home/systemuser/Documents/ECE/510/Project/m3/rtl/compute_core.sv:129$209 in module $paramod$f24af84939c09afd46b8f862bcb8298dce9e3aca\compute_core.
Marked 3 switch rules as full_case in process $proc$/home/systemuser/Documents/ECE/510/Project/m3/rtl/q16_to_fp32.sv:147$147 in module q16_to_fp32.
Marked 1 switch rules as full_case in process $proc$/home/systemuser/Documents/ECE/510/Project/m3/rtl/q16_to_fp32.sv:118$141 in module q16_to_fp32.
Marked 11 switch rules as full_case in process $proc$/home/systemuser/Documents/ECE/510/Project/m3/rtl/q16_to_fp32.sv:93$86 in module q16_to_fp32.
Marked 1 switch rules as full_case in process $proc$/home/systemuser/Documents/ECE/510/Project/m3/rtl/q16_to_fp32.sv:70$81 in module q16_to_fp32.
Marked 4 switch rules as full_case in process $proc$/home/systemuser/Documents/ECE/510/Project/m3/rtl/interface.sv:244$45 in module $paramod$f23224905eab85962561c710162bfc77f9c3bd30\gelu_axi_stream_interface.
Marked 1 switch rules as full_case in process $proc$/home/systemuser/Documents/ECE/510/Project/m3/rtl/interface.sv:216$34 in module $paramod$f23224905eab85962561c710162bfc77f9c3bd30\gelu_axi_stream_interface.
Marked 3 switch rules as full_case in process $proc$/home/systemuser/Documents/ECE/510/Project/m3/rtl/interface.sv:153$20 in module $paramod$f23224905eab85962561c710162bfc77f9c3bd30\gelu_axi_stream_interface.
Marked 3 switch rules as full_case in process $proc$/home/systemuser/Documents/ECE/510/Project/m3/rtl/interface.sv:120$8 in module $paramod$f23224905eab85962561c710162bfc77f9c3bd30\gelu_axi_stream_interface.
Marked 3 switch rules as full_case in process $proc$/home/systemuser/Documents/ECE/510/Project/m3/rtl/fp32_to_q16.sv:159$240 in module fp32_to_q16.
Marked 1 switch rules as full_case in process $proc$/home/systemuser/Documents/ECE/510/Project/m3/rtl/fp32_to_q16.sv:120$231 in module fp32_to_q16.
Marked 2 switch rules as full_case in process $proc$/home/systemuser/Documents/ECE/510/Project/m3/rtl/fp32_to_q16.sv:81$220 in module fp32_to_q16.
Marked 1 switch rules as full_case in process $proc$/home/systemuser/Documents/ECE/510/Project/m3/rtl/fp32_to_q16.sv:53$218 in module fp32_to_q16.
Removed a total of 0 dead cases.

15. Executing PROC_PRUNE pass (remove redundant assignments in processes).
Removed 43 redundant assignments.
Promoted 49 assignments to connections.

16. Executing PROC_INIT pass (extract init attributes).

17. Executing PROC_ARST pass (detect async resets in processes).

18. Executing PROC_ROM pass (convert switches to ROMs).
Converted 0 switches.
<suppressed ~44 debug messages>

19. Executing PROC_MUX pass (convert decision trees to multiplexers).
Creating decoders for process `$paramod$f24af84939c09afd46b8f862bcb8298dce9e3aca\compute_core.$proc$/home/systemuser/Documents/ECE/510/Project/m3/rtl/compute_core.sv:155$214'.
     1/2: $0\out[31:0]
     2/2: $0\valid_out[0:0]
Creating decoders for process `$paramod$f24af84939c09afd46b8f862bcb8298dce9e3aca\compute_core.$proc$/home/systemuser/Documents/ECE/510/Project/m3/rtl/compute_core.sv:137$210'.
     1/2: $0\s3_b[31:0]
     2/2: $0\s3_mult[63:0]
Creating decoders for process `$paramod$f24af84939c09afd46b8f862bcb8298dce9e3aca\compute_core.$proc$/home/systemuser/Documents/ECE/510/Project/m3/rtl/compute_core.sv:129$209'.
     1/1: $0\v_pipe[2:0]
Creating decoders for process `$paramod$f24af84939c09afd46b8f862bcb8298dce9e3aca\compute_core.$proc$/home/systemuser/Documents/ECE/510/Project/m3/rtl/compute_core.sv:118$207'.
Creating decoders for process `$paramod$f24af84939c09afd46b8f862bcb8298dce9e3aca\compute_core.$proc$/home/systemuser/Documents/ECE/510/Project/m3/rtl/compute_core.sv:0$206'.
     1/3: $1\comb_t[31:0]
     2/3: $1\comb_b[31:0]
     3/3: $1\comb_m[31:0]
Creating decoders for process `$paramod$f24af84939c09afd46b8f862bcb8298dce9e3aca\compute_core.$proc$/home/systemuser/Documents/ECE/510/Project/m3/rtl/compute_core.sv:57$149'.
Creating decoders for process `\q16_to_fp32.$proc$/home/systemuser/Documents/ECE/510/Project/m3/rtl/q16_to_fp32.sv:147$147'.
     1/2: $0\data_out[31:0]
     2/2: $0\valid_out[0:0]
Creating decoders for process `\q16_to_fp32.$proc$/home/systemuser/Documents/ECE/510/Project/m3/rtl/q16_to_fp32.sv:118$141'.
     1/5: $0\s3_is_zero[0:0]
     2/5: $0\s3_valid[0:0]
     3/5: $0\s3_norm_mag[31:0]
     4/5: $0\s3_exp[7:0]
     5/5: $0\s3_sign[0:0]
Creating decoders for process `\q16_to_fp32.$proc$/home/systemuser/Documents/ECE/510/Project/m3/rtl/q16_to_fp32.sv:93$86'.
     1/40: $6\clz32$func$/home/systemuser/Documents/ECE/510/Project/m3/rtl/q16_to_fp32.sv:107$80.r[0:0]$138
     2/40: $5\clz32$func$/home/systemuser/Documents/ECE/510/Project/m3/rtl/q16_to_fp32.sv:107$80.v[31:0]$134
     3/40: $5\clz32$func$/home/systemuser/Documents/ECE/510/Project/m3/rtl/q16_to_fp32.sv:107$80.r[1:1]$135
     4/40: $4\clz32$func$/home/systemuser/Documents/ECE/510/Project/m3/rtl/q16_to_fp32.sv:107$80.v[31:0]$130
     5/40: $4\clz32$func$/home/systemuser/Documents/ECE/510/Project/m3/rtl/q16_to_fp32.sv:107$80.r[2:2]$131
     6/40: $3\clz32$func$/home/systemuser/Documents/ECE/510/Project/m3/rtl/q16_to_fp32.sv:107$80.v[31:0]$126
     7/40: $3\clz32$func$/home/systemuser/Documents/ECE/510/Project/m3/rtl/q16_to_fp32.sv:107$80.r[3:3]$127
     8/40: $2\clz32$func$/home/systemuser/Documents/ECE/510/Project/m3/rtl/q16_to_fp32.sv:107$80.v[31:0]$122
     9/40: $2\clz32$func$/home/systemuser/Documents/ECE/510/Project/m3/rtl/q16_to_fp32.sv:107$80.r[4:4]$123
    10/40: $6\clz32$func$/home/systemuser/Documents/ECE/510/Project/m3/rtl/q16_to_fp32.sv:102$79.r[0:0]$120
    11/40: $5\clz32$func$/home/systemuser/Documents/ECE/510/Project/m3/rtl/q16_to_fp32.sv:102$79.v[31:0]$116
    12/40: $5\clz32$func$/home/systemuser/Documents/ECE/510/Project/m3/rtl/q16_to_fp32.sv:102$79.r[1:1]$117
    13/40: $4\clz32$func$/home/systemuser/Documents/ECE/510/Project/m3/rtl/q16_to_fp32.sv:102$79.v[31:0]$112
    14/40: $4\clz32$func$/home/systemuser/Documents/ECE/510/Project/m3/rtl/q16_to_fp32.sv:102$79.r[2:2]$113
    15/40: $3\clz32$func$/home/systemuser/Documents/ECE/510/Project/m3/rtl/q16_to_fp32.sv:102$79.v[31:0]$108
    16/40: $3\clz32$func$/home/systemuser/Documents/ECE/510/Project/m3/rtl/q16_to_fp32.sv:102$79.r[3:3]$109
    17/40: $2\clz32$func$/home/systemuser/Documents/ECE/510/Project/m3/rtl/q16_to_fp32.sv:102$79.v[31:0]$104
    18/40: $2\clz32$func$/home/systemuser/Documents/ECE/510/Project/m3/rtl/q16_to_fp32.sv:102$79.r[4:4]$105
    19/40: $1\clz32$func$/home/systemuser/Documents/ECE/510/Project/m3/rtl/q16_to_fp32.sv:107$80.r[4:0]$102 [1]
    20/40: $1\clz32$func$/home/systemuser/Documents/ECE/510/Project/m3/rtl/q16_to_fp32.sv:107$80.r[4:0]$102 [0]
    21/40: $1\clz32$func$/home/systemuser/Documents/ECE/510/Project/m3/rtl/q16_to_fp32.sv:107$80.r[4:0]$102 [2]
    22/40: $1\clz32$func$/home/systemuser/Documents/ECE/510/Project/m3/rtl/q16_to_fp32.sv:107$80.r[4:0]$102 [3]
    23/40: $1\clz32$func$/home/systemuser/Documents/ECE/510/Project/m3/rtl/q16_to_fp32.sv:107$80.r[4:0]$102 [4]
    24/40: $1\clz32$func$/home/systemuser/Documents/ECE/510/Project/m3/rtl/q16_to_fp32.sv:102$79.r[4:0]$98 [0]
    25/40: $1\clz32$func$/home/systemuser/Documents/ECE/510/Project/m3/rtl/q16_to_fp32.sv:102$79.r[4:0]$98 [2]
    26/40: $1\clz32$func$/home/systemuser/Documents/ECE/510/Project/m3/rtl/q16_to_fp32.sv:102$79.r[4:0]$98 [3]
    27/40: $1\clz32$func$/home/systemuser/Documents/ECE/510/Project/m3/rtl/q16_to_fp32.sv:102$79.r[4:0]$98 [4]
    28/40: $0\s2_valid[0:0]
    29/40: $1\clz32$func$/home/systemuser/Documents/ECE/510/Project/m3/rtl/q16_to_fp32.sv:102$79.r[4:0]$98 [1]
    30/40: $1\clz32$func$/home/systemuser/Documents/ECE/510/Project/m3/rtl/q16_to_fp32.sv:107$80.v[31:0]$101
    31/40: $1\clz32$func$/home/systemuser/Documents/ECE/510/Project/m3/rtl/q16_to_fp32.sv:107$80.val[31:0]$100
    32/40: $1\clz32$func$/home/systemuser/Documents/ECE/510/Project/m3/rtl/q16_to_fp32.sv:107$80.$result[4:0]$99
    33/40: $0\s2_is_zero[0:0]
    34/40: $1\clz32$func$/home/systemuser/Documents/ECE/510/Project/m3/rtl/q16_to_fp32.sv:102$79.v[31:0]$97
    35/40: $1\clz32$func$/home/systemuser/Documents/ECE/510/Project/m3/rtl/q16_to_fp32.sv:102$79.val[31:0]$96
    36/40: $1\clz32$func$/home/systemuser/Documents/ECE/510/Project/m3/rtl/q16_to_fp32.sv:102$79.$result[4:0]$95
    37/40: $0\s2_exp[7:0]
    38/40: $0\s2_clz[4:0]
    39/40: $0\s2_mag[31:0]
    40/40: $0\s2_sign[0:0]
Creating decoders for process `\q16_to_fp32.$proc$/home/systemuser/Documents/ECE/510/Project/m3/rtl/q16_to_fp32.sv:70$81'.
     1/4: $0\s1_is_zero[0:0]
     2/4: $0\s1_mag[31:0]
     3/4: $0\s1_sign[0:0]
     4/4: $0\s1_valid[0:0]
Creating decoders for process `$paramod$f23224905eab85962561c710162bfc77f9c3bd30\gelu_axi_stream_interface.$proc$/home/systemuser/Documents/ECE/510/Project/m3/rtl/interface.sv:244$45'.
     1/22: $2$memwr$\fifo_tuser$/home/systemuser/Documents/ECE/510/Project/m3/rtl/interface.sv:254$7_EN[0:0]$72
     2/22: $2$memwr$\fifo_tuser$/home/systemuser/Documents/ECE/510/Project/m3/rtl/interface.sv:254$7_DATA[0:0]$71
     3/22: $2$memwr$\fifo_tuser$/home/systemuser/Documents/ECE/510/Project/m3/rtl/interface.sv:254$7_ADDR[3:0]$70
     4/22: $2$memwr$\fifo_tlast$/home/systemuser/Documents/ECE/510/Project/m3/rtl/interface.sv:253$6_EN[0:0]$69
     5/22: $2$memwr$\fifo_tlast$/home/systemuser/Documents/ECE/510/Project/m3/rtl/interface.sv:253$6_DATA[0:0]$68
     6/22: $2$memwr$\fifo_tlast$/home/systemuser/Documents/ECE/510/Project/m3/rtl/interface.sv:253$6_ADDR[3:0]$67
     7/22: $2$memwr$\fifo_data$/home/systemuser/Documents/ECE/510/Project/m3/rtl/interface.sv:252$5_EN[31:0]$66
     8/22: $2$memwr$\fifo_data$/home/systemuser/Documents/ECE/510/Project/m3/rtl/interface.sv:252$5_DATA[31:0]$65
     9/22: $2$memwr$\fifo_data$/home/systemuser/Documents/ECE/510/Project/m3/rtl/interface.sv:252$5_ADDR[3:0]$64
    10/22: $0\in_flight_count[5:0]
    11/22: $0\fifo_count[5:0]
    12/22: $1$memwr$\fifo_tuser$/home/systemuser/Documents/ECE/510/Project/m3/rtl/interface.sv:254$7_EN[0:0]$63
    13/22: $1$memwr$\fifo_tuser$/home/systemuser/Documents/ECE/510/Project/m3/rtl/interface.sv:254$7_DATA[0:0]$62
    14/22: $1$memwr$\fifo_tuser$/home/systemuser/Documents/ECE/510/Project/m3/rtl/interface.sv:254$7_ADDR[3:0]$61
    15/22: $1$memwr$\fifo_tlast$/home/systemuser/Documents/ECE/510/Project/m3/rtl/interface.sv:253$6_EN[0:0]$60
    16/22: $1$memwr$\fifo_tlast$/home/systemuser/Documents/ECE/510/Project/m3/rtl/interface.sv:253$6_DATA[0:0]$59
    17/22: $1$memwr$\fifo_tlast$/home/systemuser/Documents/ECE/510/Project/m3/rtl/interface.sv:253$6_ADDR[3:0]$58
    18/22: $1$memwr$\fifo_data$/home/systemuser/Documents/ECE/510/Project/m3/rtl/interface.sv:252$5_EN[31:0]$57
    19/22: $1$memwr$\fifo_data$/home/systemuser/Documents/ECE/510/Project/m3/rtl/interface.sv:252$5_DATA[31:0]$56
    20/22: $1$memwr$\fifo_data$/home/systemuser/Documents/ECE/510/Project/m3/rtl/interface.sv:252$5_ADDR[3:0]$55
    21/22: $0\fifo_rd_ptr[3:0]
    22/22: $0\fifo_wr_ptr[3:0]
Creating decoders for process `$paramod$f23224905eab85962561c710162bfc77f9c3bd30\gelu_axi_stream_interface.$proc$/home/systemuser/Documents/ECE/510/Project/m3/rtl/interface.sv:216$34'.
     1/15: $1$fordecl_block$1.i[31:0]$37
     2/15: $0\meta_tuser_pipe[11][0:0]
     3/15: $0\meta_tuser_pipe[10][0:0]
     4/15: $0\meta_tuser_pipe[9][0:0]
     5/15: $0\meta_tuser_pipe[8][0:0]
     6/15: $0\meta_tuser_pipe[7][0:0]
     7/15: $0\meta_tuser_pipe[6][0:0]
     8/15: $0\meta_tuser_pipe[5][0:0]
     9/15: $0\meta_tuser_pipe[4][0:0]
    10/15: $0\meta_tuser_pipe[3][0:0]
    11/15: $0\meta_tuser_pipe[2][0:0]
    12/15: $0\meta_tuser_pipe[1][0:0]
    13/15: $0\meta_tuser_pipe[0][0:0]
    14/15: $0\meta_tlast_pipe[11:0]
    15/15: $1$fordecl_block$3.i[31:0]$38
Creating decoders for process `$paramod$f23224905eab85962561c710162bfc77f9c3bd30\gelu_axi_stream_interface.$proc$/home/systemuser/Documents/ECE/510/Project/m3/rtl/interface.sv:153$20'.
     1/4: $0\s_axil_arready[0:0]
     2/4: $0\s_axil_rvalid[0:0]
     3/4: $0\s_axil_rresp[1:0]
     4/4: $0\s_axil_rdata[31:0]
Creating decoders for process `$paramod$f23224905eab85962561c710162bfc77f9c3bd30\gelu_axi_stream_interface.$proc$/home/systemuser/Documents/ECE/510/Project/m3/rtl/interface.sv:120$8'.
     1/5: $0\s_axil_wready[0:0]
     2/5: $0\s_axil_awready[0:0]
     3/5: $0\pipeline_enable[0:0]
     4/5: $0\s_axil_bvalid[0:0]
     5/5: $0\s_axil_bresp[1:0]
Creating decoders for process `\fp32_to_q16.$proc$/home/systemuser/Documents/ECE/510/Project/m3/rtl/fp32_to_q16.sv:159$240'.
     1/2: $0\data_out[31:0]
     2/2: $0\valid_out[0:0]
Creating decoders for process `\fp32_to_q16.$proc$/home/systemuser/Documents/ECE/510/Project/m3/rtl/fp32_to_q16.sv:120$231'.
     1/8: $0\s3_valid[0:0]
     2/8: $1\shift_out[63:0]
     3/8: $1\shift_in[63:0]
     4/8: $0\s3_frac[31:0]
     5/8: $0\s3_mag[31:0]
     6/8: $0\s3_overflow[0:0]
     7/8: $0\s3_is_zero[0:0]
     8/8: $0\s3_sign[0:0]
Creating decoders for process `\fp32_to_q16.$proc$/home/systemuser/Documents/ECE/510/Project/m3/rtl/fp32_to_q16.sv:81$220'.
     1/7: $0\s2_overflow[0:0]
     2/7: $0\s2_valid[0:0]
     3/7: $1\raw_shift[8:0]
     4/7: $0\s2_shift[5:0]
     5/7: $0\s2_norm_mag[31:0]
     6/7: $0\s2_is_zero[0:0]
     7/7: $0\s2_sign[0:0]
Creating decoders for process `\fp32_to_q16.$proc$/home/systemuser/Documents/ECE/510/Project/m3/rtl/fp32_to_q16.sv:53$218'.
     1/5: $0\s1_is_zero[0:0]
     2/5: $0\s1_mant[22:0]
     3/5: $0\s1_exp[7:0]
     4/5: $0\s1_sign[0:0]
     5/5: $0\s1_valid[0:0]

20. Executing PROC_DLATCH pass (convert process syncs to latches).
No latch inferred for signal `$paramod$f24af84939c09afd46b8f862bcb8298dce9e3aca\compute_core.\comb_m' from process `$paramod$f24af84939c09afd46b8f862bcb8298dce9e3aca\compute_core.$proc$/home/systemuser/Documents/ECE/510/Project/m3/rtl/compute_core.sv:0$206'.
No latch inferred for signal `$paramod$f24af84939c09afd46b8f862bcb8298dce9e3aca\compute_core.\comb_b' from process `$paramod$f24af84939c09afd46b8f862bcb8298dce9e3aca\compute_core.$proc$/home/systemuser/Documents/ECE/510/Project/m3/rtl/compute_core.sv:0$206'.
No latch inferred for signal `$paramod$f24af84939c09afd46b8f862bcb8298dce9e3aca\compute_core.\comb_t' from process `$paramod$f24af84939c09afd46b8f862bcb8298dce9e3aca\compute_core.$proc$/home/systemuser/Documents/ECE/510/Project/m3/rtl/compute_core.sv:0$206'.

21. Executing PROC_DFF pass (convert process syncs to FFs).
Creating register for signal `$paramod$f24af84939c09afd46b8f862bcb8298dce9e3aca\compute_core.\valid_out' using process `$paramod$f24af84939c09afd46b8f862bcb8298dce9e3aca\compute_core.$proc$/home/systemuser/Documents/ECE/510/Project/m3/rtl/compute_core.sv:155$214'.
  created $dff cell `$procdff$830' with positive edge clock.
Creating register for signal `$paramod$f24af84939c09afd46b8f862bcb8298dce9e3aca\compute_core.\out' using process `$paramod$f24af84939c09afd46b8f862bcb8298dce9e3aca\compute_core.$proc$/home/systemuser/Documents/ECE/510/Project/m3/rtl/compute_core.sv:155$214'.
  created $dff cell `$procdff$831' with positive edge clock.
Creating register for signal `$paramod$f24af84939c09afd46b8f862bcb8298dce9e3aca\compute_core.\s3_mult' using process `$paramod$f24af84939c09afd46b8f862bcb8298dce9e3aca\compute_core.$proc$/home/systemuser/Documents/ECE/510/Project/m3/rtl/compute_core.sv:137$210'.
  created $dff cell `$procdff$832' with positive edge clock.
Creating register for signal `$paramod$f24af84939c09afd46b8f862bcb8298dce9e3aca\compute_core.\s3_b' using process `$paramod$f24af84939c09afd46b8f862bcb8298dce9e3aca\compute_core.$proc$/home/systemuser/Documents/ECE/510/Project/m3/rtl/compute_core.sv:137$210'.
  created $dff cell `$procdff$833' with positive edge clock.
Creating register for signal `$paramod$f24af84939c09afd46b8f862bcb8298dce9e3aca\compute_core.\v_pipe' using process `$paramod$f24af84939c09afd46b8f862bcb8298dce9e3aca\compute_core.$proc$/home/systemuser/Documents/ECE/510/Project/m3/rtl/compute_core.sv:129$209'.
  created $dff cell `$procdff$834' with positive edge clock.
Creating register for signal `$paramod$f24af84939c09afd46b8f862bcb8298dce9e3aca\compute_core.\s2_m' using process `$paramod$f24af84939c09afd46b8f862bcb8298dce9e3aca\compute_core.$proc$/home/systemuser/Documents/ECE/510/Project/m3/rtl/compute_core.sv:118$207'.
  created $dff cell `$procdff$835' with positive edge clock.
Creating register for signal `$paramod$f24af84939c09afd46b8f862bcb8298dce9e3aca\compute_core.\s2_b' using process `$paramod$f24af84939c09afd46b8f862bcb8298dce9e3aca\compute_core.$proc$/home/systemuser/Documents/ECE/510/Project/m3/rtl/compute_core.sv:118$207'.
  created $dff cell `$procdff$836' with positive edge clock.
Creating register for signal `$paramod$f24af84939c09afd46b8f862bcb8298dce9e3aca\compute_core.\s2_dx' using process `$paramod$f24af84939c09afd46b8f862bcb8298dce9e3aca\compute_core.$proc$/home/systemuser/Documents/ECE/510/Project/m3/rtl/compute_core.sv:118$207'.
  created $dff cell `$procdff$837' with positive edge clock.
Creating register for signal `$paramod$f24af84939c09afd46b8f862bcb8298dce9e3aca\compute_core.\s1_x' using process `$paramod$f24af84939c09afd46b8f862bcb8298dce9e3aca\compute_core.$proc$/home/systemuser/Documents/ECE/510/Project/m3/rtl/compute_core.sv:57$149'.
  created $dff cell `$procdff$838' with positive edge clock.
Creating register for signal `$paramod$f24af84939c09afd46b8f862bcb8298dce9e3aca\compute_core.\s1_hits [19:0]' using process `$paramod$f24af84939c09afd46b8f862bcb8298dce9e3aca\compute_core.$proc$/home/systemuser/Documents/ECE/510/Project/m3/rtl/compute_core.sv:57$149'.
  created $dff cell `$procdff$839' with positive edge clock.
Creating register for signal `\q16_to_fp32.\valid_out' using process `\q16_to_fp32.$proc$/home/systemuser/Documents/ECE/510/Project/m3/rtl/q16_to_fp32.sv:147$147'.
  created $dff cell `$procdff$840' with positive edge clock.
Creating register for signal `\q16_to_fp32.\data_out' using process `\q16_to_fp32.$proc$/home/systemuser/Documents/ECE/510/Project/m3/rtl/q16_to_fp32.sv:147$147'.
  created $dff cell `$procdff$841' with positive edge clock.
Creating register for signal `\q16_to_fp32.\s3_valid' using process `\q16_to_fp32.$proc$/home/systemuser/Documents/ECE/510/Project/m3/rtl/q16_to_fp32.sv:118$141'.
  created $dff cell `$procdff$842' with positive edge clock.
Creating register for signal `\q16_to_fp32.\s3_sign' using process `\q16_to_fp32.$proc$/home/systemuser/Documents/ECE/510/Project/m3/rtl/q16_to_fp32.sv:118$141'.
  created $dff cell `$procdff$843' with positive edge clock.
Creating register for signal `\q16_to_fp32.\s3_is_zero' using process `\q16_to_fp32.$proc$/home/systemuser/Documents/ECE/510/Project/m3/rtl/q16_to_fp32.sv:118$141'.
  created $dff cell `$procdff$844' with positive edge clock.
Creating register for signal `\q16_to_fp32.\s3_exp' using process `\q16_to_fp32.$proc$/home/systemuser/Documents/ECE/510/Project/m3/rtl/q16_to_fp32.sv:118$141'.
  created $dff cell `$procdff$845' with positive edge clock.
Creating register for signal `\q16_to_fp32.\s3_norm_mag' using process `\q16_to_fp32.$proc$/home/systemuser/Documents/ECE/510/Project/m3/rtl/q16_to_fp32.sv:118$141'.
  created $dff cell `$procdff$846' with positive edge clock.
Creating register for signal `\q16_to_fp32.\s2_valid' using process `\q16_to_fp32.$proc$/home/systemuser/Documents/ECE/510/Project/m3/rtl/q16_to_fp32.sv:93$86'.
  created $dff cell `$procdff$847' with positive edge clock.
Creating register for signal `\q16_to_fp32.\s2_sign' using process `\q16_to_fp32.$proc$/home/systemuser/Documents/ECE/510/Project/m3/rtl/q16_to_fp32.sv:93$86'.
  created $dff cell `$procdff$848' with positive edge clock.
Creating register for signal `\q16_to_fp32.\s2_is_zero' using process `\q16_to_fp32.$proc$/home/systemuser/Documents/ECE/510/Project/m3/rtl/q16_to_fp32.sv:93$86'.
  created $dff cell `$procdff$849' with positive edge clock.
Creating register for signal `\q16_to_fp32.\s2_mag' using process `\q16_to_fp32.$proc$/home/systemuser/Documents/ECE/510/Project/m3/rtl/q16_to_fp32.sv:93$86'.
  created $dff cell `$procdff$850' with positive edge clock.
Creating register for signal `\q16_to_fp32.\s2_clz' using process `\q16_to_fp32.$proc$/home/systemuser/Documents/ECE/510/Project/m3/rtl/q16_to_fp32.sv:93$86'.
  created $dff cell `$procdff$851' with positive edge clock.
Creating register for signal `\q16_to_fp32.\s2_exp' using process `\q16_to_fp32.$proc$/home/systemuser/Documents/ECE/510/Project/m3/rtl/q16_to_fp32.sv:93$86'.
  created $dff cell `$procdff$852' with positive edge clock.
Creating register for signal `\q16_to_fp32.\clz32$func$/home/systemuser/Documents/ECE/510/Project/m3/rtl/q16_to_fp32.sv:102$79.$result' using process `\q16_to_fp32.$proc$/home/systemuser/Documents/ECE/510/Project/m3/rtl/q16_to_fp32.sv:93$86'.
  created $dff cell `$procdff$853' with positive edge clock.
Creating register for signal `\q16_to_fp32.\clz32$func$/home/systemuser/Documents/ECE/510/Project/m3/rtl/q16_to_fp32.sv:102$79.val' using process `\q16_to_fp32.$proc$/home/systemuser/Documents/ECE/510/Project/m3/rtl/q16_to_fp32.sv:93$86'.
  created $dff cell `$procdff$854' with positive edge clock.
Creating register for signal `\q16_to_fp32.\clz32$func$/home/systemuser/Documents/ECE/510/Project/m3/rtl/q16_to_fp32.sv:102$79.v' using process `\q16_to_fp32.$proc$/home/systemuser/Documents/ECE/510/Project/m3/rtl/q16_to_fp32.sv:93$86'.
  created $dff cell `$procdff$855' with positive edge clock.
Creating register for signal `\q16_to_fp32.\clz32$func$/home/systemuser/Documents/ECE/510/Project/m3/rtl/q16_to_fp32.sv:102$79.r' using process `\q16_to_fp32.$proc$/home/systemuser/Documents/ECE/510/Project/m3/rtl/q16_to_fp32.sv:93$86'.
  created $dff cell `$procdff$856' with positive edge clock.
Creating register for signal `\q16_to_fp32.\clz32$func$/home/systemuser/Documents/ECE/510/Project/m3/rtl/q16_to_fp32.sv:107$80.$result' using process `\q16_to_fp32.$proc$/home/systemuser/Documents/ECE/510/Project/m3/rtl/q16_to_fp32.sv:93$86'.
  created $dff cell `$procdff$857' with positive edge clock.
Creating register for signal `\q16_to_fp32.\clz32$func$/home/systemuser/Documents/ECE/510/Project/m3/rtl/q16_to_fp32.sv:107$80.val' using process `\q16_to_fp32.$proc$/home/systemuser/Documents/ECE/510/Project/m3/rtl/q16_to_fp32.sv:93$86'.
  created $dff cell `$procdff$858' with positive edge clock.
Creating register for signal `\q16_to_fp32.\clz32$func$/home/systemuser/Documents/ECE/510/Project/m3/rtl/q16_to_fp32.sv:107$80.v' using process `\q16_to_fp32.$proc$/home/systemuser/Documents/ECE/510/Project/m3/rtl/q16_to_fp32.sv:93$86'.
  created $dff cell `$procdff$859' with positive edge clock.
Creating register for signal `\q16_to_fp32.\clz32$func$/home/systemuser/Documents/ECE/510/Project/m3/rtl/q16_to_fp32.sv:107$80.r' using process `\q16_to_fp32.$proc$/home/systemuser/Documents/ECE/510/Project/m3/rtl/q16_to_fp32.sv:93$86'.
  created $dff cell `$procdff$860' with positive edge clock.
Creating register for signal `\q16_to_fp32.\s1_valid' using process `\q16_to_fp32.$proc$/home/systemuser/Documents/ECE/510/Project/m3/rtl/q16_to_fp32.sv:70$81'.
  created $dff cell `$procdff$861' with positive edge clock.
Creating register for signal `\q16_to_fp32.\s1_sign' using process `\q16_to_fp32.$proc$/home/systemuser/Documents/ECE/510/Project/m3/rtl/q16_to_fp32.sv:70$81'.
  created $dff cell `$procdff$862' with positive edge clock.
Creating register for signal `\q16_to_fp32.\s1_is_zero' using process `\q16_to_fp32.$proc$/home/systemuser/Documents/ECE/510/Project/m3/rtl/q16_to_fp32.sv:70$81'.
  created $dff cell `$procdff$863' with positive edge clock.
Creating register for signal `\q16_to_fp32.\s1_mag' using process `\q16_to_fp32.$proc$/home/systemuser/Documents/ECE/510/Project/m3/rtl/q16_to_fp32.sv:70$81'.
  created $dff cell `$procdff$864' with positive edge clock.
Creating register for signal `$paramod$f23224905eab85962561c710162bfc77f9c3bd30\gelu_axi_stream_interface.\fifo_count' using process `$paramod$f23224905eab85962561c710162bfc77f9c3bd30\gelu_axi_stream_interface.$proc$/home/systemuser/Documents/ECE/510/Project/m3/rtl/interface.sv:244$45'.
  created $dff cell `$procdff$865' with positive edge clock.
Creating register for signal `$paramod$f23224905eab85962561c710162bfc77f9c3bd30\gelu_axi_stream_interface.\in_flight_count' using process `$paramod$f23224905eab85962561c710162bfc77f9c3bd30\gelu_axi_stream_interface.$proc$/home/systemuser/Documents/ECE/510/Project/m3/rtl/interface.sv:244$45'.
  created $dff cell `$procdff$866' with positive edge clock.
Creating register for signal `$paramod$f23224905eab85962561c710162bfc77f9c3bd30\gelu_axi_stream_interface.\fifo_wr_ptr' using process `$paramod$f23224905eab85962561c710162bfc77f9c3bd30\gelu_axi_stream_interface.$proc$/home/systemuser/Documents/ECE/510/Project/m3/rtl/interface.sv:244$45'.
  created $dff cell `$procdff$867' with positive edge clock.
Creating register for signal `$paramod$f23224905eab85962561c710162bfc77f9c3bd30\gelu_axi_stream_interface.\fifo_rd_ptr' using process `$paramod$f23224905eab85962561c710162bfc77f9c3bd30\gelu_axi_stream_interface.$proc$/home/systemuser/Documents/ECE/510/Project/m3/rtl/interface.sv:244$45'.
  created $dff cell `$procdff$868' with positive edge clock.
Creating register for signal `$paramod$f23224905eab85962561c710162bfc77f9c3bd30\gelu_axi_stream_interface.$memwr$\fifo_data$/home/systemuser/Documents/ECE/510/Project/m3/rtl/interface.sv:252$5_ADDR' using process `$paramod$f23224905eab85962561c710162bfc77f9c3bd30\gelu_axi_stream_interface.$proc$/home/systemuser/Documents/ECE/510/Project/m3/rtl/interface.sv:244$45'.
  created $dff cell `$procdff$869' with positive edge clock.
Creating register for signal `$paramod$f23224905eab85962561c710162bfc77f9c3bd30\gelu_axi_stream_interface.$memwr$\fifo_data$/home/systemuser/Documents/ECE/510/Project/m3/rtl/interface.sv:252$5_DATA' using process `$paramod$f23224905eab85962561c710162bfc77f9c3bd30\gelu_axi_stream_interface.$proc$/home/systemuser/Documents/ECE/510/Project/m3/rtl/interface.sv:244$45'.
  created $dff cell `$procdff$870' with positive edge clock.
Creating register for signal `$paramod$f23224905eab85962561c710162bfc77f9c3bd30\gelu_axi_stream_interface.$memwr$\fifo_data$/home/systemuser/Documents/ECE/510/Project/m3/rtl/interface.sv:252$5_EN' using process `$paramod$f23224905eab85962561c710162bfc77f9c3bd30\gelu_axi_stream_interface.$proc$/home/systemuser/Documents/ECE/510/Project/m3/rtl/interface.sv:244$45'.
  created $dff cell `$procdff$871' with positive edge clock.
Creating register for signal `$paramod$f23224905eab85962561c710162bfc77f9c3bd30\gelu_axi_stream_interface.$memwr$\fifo_tlast$/home/systemuser/Documents/ECE/510/Project/m3/rtl/interface.sv:253$6_ADDR' using process `$paramod$f23224905eab85962561c710162bfc77f9c3bd30\gelu_axi_stream_interface.$proc$/home/systemuser/Documents/ECE/510/Project/m3/rtl/interface.sv:244$45'.
  created $dff cell `$procdff$872' with positive edge clock.
Creating register for signal `$paramod$f23224905eab85962561c710162bfc77f9c3bd30\gelu_axi_stream_interface.$memwr$\fifo_tlast$/home/systemuser/Documents/ECE/510/Project/m3/rtl/interface.sv:253$6_DATA' using process `$paramod$f23224905eab85962561c710162bfc77f9c3bd30\gelu_axi_stream_interface.$proc$/home/systemuser/Documents/ECE/510/Project/m3/rtl/interface.sv:244$45'.
  created $dff cell `$procdff$873' with positive edge clock.
Creating register for signal `$paramod$f23224905eab85962561c710162bfc77f9c3bd30\gelu_axi_stream_interface.$memwr$\fifo_tlast$/home/systemuser/Documents/ECE/510/Project/m3/rtl/interface.sv:253$6_EN' using process `$paramod$f23224905eab85962561c710162bfc77f9c3bd30\gelu_axi_stream_interface.$proc$/home/systemuser/Documents/ECE/510/Project/m3/rtl/interface.sv:244$45'.
  created $dff cell `$procdff$874' with positive edge clock.
Creating register for signal `$paramod$f23224905eab85962561c710162bfc77f9c3bd30\gelu_axi_stream_interface.$memwr$\fifo_tuser$/home/systemuser/Documents/ECE/510/Project/m3/rtl/interface.sv:254$7_ADDR' using process `$paramod$f23224905eab85962561c710162bfc77f9c3bd30\gelu_axi_stream_interface.$proc$/home/systemuser/Documents/ECE/510/Project/m3/rtl/interface.sv:244$45'.
  created $dff cell `$procdff$875' with positive edge clock.
Creating register for signal `$paramod$f23224905eab85962561c710162bfc77f9c3bd30\gelu_axi_stream_interface.$memwr$\fifo_tuser$/home/systemuser/Documents/ECE/510/Project/m3/rtl/interface.sv:254$7_DATA' using process `$paramod$f23224905eab85962561c710162bfc77f9c3bd30\gelu_axi_stream_interface.$proc$/home/systemuser/Documents/ECE/510/Project/m3/rtl/interface.sv:244$45'.
  created $dff cell `$procdff$876' with positive edge clock.
Creating register for signal `$paramod$f23224905eab85962561c710162bfc77f9c3bd30\gelu_axi_stream_interface.$memwr$\fifo_tuser$/home/systemuser/Documents/ECE/510/Project/m3/rtl/interface.sv:254$7_EN' using process `$paramod$f23224905eab85962561c710162bfc77f9c3bd30\gelu_axi_stream_interface.$proc$/home/systemuser/Documents/ECE/510/Project/m3/rtl/interface.sv:244$45'.
  created $dff cell `$procdff$877' with positive edge clock.
Creating register for signal `$paramod$f23224905eab85962561c710162bfc77f9c3bd30\gelu_axi_stream_interface.\meta_tlast_pipe' using process `$paramod$f23224905eab85962561c710162bfc77f9c3bd30\gelu_axi_stream_interface.$proc$/home/systemuser/Documents/ECE/510/Project/m3/rtl/interface.sv:216$34'.
  created $dff cell `$procdff$878' with positive edge clock.
Creating register for signal `$paramod$f23224905eab85962561c710162bfc77f9c3bd30\gelu_axi_stream_interface.$fordecl_block$1.i' using process `$paramod$f23224905eab85962561c710162bfc77f9c3bd30\gelu_axi_stream_interface.$proc$/home/systemuser/Documents/ECE/510/Project/m3/rtl/interface.sv:216$34'.
  created $dff cell `$procdff$879' with positive edge clock.
Creating register for signal `$paramod$f23224905eab85962561c710162bfc77f9c3bd30\gelu_axi_stream_interface.$fordecl_block$3.i' using process `$paramod$f23224905eab85962561c710162bfc77f9c3bd30\gelu_axi_stream_interface.$proc$/home/systemuser/Documents/ECE/510/Project/m3/rtl/interface.sv:216$34'.
  created $dff cell `$procdff$880' with positive edge clock.
Creating register for signal `$paramod$f23224905eab85962561c710162bfc77f9c3bd30\gelu_axi_stream_interface.\meta_tuser_pipe[0]' using process `$paramod$f23224905eab85962561c710162bfc77f9c3bd30\gelu_axi_stream_interface.$proc$/home/systemuser/Documents/ECE/510/Project/m3/rtl/interface.sv:216$34'.
  created $dff cell `$procdff$881' with positive edge clock.
Creating register for signal `$paramod$f23224905eab85962561c710162bfc77f9c3bd30\gelu_axi_stream_interface.\meta_tuser_pipe[1]' using process `$paramod$f23224905eab85962561c710162bfc77f9c3bd30\gelu_axi_stream_interface.$proc$/home/systemuser/Documents/ECE/510/Project/m3/rtl/interface.sv:216$34'.
  created $dff cell `$procdff$882' with positive edge clock.
Creating register for signal `$paramod$f23224905eab85962561c710162bfc77f9c3bd30\gelu_axi_stream_interface.\meta_tuser_pipe[2]' using process `$paramod$f23224905eab85962561c710162bfc77f9c3bd30\gelu_axi_stream_interface.$proc$/home/systemuser/Documents/ECE/510/Project/m3/rtl/interface.sv:216$34'.
  created $dff cell `$procdff$883' with positive edge clock.
Creating register for signal `$paramod$f23224905eab85962561c710162bfc77f9c3bd30\gelu_axi_stream_interface.\meta_tuser_pipe[3]' using process `$paramod$f23224905eab85962561c710162bfc77f9c3bd30\gelu_axi_stream_interface.$proc$/home/systemuser/Documents/ECE/510/Project/m3/rtl/interface.sv:216$34'.
  created $dff cell `$procdff$884' with positive edge clock.
Creating register for signal `$paramod$f23224905eab85962561c710162bfc77f9c3bd30\gelu_axi_stream_interface.\meta_tuser_pipe[4]' using process `$paramod$f23224905eab85962561c710162bfc77f9c3bd30\gelu_axi_stream_interface.$proc$/home/systemuser/Documents/ECE/510/Project/m3/rtl/interface.sv:216$34'.
  created $dff cell `$procdff$885' with positive edge clock.
Creating register for signal `$paramod$f23224905eab85962561c710162bfc77f9c3bd30\gelu_axi_stream_interface.\meta_tuser_pipe[5]' using process `$paramod$f23224905eab85962561c710162bfc77f9c3bd30\gelu_axi_stream_interface.$proc$/home/systemuser/Documents/ECE/510/Project/m3/rtl/interface.sv:216$34'.
  created $dff cell `$procdff$886' with positive edge clock.
Creating register for signal `$paramod$f23224905eab85962561c710162bfc77f9c3bd30\gelu_axi_stream_interface.\meta_tuser_pipe[6]' using process `$paramod$f23224905eab85962561c710162bfc77f9c3bd30\gelu_axi_stream_interface.$proc$/home/systemuser/Documents/ECE/510/Project/m3/rtl/interface.sv:216$34'.
  created $dff cell `$procdff$887' with positive edge clock.
Creating register for signal `$paramod$f23224905eab85962561c710162bfc77f9c3bd30\gelu_axi_stream_interface.\meta_tuser_pipe[7]' using process `$paramod$f23224905eab85962561c710162bfc77f9c3bd30\gelu_axi_stream_interface.$proc$/home/systemuser/Documents/ECE/510/Project/m3/rtl/interface.sv:216$34'.
  created $dff cell `$procdff$888' with positive edge clock.
Creating register for signal `$paramod$f23224905eab85962561c710162bfc77f9c3bd30\gelu_axi_stream_interface.\meta_tuser_pipe[8]' using process `$paramod$f23224905eab85962561c710162bfc77f9c3bd30\gelu_axi_stream_interface.$proc$/home/systemuser/Documents/ECE/510/Project/m3/rtl/interface.sv:216$34'.
  created $dff cell `$procdff$889' with positive edge clock.
Creating register for signal `$paramod$f23224905eab85962561c710162bfc77f9c3bd30\gelu_axi_stream_interface.\meta_tuser_pipe[9]' using process `$paramod$f23224905eab85962561c710162bfc77f9c3bd30\gelu_axi_stream_interface.$proc$/home/systemuser/Documents/ECE/510/Project/m3/rtl/interface.sv:216$34'.
  created $dff cell `$procdff$890' with positive edge clock.
Creating register for signal `$paramod$f23224905eab85962561c710162bfc77f9c3bd30\gelu_axi_stream_interface.\meta_tuser_pipe[10]' using process `$paramod$f23224905eab85962561c710162bfc77f9c3bd30\gelu_axi_stream_interface.$proc$/home/systemuser/Documents/ECE/510/Project/m3/rtl/interface.sv:216$34'.
  created $dff cell `$procdff$891' with positive edge clock.
Creating register for signal `$paramod$f23224905eab85962561c710162bfc77f9c3bd30\gelu_axi_stream_interface.\meta_tuser_pipe[11]' using process `$paramod$f23224905eab85962561c710162bfc77f9c3bd30\gelu_axi_stream_interface.$proc$/home/systemuser/Documents/ECE/510/Project/m3/rtl/interface.sv:216$34'.
  created $dff cell `$procdff$892' with positive edge clock.
Creating register for signal `$paramod$f23224905eab85962561c710162bfc77f9c3bd30\gelu_axi_stream_interface.\s_axil_arready' using process `$paramod$f23224905eab85962561c710162bfc77f9c3bd30\gelu_axi_stream_interface.$proc$/home/systemuser/Documents/ECE/510/Project/m3/rtl/interface.sv:153$20'.
  created $dff cell `$procdff$893' with positive edge clock.
Creating register for signal `$paramod$f23224905eab85962561c710162bfc77f9c3bd30\gelu_axi_stream_interface.\s_axil_rdata' using process `$paramod$f23224905eab85962561c710162bfc77f9c3bd30\gelu_axi_stream_interface.$proc$/home/systemuser/Documents/ECE/510/Project/m3/rtl/interface.sv:153$20'.
  created $dff cell `$procdff$894' with positive edge clock.
Creating register for signal `$paramod$f23224905eab85962561c710162bfc77f9c3bd30\gelu_axi_stream_interface.\s_axil_rresp' using process `$paramod$f23224905eab85962561c710162bfc77f9c3bd30\gelu_axi_stream_interface.$proc$/home/systemuser/Documents/ECE/510/Project/m3/rtl/interface.sv:153$20'.
  created $dff cell `$procdff$895' with positive edge clock.
Creating register for signal `$paramod$f23224905eab85962561c710162bfc77f9c3bd30\gelu_axi_stream_interface.\s_axil_rvalid' using process `$paramod$f23224905eab85962561c710162bfc77f9c3bd30\gelu_axi_stream_interface.$proc$/home/systemuser/Documents/ECE/510/Project/m3/rtl/interface.sv:153$20'.
  created $dff cell `$procdff$896' with positive edge clock.
Creating register for signal `$paramod$f23224905eab85962561c710162bfc77f9c3bd30\gelu_axi_stream_interface.\s_axil_awready' using process `$paramod$f23224905eab85962561c710162bfc77f9c3bd30\gelu_axi_stream_interface.$proc$/home/systemuser/Documents/ECE/510/Project/m3/rtl/interface.sv:120$8'.
  created $dff cell `$procdff$897' with positive edge clock.
Creating register for signal `$paramod$f23224905eab85962561c710162bfc77f9c3bd30\gelu_axi_stream_interface.\s_axil_wready' using process `$paramod$f23224905eab85962561c710162bfc77f9c3bd30\gelu_axi_stream_interface.$proc$/home/systemuser/Documents/ECE/510/Project/m3/rtl/interface.sv:120$8'.
  created $dff cell `$procdff$898' with positive edge clock.
Creating register for signal `$paramod$f23224905eab85962561c710162bfc77f9c3bd30\gelu_axi_stream_interface.\s_axil_bresp' using process `$paramod$f23224905eab85962561c710162bfc77f9c3bd30\gelu_axi_stream_interface.$proc$/home/systemuser/Documents/ECE/510/Project/m3/rtl/interface.sv:120$8'.
  created $dff cell `$procdff$899' with positive edge clock.
Creating register for signal `$paramod$f23224905eab85962561c710162bfc77f9c3bd30\gelu_axi_stream_interface.\s_axil_bvalid' using process `$paramod$f23224905eab85962561c710162bfc77f9c3bd30\gelu_axi_stream_interface.$proc$/home/systemuser/Documents/ECE/510/Project/m3/rtl/interface.sv:120$8'.
  created $dff cell `$procdff$900' with positive edge clock.
Creating register for signal `$paramod$f23224905eab85962561c710162bfc77f9c3bd30\gelu_axi_stream_interface.\pipeline_enable' using process `$paramod$f23224905eab85962561c710162bfc77f9c3bd30\gelu_axi_stream_interface.$proc$/home/systemuser/Documents/ECE/510/Project/m3/rtl/interface.sv:120$8'.
  created $dff cell `$procdff$901' with positive edge clock.
Creating register for signal `\fp32_to_q16.\valid_out' using process `\fp32_to_q16.$proc$/home/systemuser/Documents/ECE/510/Project/m3/rtl/fp32_to_q16.sv:159$240'.
  created $dff cell `$procdff$902' with positive edge clock.
Creating register for signal `\fp32_to_q16.\data_out' using process `\fp32_to_q16.$proc$/home/systemuser/Documents/ECE/510/Project/m3/rtl/fp32_to_q16.sv:159$240'.
  created $dff cell `$procdff$903' with positive edge clock.
Creating register for signal `\fp32_to_q16.\s3_valid' using process `\fp32_to_q16.$proc$/home/systemuser/Documents/ECE/510/Project/m3/rtl/fp32_to_q16.sv:120$231'.
  created $dff cell `$procdff$904' with positive edge clock.
Creating register for signal `\fp32_to_q16.\s3_sign' using process `\fp32_to_q16.$proc$/home/systemuser/Documents/ECE/510/Project/m3/rtl/fp32_to_q16.sv:120$231'.
  created $dff cell `$procdff$905' with positive edge clock.
Creating register for signal `\fp32_to_q16.\s3_is_zero' using process `\fp32_to_q16.$proc$/home/systemuser/Documents/ECE/510/Project/m3/rtl/fp32_to_q16.sv:120$231'.
  created $dff cell `$procdff$906' with positive edge clock.
Creating register for signal `\fp32_to_q16.\shift_in' using process `\fp32_to_q16.$proc$/home/systemuser/Documents/ECE/510/Project/m3/rtl/fp32_to_q16.sv:120$231'.
  created $dff cell `$procdff$907' with positive edge clock.
Creating register for signal `\fp32_to_q16.\shift_out' using process `\fp32_to_q16.$proc$/home/systemuser/Documents/ECE/510/Project/m3/rtl/fp32_to_q16.sv:120$231'.
  created $dff cell `$procdff$908' with positive edge clock.
Creating register for signal `\fp32_to_q16.\s3_overflow' using process `\fp32_to_q16.$proc$/home/systemuser/Documents/ECE/510/Project/m3/rtl/fp32_to_q16.sv:120$231'.
  created $dff cell `$procdff$909' with positive edge clock.
Creating register for signal `\fp32_to_q16.\s3_mag' using process `\fp32_to_q16.$proc$/home/systemuser/Documents/ECE/510/Project/m3/rtl/fp32_to_q16.sv:120$231'.
  created $dff cell `$procdff$910' with positive edge clock.
Creating register for signal `\fp32_to_q16.\s3_frac' using process `\fp32_to_q16.$proc$/home/systemuser/Documents/ECE/510/Project/m3/rtl/fp32_to_q16.sv:120$231'.
  created $dff cell `$procdff$911' with positive edge clock.
Creating register for signal `\fp32_to_q16.\s2_valid' using process `\fp32_to_q16.$proc$/home/systemuser/Documents/ECE/510/Project/m3/rtl/fp32_to_q16.sv:81$220'.
  created $dff cell `$procdff$912' with positive edge clock.
Creating register for signal `\fp32_to_q16.\s2_sign' using process `\fp32_to_q16.$proc$/home/systemuser/Documents/ECE/510/Project/m3/rtl/fp32_to_q16.sv:81$220'.
  created $dff cell `$procdff$913' with positive edge clock.
Creating register for signal `\fp32_to_q16.\s2_is_zero' using process `\fp32_to_q16.$proc$/home/systemuser/Documents/ECE/510/Project/m3/rtl/fp32_to_q16.sv:81$220'.
  created $dff cell `$procdff$914' with positive edge clock.
Creating register for signal `\fp32_to_q16.\s2_overflow' using process `\fp32_to_q16.$proc$/home/systemuser/Documents/ECE/510/Project/m3/rtl/fp32_to_q16.sv:81$220'.
  created $dff cell `$procdff$915' with positive edge clock.
Creating register for signal `\fp32_to_q16.\s2_norm_mag' using process `\fp32_to_q16.$proc$/home/systemuser/Documents/ECE/510/Project/m3/rtl/fp32_to_q16.sv:81$220'.
  created $dff cell `$procdff$916' with positive edge clock.
Creating register for signal `\fp32_to_q16.\s2_shift' using process `\fp32_to_q16.$proc$/home/systemuser/Documents/ECE/510/Project/m3/rtl/fp32_to_q16.sv:81$220'.
  created $dff cell `$procdff$917' with positive edge clock.
Creating register for signal `\fp32_to_q16.\raw_shift' using process `\fp32_to_q16.$proc$/home/systemuser/Documents/ECE/510/Project/m3/rtl/fp32_to_q16.sv:81$220'.
  created $dff cell `$procdff$918' with positive edge clock.
Creating register for signal `\fp32_to_q16.\s1_valid' using process `\fp32_to_q16.$proc$/home/systemuser/Documents/ECE/510/Project/m3/rtl/fp32_to_q16.sv:53$218'.
  created $dff cell `$procdff$919' with positive edge clock.
Creating register for signal `\fp32_to_q16.\s1_exp' using process `\fp32_to_q16.$proc$/home/systemuser/Documents/ECE/510/Project/m3/rtl/fp32_to_q16.sv:53$218'.
  created $dff cell `$procdff$920' with positive edge clock.
Creating register for signal `\fp32_to_q16.\s1_sign' using process `\fp32_to_q16.$proc$/home/systemuser/Documents/ECE/510/Project/m3/rtl/fp32_to_q16.sv:53$218'.
  created $dff cell `$procdff$921' with positive edge clock.
Creating register for signal `\fp32_to_q16.\s1_is_zero' using process `\fp32_to_q16.$proc$/home/systemuser/Documents/ECE/510/Project/m3/rtl/fp32_to_q16.sv:53$218'.
  created $dff cell `$procdff$922' with positive edge clock.
Creating register for signal `\fp32_to_q16.\s1_mant' using process `\fp32_to_q16.$proc$/home/systemuser/Documents/ECE/510/Project/m3/rtl/fp32_to_q16.sv:53$218'.
  created $dff cell `$procdff$923' with positive edge clock.

22. Executing PROC_MEMWR pass (convert process memory writes to cells).

23. Executing PROC_CLEAN pass (remove empty switches from decision trees).
Found and cleaned up 3 empty switches in `$paramod$f24af84939c09afd46b8f862bcb8298dce9e3aca\compute_core.$proc$/home/systemuser/Documents/ECE/510/Project/m3/rtl/compute_core.sv:155$214'.
Removing empty process `$paramod$f24af84939c09afd46b8f862bcb8298dce9e3aca\compute_core.$proc$/home/systemuser/Documents/ECE/510/Project/m3/rtl/compute_core.sv:155$214'.
Found and cleaned up 1 empty switch in `$paramod$f24af84939c09afd46b8f862bcb8298dce9e3aca\compute_core.$proc$/home/systemuser/Documents/ECE/510/Project/m3/rtl/compute_core.sv:137$210'.
Removing empty process `$paramod$f24af84939c09afd46b8f862bcb8298dce9e3aca\compute_core.$proc$/home/systemuser/Documents/ECE/510/Project/m3/rtl/compute_core.sv:137$210'.
Found and cleaned up 1 empty switch in `$paramod$f24af84939c09afd46b8f862bcb8298dce9e3aca\compute_core.$proc$/home/systemuser/Documents/ECE/510/Project/m3/rtl/compute_core.sv:129$209'.
Removing empty process `$paramod$f24af84939c09afd46b8f862bcb8298dce9e3aca\compute_core.$proc$/home/systemuser/Documents/ECE/510/Project/m3/rtl/compute_core.sv:129$209'.
Removing empty process `$paramod$f24af84939c09afd46b8f862bcb8298dce9e3aca\compute_core.$proc$/home/systemuser/Documents/ECE/510/Project/m3/rtl/compute_core.sv:118$207'.
Found and cleaned up 1 empty switch in `$paramod$f24af84939c09afd46b8f862bcb8298dce9e3aca\compute_core.$proc$/home/systemuser/Documents/ECE/510/Project/m3/rtl/compute_core.sv:0$206'.
Removing empty process `$paramod$f24af84939c09afd46b8f862bcb8298dce9e3aca\compute_core.$proc$/home/systemuser/Documents/ECE/510/Project/m3/rtl/compute_core.sv:0$206'.
Removing empty process `$paramod$f24af84939c09afd46b8f862bcb8298dce9e3aca\compute_core.$proc$/home/systemuser/Documents/ECE/510/Project/m3/rtl/compute_core.sv:57$149'.
Found and cleaned up 3 empty switches in `\q16_to_fp32.$proc$/home/systemuser/Documents/ECE/510/Project/m3/rtl/q16_to_fp32.sv:147$147'.
Removing empty process `q16_to_fp32.$proc$/home/systemuser/Documents/ECE/510/Project/m3/rtl/q16_to_fp32.sv:147$147'.
Found and cleaned up 1 empty switch in `\q16_to_fp32.$proc$/home/systemuser/Documents/ECE/510/Project/m3/rtl/q16_to_fp32.sv:118$141'.
Removing empty process `q16_to_fp32.$proc$/home/systemuser/Documents/ECE/510/Project/m3/rtl/q16_to_fp32.sv:118$141'.
Found and cleaned up 11 empty switches in `\q16_to_fp32.$proc$/home/systemuser/Documents/ECE/510/Project/m3/rtl/q16_to_fp32.sv:93$86'.
Removing empty process `q16_to_fp32.$proc$/home/systemuser/Documents/ECE/510/Project/m3/rtl/q16_to_fp32.sv:93$86'.
Found and cleaned up 1 empty switch in `\q16_to_fp32.$proc$/home/systemuser/Documents/ECE/510/Project/m3/rtl/q16_to_fp32.sv:70$81'.
Removing empty process `q16_to_fp32.$proc$/home/systemuser/Documents/ECE/510/Project/m3/rtl/q16_to_fp32.sv:70$81'.
Found and cleaned up 5 empty switches in `$paramod$f23224905eab85962561c710162bfc77f9c3bd30\gelu_axi_stream_interface.$proc$/home/systemuser/Documents/ECE/510/Project/m3/rtl/interface.sv:244$45'.
Removing empty process `$paramod$f23224905eab85962561c710162bfc77f9c3bd30\gelu_axi_stream_interface.$proc$/home/systemuser/Documents/ECE/510/Project/m3/rtl/interface.sv:244$45'.
Found and cleaned up 1 empty switch in `$paramod$f23224905eab85962561c710162bfc77f9c3bd30\gelu_axi_stream_interface.$proc$/home/systemuser/Documents/ECE/510/Project/m3/rtl/interface.sv:216$34'.
Removing empty process `$paramod$f23224905eab85962561c710162bfc77f9c3bd30\gelu_axi_stream_interface.$proc$/home/systemuser/Documents/ECE/510/Project/m3/rtl/interface.sv:216$34'.
Found and cleaned up 4 empty switches in `$paramod$f23224905eab85962561c710162bfc77f9c3bd30\gelu_axi_stream_interface.$proc$/home/systemuser/Documents/ECE/510/Project/m3/rtl/interface.sv:153$20'.
Removing empty process `$paramod$f23224905eab85962561c710162bfc77f9c3bd30\gelu_axi_stream_interface.$proc$/home/systemuser/Documents/ECE/510/Project/m3/rtl/interface.sv:153$20'.
Found and cleaned up 5 empty switches in `$paramod$f23224905eab85962561c710162bfc77f9c3bd30\gelu_axi_stream_interface.$proc$/home/systemuser/Documents/ECE/510/Project/m3/rtl/interface.sv:120$8'.
Removing empty process `$paramod$f23224905eab85962561c710162bfc77f9c3bd30\gelu_axi_stream_interface.$proc$/home/systemuser/Documents/ECE/510/Project/m3/rtl/interface.sv:120$8'.
Found and cleaned up 3 empty switches in `\fp32_to_q16.$proc$/home/systemuser/Documents/ECE/510/Project/m3/rtl/fp32_to_q16.sv:159$240'.
Removing empty process `fp32_to_q16.$proc$/home/systemuser/Documents/ECE/510/Project/m3/rtl/fp32_to_q16.sv:159$240'.
Found and cleaned up 1 empty switch in `\fp32_to_q16.$proc$/home/systemuser/Documents/ECE/510/Project/m3/rtl/fp32_to_q16.sv:120$231'.
Removing empty process `fp32_to_q16.$proc$/home/systemuser/Documents/ECE/510/Project/m3/rtl/fp32_to_q16.sv:120$231'.
Found and cleaned up 2 empty switches in `\fp32_to_q16.$proc$/home/systemuser/Documents/ECE/510/Project/m3/rtl/fp32_to_q16.sv:81$220'.
Removing empty process `fp32_to_q16.$proc$/home/systemuser/Documents/ECE/510/Project/m3/rtl/fp32_to_q16.sv:81$220'.
Found and cleaned up 1 empty switch in `\fp32_to_q16.$proc$/home/systemuser/Documents/ECE/510/Project/m3/rtl/fp32_to_q16.sv:53$218'.
Removing empty process `fp32_to_q16.$proc$/home/systemuser/Documents/ECE/510/Project/m3/rtl/fp32_to_q16.sv:53$218'.
Cleaned up 44 empty switches.

24. Executing CHECK pass (checking for obvious problems).
Checking module gelu_top...
Checking module $paramod$f24af84939c09afd46b8f862bcb8298dce9e3aca\compute_core...
Checking module q16_to_fp32...
Checking module gelu_fp32...
Checking module $paramod$f23224905eab85962561c710162bfc77f9c3bd30\gelu_axi_stream_interface...
Checking module fp32_to_q16...
Found and reported 0 problems.

25. Executing OPT_EXPR pass (perform const folding).
Optimizing module gelu_top.
Optimizing module $paramod$f24af84939c09afd46b8f862bcb8298dce9e3aca\compute_core.
<suppressed ~55 debug messages>
Optimizing module q16_to_fp32.
<suppressed ~21 debug messages>
Optimizing module gelu_fp32.
Optimizing module $paramod$f23224905eab85962561c710162bfc77f9c3bd30\gelu_axi_stream_interface.
<suppressed ~3 debug messages>
Optimizing module fp32_to_q16.
<suppressed ~3 debug messages>

26. Executing FLATTEN pass (flatten design).
Deleting now unused module $paramod$f24af84939c09afd46b8f862bcb8298dce9e3aca\compute_core.
Deleting now unused module q16_to_fp32.
Deleting now unused module gelu_fp32.
Deleting now unused module $paramod$f23224905eab85962561c710162bfc77f9c3bd30\gelu_axi_stream_interface.
Deleting now unused module fp32_to_q16.
<suppressed ~5 debug messages>

27. Executing OPT_EXPR pass (perform const folding).
Optimizing module gelu_top.

28. Executing OPT_CLEAN pass (remove unused cells and wires).
Finding unused cells or wires in module \gelu_top..
Removed 45 unused cells and 466 unused wires.
<suppressed ~55 debug messages>

29. Executing OPT_EXPR pass (perform const folding).
Optimizing module gelu_top.

30. Executing OPT_MERGE pass (detect identical cells).
Finding identical cells in module `\gelu_top'.
<suppressed ~3 debug messages>
Removed a total of 1 cells.

31. Executing OPT_MUXTREE pass (detect dead branches in mux trees).
Running muxtree optimizer on module \gelu_top..
  Creating internal representation of mux trees.
  Evaluating internal representation of mux trees.
      Replacing known input bits on port A of cell $flatten\u_interface.\u_gelu_fp32.\u_q16_to_fp32.$ternary$/home/systemuser/Documents/ECE/510/Project/m3/rtl/q16_to_fp32.sv:81$85: \u_interface.u_gelu_fp32.u_synth_top.out -> { 1'0 \u_interface.u_gelu_fp32.u_synth_top.out [30:0] }
  Analyzing evaluation results.
    dead port 1/2 on $mux $flatten\u_interface.$procmux$545.
    dead port 1/2 on $mux $flatten\u_interface.$procmux$551.
    dead port 1/2 on $mux $flatten\u_interface.$procmux$557.
    dead port 1/2 on $mux $flatten\u_interface.$procmux$563.
    dead port 1/2 on $mux $flatten\u_interface.$procmux$569.
    dead port 1/2 on $mux $flatten\u_interface.$procmux$575.
    dead port 1/2 on $mux $flatten\u_interface.$procmux$581.
    dead port 1/2 on $mux $flatten\u_interface.$procmux$587.
    dead port 1/2 on $mux $flatten\u_interface.$procmux$593.
    dead port 1/2 on $mux $flatten\u_interface.\u_gelu_fp32.\u_q16_to_fp32.$procmux$413.
    dead port 1/2 on $mux $flatten\u_interface.\u_gelu_fp32.\u_q16_to_fp32.$procmux$425.
    dead port 1/2 on $mux $flatten\u_interface.\u_gelu_fp32.\u_q16_to_fp32.$procmux$437.
    dead port 1/2 on $mux $flatten\u_interface.\u_gelu_fp32.\u_q16_to_fp32.$procmux$449.
    dead port 1/2 on $mux $flatten\u_interface.\u_gelu_fp32.\u_q16_to_fp32.$procmux$461.
Removed 14 multiplexer ports.
<suppressed ~92 debug messages>

32. Executing OPT_REDUCE pass (consolidate $*mux and $reduce_* inputs).
  Optimizing cells in module \gelu_top.
    Consolidated identical input bits for $mux cell $flatten\u_interface.$procmux$578:
      Old ports: A=0, B=32'11111111111111111111111111111111, Y=$flatten\u_interface.$procmux$578_Y
      New ports: A=1'0, B=1'1, Y=$flatten\u_interface.$procmux$578_Y [0]
      New connections: $flatten\u_interface.$procmux$578_Y [31:1] = { $flatten\u_interface.$procmux$578_Y [0] $flatten\u_interface.$procmux$578_Y [0] $flatten\u_interface.$procmux$578_Y [0] $flatten\u_interface.$procmux$578_Y [0] $flatten\u_interface.$procmux$578_Y [0] $flatten\u_interface.$procmux$578_Y [0] $flatten\u_interface.$procmux$578_Y [0] $flatten\u_interface.$procmux$578_Y [0] $flatten\u_interface.$procmux$578_Y [0] $flatten\u_interface.$procmux$578_Y [0] $flatten\u_interface.$procmux$578_Y [0] $flatten\u_interface.$procmux$578_Y [0] $flatten\u_interface.$procmux$578_Y [0] $flatten\u_interface.$procmux$578_Y [0] $flatten\u_interface.$procmux$578_Y [0] $flatten\u_interface.$procmux$578_Y [0] $flatten\u_interface.$procmux$578_Y [0] $flatten\u_interface.$procmux$578_Y [0] $flatten\u_interface.$procmux$578_Y [0] $flatten\u_interface.$procmux$578_Y [0] $flatten\u_interface.$procmux$578_Y [0] $flatten\u_interface.$procmux$578_Y [0] $flatten\u_interface.$procmux$578_Y [0] $flatten\u_interface.$procmux$578_Y [0] $flatten\u_interface.$procmux$578_Y [0] $flatten\u_interface.$procmux$578_Y [0] $flatten\u_interface.$procmux$578_Y [0] $flatten\u_interface.$procmux$578_Y [0] $flatten\u_interface.$procmux$578_Y [0] $flatten\u_interface.$procmux$578_Y [0] $flatten\u_interface.$procmux$578_Y [0] }
  Optimizing cells in module \gelu_top.
    Consolidated identical input bits for $mux cell $flatten\u_interface.$procmux$628:
      Old ports: A=$flatten\u_interface.$2$memwr$\fifo_data$/home/systemuser/Documents/ECE/510/Project/m3/rtl/interface.sv:252$5_EN[31:0]$66, B=0, Y=$flatten\u_interface.$0$memwr$\fifo_data$/home/systemuser/Documents/ECE/510/Project/m3/rtl/interface.sv:252$5_EN[31:0]$48
      New ports: A=$flatten\u_interface.$procmux$578_Y [0], B=1'0, Y=$flatten\u_interface.$0$memwr$\fifo_data$/home/systemuser/Documents/ECE/510/Project/m3/rtl/interface.sv:252$5_EN[31:0]$48 [0]
      New connections: $flatten\u_interface.$0$memwr$\fifo_data$/home/systemuser/Documents/ECE/510/Project/m3/rtl/interface.sv:252$5_EN[31:0]$48 [31:1] = { $flatten\u_interface.$0$memwr$\fifo_data$/home/systemuser/Documents/ECE/510/Project/m3/rtl/interface.sv:252$5_EN[31:0]$48 [0] $flatten\u_interface.$0$memwr$\fifo_data$/home/systemuser/Documents/ECE/510/Project/m3/rtl/interface.sv:252$5_EN[31:0]$48 [0] $flatten\u_interface.$0$memwr$\fifo_data$/home/systemuser/Documents/ECE/510/Project/m3/rtl/interface.sv:252$5_EN[31:0]$48 [0] $flatten\u_interface.$0$memwr$\fifo_data$/home/systemuser/Documents/ECE/510/Project/m3/rtl/interface.sv:252$5_EN[31:0]$48 [0] $flatten\u_interface.$0$memwr$\fifo_data$/home/systemuser/Documents/ECE/510/Project/m3/rtl/interface.sv:252$5_EN[31:0]$48 [0] $flatten\u_interface.$0$memwr$\fifo_data$/home/systemuser/Documents/ECE/510/Project/m3/rtl/interface.sv:252$5_EN[31:0]$48 [0] $flatten\u_interface.$0$memwr$\fifo_data$/home/systemuser/Documents/ECE/510/Project/m3/rtl/interface.sv:252$5_EN[31:0]$48 [0] $flatten\u_interface.$0$memwr$\fifo_data$/home/systemuser/Documents/ECE/510/Project/m3/rtl/interface.sv:252$5_EN[31:0]$48 [0] $flatten\u_interface.$0$memwr$\fifo_data$/home/systemuser/Documents/ECE/510/Project/m3/rtl/interface.sv:252$5_EN[31:0]$48 [0] $flatten\u_interface.$0$memwr$\fifo_data$/home/systemuser/Documents/ECE/510/Project/m3/rtl/interface.sv:252$5_EN[31:0]$48 [0] $flatten\u_interface.$0$memwr$\fifo_data$/home/systemuser/Documents/ECE/510/Project/m3/rtl/interface.sv:252$5_EN[31:0]$48 [0] $flatten\u_interface.$0$memwr$\fifo_data$/home/systemuser/Documents/ECE/510/Project/m3/rtl/interface.sv:252$5_EN[31:0]$48 [0] $flatten\u_interface.$0$memwr$\fifo_data$/home/systemuser/Documents/ECE/510/Project/m3/rtl/interface.sv:252$5_EN[31:0]$48 [0] $flatten\u_interface.$0$memwr$\fifo_data$/home/systemuser/Documents/ECE/510/Project/m3/rtl/interface.sv:252$5_EN[31:0]$48 [0] $flatten\u_interface.$0$memwr$\fifo_data$/home/systemuser/Documents/ECE/510/Project/m3/rtl/interface.sv:252$5_EN[31:0]$48 [0] $flatten\u_interface.$0$memwr$\fifo_data$/home/systemuser/Documents/ECE/510/Project/m3/rtl/interface.sv:252$5_EN[31:0]$48 [0] $flatten\u_interface.$0$memwr$\fifo_data$/home/systemuser/Documents/ECE/510/Project/m3/rtl/interface.sv:252$5_EN[31:0]$48 [0] $flatten\u_interface.$0$memwr$\fifo_data$/home/systemuser/Documents/ECE/510/Project/m3/rtl/interface.sv:252$5_EN[31:0]$48 [0] $flatten\u_interface.$0$memwr$\fifo_data$/home/systemuser/Documents/ECE/510/Project/m3/rtl/interface.sv:252$5_EN[31:0]$48 [0] $flatten\u_interface.$0$memwr$\fifo_data$/home/systemuser/Documents/ECE/510/Project/m3/rtl/interface.sv:252$5_EN[31:0]$48 [0] $flatten\u_interface.$0$memwr$\fifo_data$/home/systemuser/Documents/ECE/510/Project/m3/rtl/interface.sv:252$5_EN[31:0]$48 [0] $flatten\u_interface.$0$memwr$\fifo_data$/home/systemuser/Documents/ECE/510/Project/m3/rtl/interface.sv:252$5_EN[31:0]$48 [0] $flatten\u_interface.$0$memwr$\fifo_data$/home/systemuser/Documents/ECE/510/Project/m3/rtl/interface.sv:252$5_EN[31:0]$48 [0] $flatten\u_interface.$0$memwr$\fifo_data$/home/systemuser/Documents/ECE/510/Project/m3/rtl/interface.sv:252$5_EN[31:0]$48 [0] $flatten\u_interface.$0$memwr$\fifo_data$/home/systemuser/Documents/ECE/510/Project/m3/rtl/interface.sv:252$5_EN[31:0]$48 [0] $flatten\u_interface.$0$memwr$\fifo_data$/home/systemuser/Documents/ECE/510/Project/m3/rtl/interface.sv:252$5_EN[31:0]$48 [0] $flatten\u_interface.$0$memwr$\fifo_data$/home/systemuser/Documents/ECE/510/Project/m3/rtl/interface.sv:252$5_EN[31:0]$48 [0] $flatten\u_interface.$0$memwr$\fifo_data$/home/systemuser/Documents/ECE/510/Project/m3/rtl/interface.sv:252$5_EN[31:0]$48 [0] $flatten\u_interface.$0$memwr$\fifo_data$/home/systemuser/Documents/ECE/510/Project/m3/rtl/interface.sv:252$5_EN[31:0]$48 [0] $flatten\u_interface.$0$memwr$\fifo_data$/home/systemuser/Documents/ECE/510/Project/m3/rtl/interface.sv:252$5_EN[31:0]$48 [0] $flatten\u_interface.$0$memwr$\fifo_data$/home/systemuser/Documents/ECE/510/Project/m3/rtl/interface.sv:252$5_EN[31:0]$48 [0] }
  Optimizing cells in module \gelu_top.
Performed a total of 2 changes.

33. Executing OPT_MERGE pass (detect identical cells).
Finding identical cells in module `\gelu_top'.
<suppressed ~81 debug messages>
Removed a total of 27 cells.

34. Executing OPT_DFF pass (perform DFF optimizations).

35. Executing OPT_CLEAN pass (remove unused cells and wires).
Finding unused cells or wires in module \gelu_top..
Removed 0 unused cells and 41 unused wires.
<suppressed ~1 debug messages>

36. Executing OPT_EXPR pass (perform const folding).
Optimizing module gelu_top.
<suppressed ~1 debug messages>

37. Rerunning OPT passes. (Maybe there is more to do…)

38. Executing OPT_MUXTREE pass (detect dead branches in mux trees).
Running muxtree optimizer on module \gelu_top..
  Creating internal representation of mux trees.
  Evaluating internal representation of mux trees.
  Analyzing evaluation results.
Removed 0 multiplexer ports.
<suppressed ~88 debug messages>

39. Executing OPT_REDUCE pass (consolidate $*mux and $reduce_* inputs).
  Optimizing cells in module \gelu_top.
Performed a total of 0 changes.

40. Executing OPT_MERGE pass (detect identical cells).
Finding identical cells in module `\gelu_top'.
Removed a total of 0 cells.

41. Executing OPT_DFF pass (perform DFF optimizations).

42. Executing OPT_CLEAN pass (remove unused cells and wires).
Finding unused cells or wires in module \gelu_top..
Removed 0 unused cells and 1 unused wires.
<suppressed ~1 debug messages>

43. Executing OPT_EXPR pass (perform const folding).
Optimizing module gelu_top.

44. Rerunning OPT passes. (Maybe there is more to do…)

45. Executing OPT_MUXTREE pass (detect dead branches in mux trees).
Running muxtree optimizer on module \gelu_top..
  Creating internal representation of mux trees.
  Evaluating internal representation of mux trees.
  Analyzing evaluation results.
Removed 0 multiplexer ports.
<suppressed ~88 debug messages>

46. Executing OPT_REDUCE pass (consolidate $*mux and $reduce_* inputs).
  Optimizing cells in module \gelu_top.
Performed a total of 0 changes.

47. Executing OPT_MERGE pass (detect identical cells).
Finding identical cells in module `\gelu_top'.
Removed a total of 0 cells.

48. Executing OPT_DFF pass (perform DFF optimizations).

49. Executing OPT_CLEAN pass (remove unused cells and wires).
Finding unused cells or wires in module \gelu_top..

50. Executing OPT_EXPR pass (perform const folding).
Optimizing module gelu_top.

51. Executing FSM pass (extract and optimize FSM).

51.1. Executing FSM_DETECT pass (finding FSMs in design).
Not marking gelu_top.u_interface.s_axil_bresp as FSM state register:
    Register is connected to module port.
    Users of register don't seem to benefit from recoding.
Not marking gelu_top.u_interface.s_axil_rresp as FSM state register:
    Register is connected to module port.
    Users of register don't seem to benefit from recoding.
Not marking gelu_top.u_interface.u_gelu_fp32.u_q16_to_fp32.s2_clz as FSM state register:
    Users of register don't seem to benefit from recoding.
Not marking gelu_top.u_interface.u_gelu_fp32.u_synth_top.s2_b as FSM state register:
    Users of register don't seem to benefit from recoding.
Not marking gelu_top.u_interface.u_gelu_fp32.u_synth_top.s2_m as FSM state register:
    Users of register don't seem to benefit from recoding.

51.2. Executing FSM_EXTRACT pass (extracting FSM from design).

51.3. Executing FSM_OPT pass (simple optimizations of FSMs).

51.4. Executing OPT_CLEAN pass (remove unused cells and wires).
Finding unused cells or wires in module \gelu_top..

51.5. Executing FSM_OPT pass (simple optimizations of FSMs).

51.6. Executing FSM_RECODE pass (re-assigning FSM state encoding).

51.7. Executing FSM_INFO pass (dumping all available information on FSM cells).

51.8. Executing FSM_MAP pass (mapping FSMs to basic logic).

52. Executing OPT_EXPR pass (perform const folding).
Optimizing module gelu_top.

53. Executing OPT_MERGE pass (detect identical cells).
Finding identical cells in module `\gelu_top'.
Removed a total of 0 cells.

54. Executing OPT_MUXTREE pass (detect dead branches in mux trees).
Running muxtree optimizer on module \gelu_top..
  Creating internal representation of mux trees.
  Evaluating internal representation of mux trees.
  Analyzing evaluation results.
Removed 0 multiplexer ports.
<suppressed ~88 debug messages>

55. Executing OPT_REDUCE pass (consolidate $*mux and $reduce_* inputs).
  Optimizing cells in module \gelu_top.
Performed a total of 0 changes.

56. Executing OPT_MERGE pass (detect identical cells).
Finding identical cells in module `\gelu_top'.
Removed a total of 0 cells.

57. Executing OPT_DFF pass (perform DFF optimizations).
Adding SRST signal on $flatten\u_interface.\u_gelu_fp32.\u_synth_top.$procdff$834 ($dff) from module gelu_top (D = { \u_interface.u_gelu_fp32.u_synth_top.v_pipe [1:0] \u_interface.u_gelu_fp32.u_fp32_to_q16.valid_out }, Q = \u_interface.u_gelu_fp32.u_synth_top.v_pipe, rval = 3'000).
Adding SRST signal on $flatten\u_interface.\u_gelu_fp32.\u_synth_top.$procdff$833 ($dff) from module gelu_top (D = \u_interface.u_gelu_fp32.u_synth_top.s2_b, Q = \u_interface.u_gelu_fp32.u_synth_top.s3_b, rval = 0).
Adding SRST signal on $flatten\u_interface.\u_gelu_fp32.\u_synth_top.$procdff$832 ($dff) from module gelu_top (D = $flatten\u_interface.\u_gelu_fp32.\u_synth_top.$mul$/home/systemuser/Documents/ECE/510/Project/m3/rtl/compute_core.sv:142$211_Y, Q = \u_interface.u_gelu_fp32.u_synth_top.s3_mult, rval = 64'0000000000000000000000000000000000000000000000000000000000000000).
Adding SRST signal on $flatten\u_interface.\u_gelu_fp32.\u_synth_top.$procdff$831 ($dff) from module gelu_top (D = $flatten\u_interface.\u_gelu_fp32.\u_synth_top.$procmux$249_Y, Q = \u_interface.u_gelu_fp32.u_synth_top.out, rval = 0).
Adding SRST signal on $flatten\u_interface.\u_gelu_fp32.\u_synth_top.$procdff$830 ($dff) from module gelu_top (D = \u_interface.u_gelu_fp32.u_synth_top.v_pipe [2], Q = \u_interface.u_gelu_fp32.u_synth_top.valid_out, rval = 1'0).
Adding SRST signal on $flatten\u_interface.\u_gelu_fp32.\u_q16_to_fp32.$procdff$864 ($dff) from module gelu_top (D = $flatten\u_interface.\u_gelu_fp32.\u_q16_to_fp32.$ternary$/home/systemuser/Documents/ECE/510/Project/m3/rtl/q16_to_fp32.sv:81$85_Y [30:0], Q = \u_interface.u_gelu_fp32.u_q16_to_fp32.s1_mag [30:0], rval = 31'0000000000000000000000000000000).
Adding SRST signal on $flatten\u_interface.\u_gelu_fp32.\u_q16_to_fp32.$procdff$864 ($dff) from module gelu_top (D = $flatten\u_interface.\u_gelu_fp32.\u_q16_to_fp32.$add$/home/systemuser/Documents/ECE/510/Project/m3/rtl/q16_to_fp32.sv:81$84_Y [31], Q = \u_interface.u_gelu_fp32.u_q16_to_fp32.s1_mag [31], rval = 1'0).
Adding SRST signal on $flatten\u_interface.\u_gelu_fp32.\u_q16_to_fp32.$procdff$863 ($dff) from module gelu_top (D = $flatten\u_interface.\u_gelu_fp32.\u_q16_to_fp32.$eq$/home/systemuser/Documents/ECE/510/Project/m3/rtl/q16_to_fp32.sv:79$82_Y, Q = \u_interface.u_gelu_fp32.u_q16_to_fp32.s1_is_zero, rval = 1'0).
Adding SRST signal on $flatten\u_interface.\u_gelu_fp32.\u_q16_to_fp32.$procdff$862 ($dff) from module gelu_top (D = \u_interface.u_gelu_fp32.u_synth_top.out [31], Q = \u_interface.u_gelu_fp32.u_q16_to_fp32.s1_sign, rval = 1'0).
Adding SRST signal on $flatten\u_interface.\u_gelu_fp32.\u_q16_to_fp32.$procdff$861 ($dff) from module gelu_top (D = \u_interface.u_gelu_fp32.u_synth_top.valid_out, Q = \u_interface.u_gelu_fp32.u_q16_to_fp32.s1_valid, rval = 1'0).
Adding EN signal on $flatten\u_interface.\u_gelu_fp32.\u_q16_to_fp32.$procdff$852 ($dff) from module gelu_top (D = $flatten\u_interface.\u_gelu_fp32.\u_q16_to_fp32.$ternary$/home/systemuser/Documents/ECE/510/Project/m3/rtl/q16_to_fp32.sv:107$140_Y, Q = \u_interface.u_gelu_fp32.u_q16_to_fp32.s2_exp).
Adding SRST signal on $auto$ff.cc:266:slice$946 ($dffe) from module gelu_top (D = $flatten\u_interface.\u_gelu_fp32.\u_q16_to_fp32.$sub$/home/systemuser/Documents/ECE/510/Project/m3/rtl/q16_to_fp32.sv:107$139_Y, Q = \u_interface.u_gelu_fp32.u_q16_to_fp32.s2_exp, rval = 8'00000000).
Adding EN signal on $flatten\u_interface.\u_gelu_fp32.\u_q16_to_fp32.$procdff$851 ($dff) from module gelu_top (D = { $flatten\u_interface.\u_gelu_fp32.\u_q16_to_fp32.$2\clz32$func$/home/systemuser/Documents/ECE/510/Project/m3/rtl/q16_to_fp32.sv:102$79.r[4:4]$105 $flatten\u_interface.\u_gelu_fp32.\u_q16_to_fp32.$3\clz32$func$/home/systemuser/Documents/ECE/510/Project/m3/rtl/q16_to_fp32.sv:102$79.r[3:3]$109 $flatten\u_interface.\u_gelu_fp32.\u_q16_to_fp32.$4\clz32$func$/home/systemuser/Documents/ECE/510/Project/m3/rtl/q16_to_fp32.sv:102$79.r[2:2]$113 $flatten\u_interface.\u_gelu_fp32.\u_q16_to_fp32.$5\clz32$func$/home/systemuser/Documents/ECE/510/Project/m3/rtl/q16_to_fp32.sv:102$79.r[1:1]$117 $flatten\u_interface.\u_gelu_fp32.\u_q16_to_fp32.$6\clz32$func$/home/systemuser/Documents/ECE/510/Project/m3/rtl/q16_to_fp32.sv:102$79.r[0:0]$120 }, Q = \u_interface.u_gelu_fp32.u_q16_to_fp32.s2_clz).
Adding EN signal on $flatten\u_interface.\u_gelu_fp32.\u_q16_to_fp32.$procdff$850 ($dff) from module gelu_top (D = \u_interface.u_gelu_fp32.u_q16_to_fp32.s1_mag, Q = \u_interface.u_gelu_fp32.u_q16_to_fp32.s2_mag).
Adding SRST signal on $flatten\u_interface.\u_gelu_fp32.\u_q16_to_fp32.$procdff$849 ($dff) from module gelu_top (D = \u_interface.u_gelu_fp32.u_q16_to_fp32.s1_is_zero, Q = \u_interface.u_gelu_fp32.u_q16_to_fp32.s2_is_zero, rval = 1'0).
Adding EN signal on $flatten\u_interface.\u_gelu_fp32.\u_q16_to_fp32.$procdff$848 ($dff) from module gelu_top (D = \u_interface.u_gelu_fp32.u_q16_to_fp32.s1_sign, Q = \u_interface.u_gelu_fp32.u_q16_to_fp32.s2_sign).
Adding SRST signal on $flatten\u_interface.\u_gelu_fp32.\u_q16_to_fp32.$procdff$847 ($dff) from module gelu_top (D = \u_interface.u_gelu_fp32.u_q16_to_fp32.s1_valid, Q = \u_interface.u_gelu_fp32.u_q16_to_fp32.s2_valid, rval = 1'0).
Adding EN signal on $flatten\u_interface.\u_gelu_fp32.\u_q16_to_fp32.$procdff$846 ($dff) from module gelu_top (D = $flatten\u_interface.\u_gelu_fp32.\u_q16_to_fp32.$shl$/home/systemuser/Documents/ECE/510/Project/m3/rtl/q16_to_fp32.sv:129$142_Y, Q = \u_interface.u_gelu_fp32.u_q16_to_fp32.s3_norm_mag).
Adding EN signal on $flatten\u_interface.\u_gelu_fp32.\u_q16_to_fp32.$procdff$845 ($dff) from module gelu_top (D = \u_interface.u_gelu_fp32.u_q16_to_fp32.s2_exp, Q = \u_interface.u_gelu_fp32.u_q16_to_fp32.s3_exp).
Adding SRST signal on $flatten\u_interface.\u_gelu_fp32.\u_q16_to_fp32.$procdff$844 ($dff) from module gelu_top (D = \u_interface.u_gelu_fp32.u_q16_to_fp32.s2_is_zero, Q = \u_interface.u_gelu_fp32.u_q16_to_fp32.s3_is_zero, rval = 1'0).
Adding EN signal on $flatten\u_interface.\u_gelu_fp32.\u_q16_to_fp32.$procdff$843 ($dff) from module gelu_top (D = \u_interface.u_gelu_fp32.u_q16_to_fp32.s2_sign, Q = \u_interface.u_gelu_fp32.u_q16_to_fp32.s3_sign).
Adding SRST signal on $flatten\u_interface.\u_gelu_fp32.\u_q16_to_fp32.$procdff$842 ($dff) from module gelu_top (D = \u_interface.u_gelu_fp32.u_q16_to_fp32.s2_valid, Q = \u_interface.u_gelu_fp32.u_q16_to_fp32.s3_valid, rval = 1'0).
Adding SRST signal on $flatten\u_interface.\u_gelu_fp32.\u_q16_to_fp32.$procdff$841 ($dff) from module gelu_top (D = \u_interface.u_gelu_fp32.u_q16_to_fp32.rounded_mantissa [22:0], Q = \u_interface.u_gelu_fp32.u_q16_to_fp32.data_out [22:0], rval = 23'00000000000000000000000).
Adding SRST signal on $flatten\u_interface.\u_gelu_fp32.\u_q16_to_fp32.$procdff$841 ($dff) from module gelu_top (D = $flatten\u_interface.\u_gelu_fp32.\u_q16_to_fp32.$procmux$329_Y [31:23], Q = \u_interface.u_gelu_fp32.u_q16_to_fp32.data_out [31:23], rval = 9'000000000).
Adding SRST signal on $flatten\u_interface.\u_gelu_fp32.\u_q16_to_fp32.$procdff$840 ($dff) from module gelu_top (D = \u_interface.u_gelu_fp32.u_q16_to_fp32.s3_valid, Q = \u_interface.u_gelu_fp32.u_q16_to_fp32.valid_out, rval = 1'0).
Adding SRST signal on $flatten\u_interface.\u_gelu_fp32.\u_fp32_to_q16.$procdff$923 ($dff) from module gelu_top (D = \s_axis_tdata [22:0], Q = \u_interface.u_gelu_fp32.u_fp32_to_q16.s1_mant, rval = 23'00000000000000000000000).
Adding SRST signal on $flatten\u_interface.\u_gelu_fp32.\u_fp32_to_q16.$procdff$922 ($dff) from module gelu_top (D = $flatten\u_interface.\u_gelu_fp32.\u_fp32_to_q16.$eq$/home/systemuser/Documents/ECE/510/Project/m3/rtl/fp32_to_q16.sv:65$219_Y, Q = \u_interface.u_gelu_fp32.u_fp32_to_q16.s1_is_zero, rval = 1'0).
Adding SRST signal on $flatten\u_interface.\u_gelu_fp32.\u_fp32_to_q16.$procdff$921 ($dff) from module gelu_top (D = \s_axis_tdata [31], Q = \u_interface.u_gelu_fp32.u_fp32_to_q16.s1_sign, rval = 1'0).
Adding SRST signal on $flatten\u_interface.\u_gelu_fp32.\u_fp32_to_q16.$procdff$920 ($dff) from module gelu_top (D = \s_axis_tdata [30:23], Q = \u_interface.u_gelu_fp32.u_fp32_to_q16.s1_exp, rval = 8'00000000).
Adding SRST signal on $flatten\u_interface.\u_gelu_fp32.\u_fp32_to_q16.$procdff$919 ($dff) from module gelu_top (D = \u_interface.axis_in_fire, Q = \u_interface.u_gelu_fp32.u_fp32_to_q16.s1_valid, rval = 1'0).
Adding EN signal on $flatten\u_interface.\u_gelu_fp32.\u_fp32_to_q16.$procdff$917 ($dff) from module gelu_top (D = $flatten\u_interface.\u_gelu_fp32.\u_fp32_to_q16.$procmux$801_Y, Q = \u_interface.u_gelu_fp32.u_fp32_to_q16.s2_shift).
Adding SRST signal on $auto$ff.cc:266:slice$970 ($dffe) from module gelu_top (D = $flatten\u_interface.\u_gelu_fp32.\u_fp32_to_q16.$ternary$/home/systemuser/Documents/ECE/510/Project/m3/rtl/fp32_to_q16.sv:107$230_Y, Q = \u_interface.u_gelu_fp32.u_fp32_to_q16.s2_shift, rval = 6'000000).
Adding EN signal on $flatten\u_interface.\u_gelu_fp32.\u_fp32_to_q16.$procdff$916 ($dff) from module gelu_top (D = { 1'1 \u_interface.u_gelu_fp32.u_fp32_to_q16.s1_mant 8'00000000 }, Q = \u_interface.u_gelu_fp32.u_fp32_to_q16.s2_norm_mag).
Adding SRST signal on $flatten\u_interface.\u_gelu_fp32.\u_fp32_to_q16.$procdff$915 ($dff) from module gelu_top (D = $flatten\u_interface.\u_gelu_fp32.\u_fp32_to_q16.$procmux$789_Y, Q = \u_interface.u_gelu_fp32.u_fp32_to_q16.s2_overflow, rval = 1'0).
Adding EN signal on $flatten\u_interface.\u_gelu_fp32.\u_fp32_to_q16.$procdff$914 ($dff) from module gelu_top (D = \u_interface.u_gelu_fp32.u_fp32_to_q16.s1_is_zero, Q = \u_interface.u_gelu_fp32.u_fp32_to_q16.s2_is_zero).
Adding EN signal on $flatten\u_interface.\u_gelu_fp32.\u_fp32_to_q16.$procdff$913 ($dff) from module gelu_top (D = \u_interface.u_gelu_fp32.u_fp32_to_q16.s1_sign, Q = \u_interface.u_gelu_fp32.u_fp32_to_q16.s2_sign).
Adding SRST signal on $flatten\u_interface.\u_gelu_fp32.\u_fp32_to_q16.$procdff$912 ($dff) from module gelu_top (D = \u_interface.u_gelu_fp32.u_fp32_to_q16.s1_valid, Q = \u_interface.u_gelu_fp32.u_fp32_to_q16.s2_valid, rval = 1'0).
Adding EN signal on $flatten\u_interface.\u_gelu_fp32.\u_fp32_to_q16.$procdff$911 ($dff) from module gelu_top (D = $flatten\u_interface.\u_gelu_fp32.\u_fp32_to_q16.$shr$/home/systemuser/Documents/ECE/510/Project/m3/rtl/fp32_to_q16.sv:133$232_Y [31:0], Q = \u_interface.u_gelu_fp32.u_fp32_to_q16.s3_frac).
Adding EN signal on $flatten\u_interface.\u_gelu_fp32.\u_fp32_to_q16.$procdff$910 ($dff) from module gelu_top (D = $flatten\u_interface.\u_gelu_fp32.\u_fp32_to_q16.$shr$/home/systemuser/Documents/ECE/510/Project/m3/rtl/fp32_to_q16.sv:133$232_Y [63:32], Q = \u_interface.u_gelu_fp32.u_fp32_to_q16.s3_mag).
Adding EN signal on $flatten\u_interface.\u_gelu_fp32.\u_fp32_to_q16.$procdff$909 ($dff) from module gelu_top (D = \u_interface.u_gelu_fp32.u_fp32_to_q16.s2_overflow, Q = \u_interface.u_gelu_fp32.u_fp32_to_q16.s3_overflow).
Adding EN signal on $flatten\u_interface.\u_gelu_fp32.\u_fp32_to_q16.$procdff$906 ($dff) from module gelu_top (D = \u_interface.u_gelu_fp32.u_fp32_to_q16.s2_is_zero, Q = \u_interface.u_gelu_fp32.u_fp32_to_q16.s3_is_zero).
Adding EN signal on $flatten\u_interface.\u_gelu_fp32.\u_fp32_to_q16.$procdff$905 ($dff) from module gelu_top (D = \u_interface.u_gelu_fp32.u_fp32_to_q16.s2_sign, Q = \u_interface.u_gelu_fp32.u_fp32_to_q16.s3_sign).
Adding SRST signal on $flatten\u_interface.\u_gelu_fp32.\u_fp32_to_q16.$procdff$904 ($dff) from module gelu_top (D = \u_interface.u_gelu_fp32.u_fp32_to_q16.s2_valid, Q = \u_interface.u_gelu_fp32.u_fp32_to_q16.s3_valid, rval = 1'0).
Adding SRST signal on $flatten\u_interface.\u_gelu_fp32.\u_fp32_to_q16.$procdff$903 ($dff) from module gelu_top (D = $flatten\u_interface.\u_gelu_fp32.\u_fp32_to_q16.$procmux$753_Y, Q = \u_interface.u_gelu_fp32.u_fp32_to_q16.data_out, rval = 0).
Adding SRST signal on $flatten\u_interface.\u_gelu_fp32.\u_fp32_to_q16.$procdff$902 ($dff) from module gelu_top (D = \u_interface.u_gelu_fp32.u_fp32_to_q16.s3_valid, Q = \u_interface.u_gelu_fp32.u_fp32_to_q16.valid_out, rval = 1'0).
Adding SRST signal on $flatten\u_interface.$procdff$901 ($dff) from module gelu_top (D = $flatten\u_interface.$procmux$733_Y, Q = \u_interface.pipeline_enable, rval = 1'0).
Adding EN signal on $auto$ff.cc:266:slice$987 ($sdff) from module gelu_top (D = \s_axil_wdata [0], Q = \u_interface.pipeline_enable).
Adding SRST signal on $flatten\u_interface.$procdff$900 ($dff) from module gelu_top (D = $flatten\u_interface.$procmux$741_Y, Q = \u_interface.s_axil_bvalid, rval = 1'0).
Adding EN signal on $auto$ff.cc:266:slice$991 ($sdff) from module gelu_top (D = $flatten\u_interface.$procmux$741_Y, Q = \u_interface.s_axil_bvalid).
Adding SRST signal on $flatten\u_interface.$procdff$899 ($dff) from module gelu_top (D = $flatten\u_interface.$procmux$747_Y, Q = \u_interface.s_axil_bresp, rval = 2'00).
Adding EN signal on $auto$ff.cc:266:slice$995 ($sdff) from module gelu_top (D = 2'00, Q = \u_interface.s_axil_bresp).
Adding SRST signal on $flatten\u_interface.$procdff$897 ($dff) from module gelu_top (D = $flatten\u_interface.$procmux$719_Y, Q = \u_interface.s_axil_awready, rval = 1'0).
Adding SRST signal on $flatten\u_interface.$procdff$896 ($dff) from module gelu_top (D = $flatten\u_interface.$procmux$701_Y, Q = \u_interface.s_axil_rvalid, rval = 1'0).
Adding EN signal on $auto$ff.cc:266:slice$998 ($sdff) from module gelu_top (D = $flatten\u_interface.$procmux$701_Y, Q = \u_interface.s_axil_rvalid).
Adding SRST signal on $flatten\u_interface.$procdff$895 ($dff) from module gelu_top (D = $flatten\u_interface.$procmux$707_Y, Q = \u_interface.s_axil_rresp, rval = 2'00).
Adding EN signal on $auto$ff.cc:266:slice$1002 ($sdff) from module gelu_top (D = 2'00, Q = \u_interface.s_axil_rresp).
Adding SRST signal on $flatten\u_interface.$procdff$894 ($dff) from module gelu_top (D = $flatten\u_interface.$procmux$713_Y, Q = \u_interface.s_axil_rdata, rval = 0).
Adding EN signal on $auto$ff.cc:266:slice$1004 ($sdff) from module gelu_top (D = $flatten\u_interface.$ternary$/home/systemuser/Documents/ECE/510/Project/m3/rtl/interface.sv:171$27_Y, Q = \u_interface.s_axil_rdata).
Adding SRST signal on $flatten\u_interface.$procdff$893 ($dff) from module gelu_top (D = $flatten\u_interface.$procmux$693_Y, Q = \u_interface.s_axil_arready, rval = 1'0).
Adding SRST signal on $flatten\u_interface.$procdff$892 ($dff) from module gelu_top (D = \u_interface.meta_tuser_pipe[10], Q = \u_interface.meta_tuser_pipe[11], rval = 1'0).
Adding SRST signal on $flatten\u_interface.$procdff$891 ($dff) from module gelu_top (D = \u_interface.meta_tuser_pipe[9], Q = \u_interface.meta_tuser_pipe[10], rval = 1'0).
Adding SRST signal on $flatten\u_interface.$procdff$890 ($dff) from module gelu_top (D = \u_interface.meta_tuser_pipe[8], Q = \u_interface.meta_tuser_pipe[9], rval = 1'0).
Adding SRST signal on $flatten\u_interface.$procdff$889 ($dff) from module gelu_top (D = \u_interface.meta_tuser_pipe[7], Q = \u_interface.meta_tuser_pipe[8], rval = 1'0).
Adding SRST signal on $flatten\u_interface.$procdff$888 ($dff) from module gelu_top (D = \u_interface.meta_tuser_pipe[6], Q = \u_interface.meta_tuser_pipe[7], rval = 1'0).
Adding SRST signal on $flatten\u_interface.$procdff$887 ($dff) from module gelu_top (D = \u_interface.meta_tuser_pipe[5], Q = \u_interface.meta_tuser_pipe[6], rval = 1'0).
Adding SRST signal on $flatten\u_interface.$procdff$886 ($dff) from module gelu_top (D = \u_interface.meta_tuser_pipe[4], Q = \u_interface.meta_tuser_pipe[5], rval = 1'0).
Adding SRST signal on $flatten\u_interface.$procdff$885 ($dff) from module gelu_top (D = \u_interface.meta_tuser_pipe[3], Q = \u_interface.meta_tuser_pipe[4], rval = 1'0).
Adding SRST signal on $flatten\u_interface.$procdff$884 ($dff) from module gelu_top (D = \u_interface.meta_tuser_pipe[2], Q = \u_interface.meta_tuser_pipe[3], rval = 1'0).
Adding SRST signal on $flatten\u_interface.$procdff$883 ($dff) from module gelu_top (D = \u_interface.meta_tuser_pipe[1], Q = \u_interface.meta_tuser_pipe[2], rval = 1'0).
Adding SRST signal on $flatten\u_interface.$procdff$882 ($dff) from module gelu_top (D = \u_interface.meta_tuser_pipe[0], Q = \u_interface.meta_tuser_pipe[1], rval = 1'0).
Adding SRST signal on $flatten\u_interface.$procdff$881 ($dff) from module gelu_top (D = \s_axis_tuser, Q = \u_interface.meta_tuser_pipe[0], rval = 1'0).
Adding SRST signal on $flatten\u_interface.$procdff$878 ($dff) from module gelu_top (D = \u_interface.meta_tlast_pipe [10:0], Q = \u_interface.meta_tlast_pipe [11:1], rval = 11'00000000000).
Adding SRST signal on $flatten\u_interface.$procdff$878 ($dff) from module gelu_top (D = \s_axis_tlast, Q = \u_interface.meta_tlast_pipe [0], rval = 1'0).
Adding SRST signal on $flatten\u_interface.$procdff$868 ($dff) from module gelu_top (D = $flatten\u_interface.$procmux$636_Y, Q = \u_interface.fifo_rd_ptr, rval = 4'0000).
Adding EN signal on $auto$ff.cc:266:slice$1029 ($sdff) from module gelu_top (D = $flatten\u_interface.$add$/home/systemuser/Documents/ECE/510/Project/m3/rtl/interface.sv:259$74_Y, Q = \u_interface.fifo_rd_ptr).
Adding SRST signal on $flatten\u_interface.$procdff$867 ($dff) from module gelu_top (D = $flatten\u_interface.$procmux$642_Y, Q = \u_interface.fifo_wr_ptr, rval = 4'0000).
Adding EN signal on $auto$ff.cc:266:slice$1031 ($sdff) from module gelu_top (D = $flatten\u_interface.$add$/home/systemuser/Documents/ECE/510/Project/m3/rtl/interface.sv:255$73_Y, Q = \u_interface.fifo_wr_ptr).
Adding SRST signal on $flatten\u_interface.$procdff$866 ($dff) from module gelu_top (D = $flatten\u_interface.$procmux$596_Y, Q = \u_interface.in_flight_count, rval = 6'000000).
Adding EN signal on $auto$ff.cc:266:slice$1033 ($sdff) from module gelu_top (D = $flatten\u_interface.$procmux$596_Y, Q = \u_interface.in_flight_count).
Adding SRST signal on $flatten\u_interface.$procdff$865 ($dff) from module gelu_top (D = $flatten\u_interface.$procmux$603_Y, Q = \u_interface.fifo_count, rval = 6'000000).
Adding EN signal on $auto$ff.cc:266:slice$1037 ($sdff) from module gelu_top (D = $flatten\u_interface.$procmux$603_Y, Q = \u_interface.fifo_count).
Setting constant 0-bit at position 0 on $auto$ff.cc:266:slice$1003 ($sdffe) from module gelu_top.
Setting constant 0-bit at position 1 on $auto$ff.cc:266:slice$1003 ($sdffe) from module gelu_top.
Setting constant 0-bit at position 0 on $auto$ff.cc:266:slice$996 ($sdffe) from module gelu_top.
Setting constant 0-bit at position 1 on $auto$ff.cc:266:slice$996 ($sdffe) from module gelu_top.
Setting constant 0-bit at position 0 on $auto$ff.cc:266:slice$972 ($dffe) from module gelu_top.
Setting constant 0-bit at position 1 on $auto$ff.cc:266:slice$972 ($dffe) from module gelu_top.
Setting constant 0-bit at position 2 on $auto$ff.cc:266:slice$972 ($dffe) from module gelu_top.
Setting constant 0-bit at position 3 on $auto$ff.cc:266:slice$972 ($dffe) from module gelu_top.
Setting constant 0-bit at position 4 on $auto$ff.cc:266:slice$972 ($dffe) from module gelu_top.
Setting constant 0-bit at position 5 on $auto$ff.cc:266:slice$972 ($dffe) from module gelu_top.
Setting constant 0-bit at position 6 on $auto$ff.cc:266:slice$972 ($dffe) from module gelu_top.
Setting constant 0-bit at position 7 on $auto$ff.cc:266:slice$972 ($dffe) from module gelu_top.
Setting constant 1-bit at position 31 on $auto$ff.cc:266:slice$972 ($dffe) from module gelu_top.

58. Executing OPT_CLEAN pass (remove unused cells and wires).
Finding unused cells or wires in module \gelu_top..
Removed 79 unused cells and 79 unused wires.
<suppressed ~80 debug messages>

59. Executing OPT_EXPR pass (perform const folding).
Optimizing module gelu_top.
<suppressed ~4 debug messages>

60. Rerunning OPT passes. (Maybe there is more to do…)

61. Executing OPT_MUXTREE pass (detect dead branches in mux trees).
Running muxtree optimizer on module \gelu_top..
  Creating internal representation of mux trees.
  Evaluating internal representation of mux trees.
  Analyzing evaluation results.
Removed 0 multiplexer ports.
<suppressed ~35 debug messages>

62. Executing OPT_REDUCE pass (consolidate $*mux and $reduce_* inputs).
  Optimizing cells in module \gelu_top.
Performed a total of 0 changes.

63. Executing OPT_MERGE pass (detect identical cells).
Finding identical cells in module `\gelu_top'.
<suppressed ~6 debug messages>
Removed a total of 2 cells.

64. Executing OPT_DFF pass (perform DFF optimizations).

65. Executing OPT_CLEAN pass (remove unused cells and wires).
Finding unused cells or wires in module \gelu_top..
Removed 0 unused cells and 2 unused wires.
<suppressed ~1 debug messages>

66. Executing OPT_EXPR pass (perform const folding).
Optimizing module gelu_top.

67. Rerunning OPT passes. (Maybe there is more to do…)

68. Executing OPT_MUXTREE pass (detect dead branches in mux trees).
Running muxtree optimizer on module \gelu_top..
  Creating internal representation of mux trees.
  Evaluating internal representation of mux trees.
  Analyzing evaluation results.
Removed 0 multiplexer ports.
<suppressed ~35 debug messages>

69. Executing OPT_REDUCE pass (consolidate $*mux and $reduce_* inputs).
  Optimizing cells in module \gelu_top.
Performed a total of 0 changes.

70. Executing OPT_MERGE pass (detect identical cells).
Finding identical cells in module `\gelu_top'.
Removed a total of 0 cells.

71. Executing OPT_DFF pass (perform DFF optimizations).

72. Executing OPT_CLEAN pass (remove unused cells and wires).
Finding unused cells or wires in module \gelu_top..

73. Executing OPT_EXPR pass (perform const folding).
Optimizing module gelu_top.

74. Executing WREDUCE pass (reducing word size of cells).
Removed top 13 bits (of 32) from port B of cell gelu_top.$flatten\u_interface.\u_gelu_fp32.\u_synth_top.$lt$/home/systemuser/Documents/ECE/510/Project/m3/rtl/compute_core.sv:60$150 ($lt).
Removed top 2 bits (of 9) from port B of cell gelu_top.$flatten\u_interface.\u_gelu_fp32.\u_fp32_to_q16.$gt$/home/systemuser/Documents/ECE/510/Project/m3/rtl/fp32_to_q16.sv:107$229 ($gt).
Removed top 1 bits (of 9) from port A of cell gelu_top.$flatten\u_interface.\u_gelu_fp32.\u_fp32_to_q16.$sub$/home/systemuser/Documents/ECE/510/Project/m3/rtl/fp32_to_q16.sv:95$221 ($sub).
Removed top 1 bits (of 9) from port B of cell gelu_top.$flatten\u_interface.\u_gelu_fp32.\u_fp32_to_q16.$sub$/home/systemuser/Documents/ECE/510/Project/m3/rtl/fp32_to_q16.sv:95$221 ($sub).
Removed top 16 bits (of 64) from port A of cell gelu_top.$flatten\u_interface.\u_gelu_fp32.\u_synth_top.$add$/home/systemuser/Documents/ECE/510/Project/m3/rtl/compute_core.sv:153$213 ($add).
Removed top 15 bits (of 64) from port Y of cell gelu_top.$flatten\u_interface.\u_gelu_fp32.\u_synth_top.$add$/home/systemuser/Documents/ECE/510/Project/m3/rtl/compute_core.sv:153$213 ($add).
Removed top 1 bits (of 20) from FF cell gelu_top.$flatten\u_interface.\u_gelu_fp32.\u_synth_top.$procdff$839 ($dff).
Removed top 13 bits (of 32) from port B of cell gelu_top.$flatten\u_interface.\u_gelu_fp32.\u_synth_top.$ge$/home/systemuser/Documents/ECE/510/Project/m3/rtl/compute_core.sv:79$205 ($ge).
Removed cell gelu_top.$flatten\u_interface.\u_gelu_fp32.\u_synth_top.$ge$/home/systemuser/Documents/ECE/510/Project/m3/rtl/compute_core.sv:79$205 ($ge).
Removed top 13 bits (of 32) from port B of cell gelu_top.$flatten\u_interface.\u_gelu_fp32.\u_synth_top.$lt$/home/systemuser/Documents/ECE/510/Project/m3/rtl/compute_core.sv:78$203 ($lt).
Removed top 13 bits (of 32) from port B of cell gelu_top.$flatten\u_interface.\u_gelu_fp32.\u_synth_top.$ge$/home/systemuser/Documents/ECE/510/Project/m3/rtl/compute_core.sv:78$202 ($ge).
Removed top 13 bits (of 32) from port B of cell gelu_top.$flatten\u_interface.\u_gelu_fp32.\u_synth_top.$lt$/home/systemuser/Documents/ECE/510/Project/m3/rtl/compute_core.sv:77$200 ($lt).
Removed top 13 bits (of 32) from port B of cell gelu_top.$flatten\u_interface.\u_gelu_fp32.\u_synth_top.$ge$/home/systemuser/Documents/ECE/510/Project/m3/rtl/compute_core.sv:77$199 ($ge).
Removed top 13 bits (of 32) from port B of cell gelu_top.$flatten\u_interface.\u_gelu_fp32.\u_synth_top.$lt$/home/systemuser/Documents/ECE/510/Project/m3/rtl/compute_core.sv:76$197 ($lt).
Removed top 14 bits (of 32) from port B of cell gelu_top.$flatten\u_interface.\u_gelu_fp32.\u_synth_top.$ge$/home/systemuser/Documents/ECE/510/Project/m3/rtl/compute_core.sv:76$196 ($ge).
Removed top 14 bits (of 32) from port B of cell gelu_top.$flatten\u_interface.\u_gelu_fp32.\u_synth_top.$lt$/home/systemuser/Documents/ECE/510/Project/m3/rtl/compute_core.sv:75$194 ($lt).
Removed top 14 bits (of 32) from port B of cell gelu_top.$flatten\u_interface.\u_gelu_fp32.\u_synth_top.$ge$/home/systemuser/Documents/ECE/510/Project/m3/rtl/compute_core.sv:75$193 ($ge).
Removed top 14 bits (of 32) from port B of cell gelu_top.$flatten\u_interface.\u_gelu_fp32.\u_synth_top.$lt$/home/systemuser/Documents/ECE/510/Project/m3/rtl/compute_core.sv:74$191 ($lt).
Removed top 14 bits (of 32) from port B of cell gelu_top.$flatten\u_interface.\u_gelu_fp32.\u_synth_top.$ge$/home/systemuser/Documents/ECE/510/Project/m3/rtl/compute_core.sv:74$190 ($ge).
Removed top 14 bits (of 32) from port B of cell gelu_top.$flatten\u_interface.\u_gelu_fp32.\u_synth_top.$lt$/home/systemuser/Documents/ECE/510/Project/m3/rtl/compute_core.sv:73$188 ($lt).
Removed top 15 bits (of 32) from port B of cell gelu_top.$flatten\u_interface.\u_gelu_fp32.\u_synth_top.$ge$/home/systemuser/Documents/ECE/510/Project/m3/rtl/compute_core.sv:73$187 ($ge).
Removed top 15 bits (of 32) from port B of cell gelu_top.$flatten\u_interface.\u_gelu_fp32.\u_synth_top.$lt$/home/systemuser/Documents/ECE/510/Project/m3/rtl/compute_core.sv:72$185 ($lt).
Removed top 15 bits (of 32) from port B of cell gelu_top.$flatten\u_interface.\u_gelu_fp32.\u_synth_top.$ge$/home/systemuser/Documents/ECE/510/Project/m3/rtl/compute_core.sv:72$184 ($ge).
Removed top 15 bits (of 32) from port B of cell gelu_top.$flatten\u_interface.\u_gelu_fp32.\u_synth_top.$lt$/home/systemuser/Documents/ECE/510/Project/m3/rtl/compute_core.sv:71$182 ($lt).
Removed top 16 bits (of 32) from port B of cell gelu_top.$flatten\u_interface.\u_gelu_fp32.\u_synth_top.$ge$/home/systemuser/Documents/ECE/510/Project/m3/rtl/compute_core.sv:71$181 ($ge).
Removed top 16 bits (of 32) from port B of cell gelu_top.$flatten\u_interface.\u_gelu_fp32.\u_synth_top.$lt$/home/systemuser/Documents/ECE/510/Project/m3/rtl/compute_core.sv:70$179 ($lt).
Removed top 31 bits (of 32) from port B of cell gelu_top.$flatten\u_interface.\u_gelu_fp32.\u_synth_top.$ge$/home/systemuser/Documents/ECE/510/Project/m3/rtl/compute_core.sv:70$178 ($ge).
Removed top 31 bits (of 32) from port B of cell gelu_top.$flatten\u_interface.\u_gelu_fp32.\u_synth_top.$lt$/home/systemuser/Documents/ECE/510/Project/m3/rtl/compute_core.sv:69$176 ($lt).
Removed top 17 bits (of 32) from port B of cell gelu_top.$flatten\u_interface.\u_gelu_fp32.\u_synth_top.$ge$/home/systemuser/Documents/ECE/510/Project/m3/rtl/compute_core.sv:69$175 ($ge).
Removed top 17 bits (of 32) from port B of cell gelu_top.$flatten\u_interface.\u_gelu_fp32.\u_synth_top.$lt$/home/systemuser/Documents/ECE/510/Project/m3/rtl/compute_core.sv:68$173 ($lt).
Removed top 16 bits (of 32) from port B of cell gelu_top.$flatten\u_interface.\u_gelu_fp32.\u_synth_top.$ge$/home/systemuser/Documents/ECE/510/Project/m3/rtl/compute_core.sv:68$172 ($ge).
Removed top 16 bits (of 32) from port B of cell gelu_top.$flatten\u_interface.\u_gelu_fp32.\u_synth_top.$lt$/home/systemuser/Documents/ECE/510/Project/m3/rtl/compute_core.sv:67$170 ($lt).
Removed top 15 bits (of 32) from port B of cell gelu_top.$flatten\u_interface.\u_gelu_fp32.\u_synth_top.$ge$/home/systemuser/Documents/ECE/510/Project/m3/rtl/compute_core.sv:67$169 ($ge).
Removed top 15 bits (of 32) from port B of cell gelu_top.$flatten\u_interface.\u_gelu_fp32.\u_synth_top.$lt$/home/systemuser/Documents/ECE/510/Project/m3/rtl/compute_core.sv:66$167 ($lt).
Removed top 15 bits (of 32) from port B of cell gelu_top.$flatten\u_interface.\u_gelu_fp32.\u_synth_top.$ge$/home/systemuser/Documents/ECE/510/Project/m3/rtl/compute_core.sv:66$166 ($ge).
Removed top 15 bits (of 32) from port B of cell gelu_top.$flatten\u_interface.\u_gelu_fp32.\u_synth_top.$lt$/home/systemuser/Documents/ECE/510/Project/m3/rtl/compute_core.sv:65$164 ($lt).
Removed top 14 bits (of 32) from port B of cell gelu_top.$flatten\u_interface.\u_gelu_fp32.\u_synth_top.$ge$/home/systemuser/Documents/ECE/510/Project/m3/rtl/compute_core.sv:65$163 ($ge).
Removed top 14 bits (of 32) from port B of cell gelu_top.$flatten\u_interface.\u_gelu_fp32.\u_synth_top.$lt$/home/systemuser/Documents/ECE/510/Project/m3/rtl/compute_core.sv:64$161 ($lt).
Removed top 14 bits (of 32) from port B of cell gelu_top.$flatten\u_interface.\u_gelu_fp32.\u_synth_top.$ge$/home/systemuser/Documents/ECE/510/Project/m3/rtl/compute_core.sv:64$160 ($ge).
Removed top 14 bits (of 32) from port B of cell gelu_top.$flatten\u_interface.\u_gelu_fp32.\u_synth_top.$lt$/home/systemuser/Documents/ECE/510/Project/m3/rtl/compute_core.sv:63$158 ($lt).
Removed top 14 bits (of 32) from port B of cell gelu_top.$flatten\u_interface.\u_gelu_fp32.\u_synth_top.$ge$/home/systemuser/Documents/ECE/510/Project/m3/rtl/compute_core.sv:63$157 ($ge).
Removed top 14 bits (of 32) from port B of cell gelu_top.$flatten\u_interface.\u_gelu_fp32.\u_synth_top.$lt$/home/systemuser/Documents/ECE/510/Project/m3/rtl/compute_core.sv:62$155 ($lt).
Removed top 13 bits (of 32) from port B of cell gelu_top.$flatten\u_interface.\u_gelu_fp32.\u_synth_top.$ge$/home/systemuser/Documents/ECE/510/Project/m3/rtl/compute_core.sv:62$154 ($ge).
Removed top 13 bits (of 32) from port B of cell gelu_top.$flatten\u_interface.\u_gelu_fp32.\u_synth_top.$lt$/home/systemuser/Documents/ECE/510/Project/m3/rtl/compute_core.sv:61$152 ($lt).
Removed top 13 bits (of 32) from port B of cell gelu_top.$flatten\u_interface.\u_gelu_fp32.\u_synth_top.$ge$/home/systemuser/Documents/ECE/510/Project/m3/rtl/compute_core.sv:61$151 ($ge).
Removed top 1 bits (of 32) from FF cell gelu_top.$auto$ff.cc:266:slice$953 ($dffe).
Removed top 1 bits (of 32) from mux cell gelu_top.$flatten\u_interface.\u_gelu_fp32.\u_q16_to_fp32.$procmux$329 ($mux).
Removed top 7 bits (of 8) from port B of cell gelu_top.$flatten\u_interface.\u_gelu_fp32.\u_q16_to_fp32.$add$/home/systemuser/Documents/ECE/510/Project/m3/rtl/q16_to_fp32.sv:159$148 ($add).
Removed top 1 bits (of 24) from port A of cell gelu_top.$flatten\u_interface.\u_gelu_fp32.\u_q16_to_fp32.$add$/home/systemuser/Documents/ECE/510/Project/m3/rtl/q16_to_fp32.sv:145$146 ($add).
Removed top 1 bits (of 32) from port Y of cell gelu_top.$flatten\u_interface.\u_gelu_fp32.\u_q16_to_fp32.$shl$/home/systemuser/Documents/ECE/510/Project/m3/rtl/q16_to_fp32.sv:129$142 ($shl).
Removed top 1 bits (of 32) from mux cell gelu_top.$flatten\u_interface.\u_gelu_fp32.\u_q16_to_fp32.$ternary$/home/systemuser/Documents/ECE/510/Project/m3/rtl/q16_to_fp32.sv:81$85 ($mux).
Removed top 1 bits (of 2) from port B of cell gelu_top.$flatten\u_interface.$procmux$604_CMP0 ($eq).
Removed top 1 bits (of 2) from port B of cell gelu_top.$flatten\u_interface.$procmux$597_CMP0 ($eq).
Removed top 1 bits (of 6) from port B of cell gelu_top.$flatten\u_interface.$lt$/home/systemuser/Documents/ECE/510/Project/m3/rtl/interface.sv:188$30 ($lt).
Removed top 31 bits (of 32) from mux cell gelu_top.$flatten\u_interface.$ternary$/home/systemuser/Documents/ECE/510/Project/m3/rtl/interface.sv:171$27 ($mux).
Removed top 31 bits (of 32) from wire gelu_top.$flatten\u_interface.$ternary$/home/systemuser/Documents/ECE/510/Project/m3/rtl/interface.sv:171$27_Y.
Removed top 1 bits (of 32) from wire gelu_top.$flatten\u_interface.\u_gelu_fp32.\u_q16_to_fp32.$shl$/home/systemuser/Documents/ECE/510/Project/m3/rtl/q16_to_fp32.sv:129$142_Y.
Removed top 1 bits (of 32) from wire gelu_top.$flatten\u_interface.\u_gelu_fp32.\u_q16_to_fp32.$ternary$/home/systemuser/Documents/ECE/510/Project/m3/rtl/q16_to_fp32.sv:81$85_Y.
Removed top 1 bits (of 20) from wire gelu_top.$flatten\u_interface.\u_gelu_fp32.\u_synth_top.$0\s1_hits[19:0].

75. Executing PEEPOPT pass (run peephole optimizers).

76. Executing OPT_CLEAN pass (remove unused cells and wires).
Finding unused cells or wires in module \gelu_top..
Removed 0 unused cells and 4 unused wires.
<suppressed ~1 debug messages>

77. Executing ALUMACC pass (create $alu and $macc cells).
Extracting $alu and $macc cells in module gelu_top:
  creating $macc model for $flatten\u_interface.$add$/home/systemuser/Documents/ECE/510/Project/m3/rtl/interface.sv:187$29 ($add).
  creating $macc model for $flatten\u_interface.$add$/home/systemuser/Documents/ECE/510/Project/m3/rtl/interface.sv:255$73 ($add).
  creating $macc model for $flatten\u_interface.$add$/home/systemuser/Documents/ECE/510/Project/m3/rtl/interface.sv:259$74 ($add).
  creating $macc model for $flatten\u_interface.$add$/home/systemuser/Documents/ECE/510/Project/m3/rtl/interface.sv:262$75 ($add).
  creating $macc model for $flatten\u_interface.$add$/home/systemuser/Documents/ECE/510/Project/m3/rtl/interface.sv:268$77 ($add).
  creating $macc model for $flatten\u_interface.$sub$/home/systemuser/Documents/ECE/510/Project/m3/rtl/interface.sv:263$76 ($sub).
  creating $macc model for $flatten\u_interface.$sub$/home/systemuser/Documents/ECE/510/Project/m3/rtl/interface.sv:269$78 ($sub).
  creating $macc model for $flatten\u_interface.\u_gelu_fp32.\u_fp32_to_q16.$add$/home/systemuser/Documents/ECE/510/Project/m3/rtl/fp32_to_q16.sv:154$236 ($add).
  creating $macc model for $flatten\u_interface.\u_gelu_fp32.\u_fp32_to_q16.$add$/home/systemuser/Documents/ECE/510/Project/m3/rtl/fp32_to_q16.sv:157$238 ($add).
  creating $macc model for $flatten\u_interface.\u_gelu_fp32.\u_fp32_to_q16.$sub$/home/systemuser/Documents/ECE/510/Project/m3/rtl/fp32_to_q16.sv:95$221 ($sub).
  creating $macc model for $flatten\u_interface.\u_gelu_fp32.\u_q16_to_fp32.$add$/home/systemuser/Documents/ECE/510/Project/m3/rtl/q16_to_fp32.sv:145$146 ($add).
  creating $macc model for $flatten\u_interface.\u_gelu_fp32.\u_q16_to_fp32.$add$/home/systemuser/Documents/ECE/510/Project/m3/rtl/q16_to_fp32.sv:159$148 ($add).
  creating $macc model for $flatten\u_interface.\u_gelu_fp32.\u_q16_to_fp32.$add$/home/systemuser/Documents/ECE/510/Project/m3/rtl/q16_to_fp32.sv:81$84 ($add).
  creating $macc model for $flatten\u_interface.\u_gelu_fp32.\u_q16_to_fp32.$sub$/home/systemuser/Documents/ECE/510/Project/m3/rtl/q16_to_fp32.sv:107$139 ($sub).
  creating $macc model for $flatten\u_interface.\u_gelu_fp32.\u_synth_top.$add$/home/systemuser/Documents/ECE/510/Project/m3/rtl/compute_core.sv:153$213 ($add).
  creating $macc model for $flatten\u_interface.\u_gelu_fp32.\u_synth_top.$mul$/home/systemuser/Documents/ECE/510/Project/m3/rtl/compute_core.sv:142$211 ($mul).
  creating $macc model for $flatten\u_interface.\u_gelu_fp32.\u_synth_top.$sub$/home/systemuser/Documents/ECE/510/Project/m3/rtl/compute_core.sv:121$208 ($sub).
  creating $alu model for $macc $flatten\u_interface.\u_gelu_fp32.\u_synth_top.$sub$/home/systemuser/Documents/ECE/510/Project/m3/rtl/compute_core.sv:121$208.
  creating $alu model for $macc $flatten\u_interface.\u_gelu_fp32.\u_synth_top.$add$/home/systemuser/Documents/ECE/510/Project/m3/rtl/compute_core.sv:153$213.
  creating $alu model for $macc $flatten\u_interface.\u_gelu_fp32.\u_q16_to_fp32.$sub$/home/systemuser/Documents/ECE/510/Project/m3/rtl/q16_to_fp32.sv:107$139.
  creating $alu model for $macc $flatten\u_interface.\u_gelu_fp32.\u_q16_to_fp32.$add$/home/systemuser/Documents/ECE/510/Project/m3/rtl/q16_to_fp32.sv:81$84.
  creating $alu model for $macc $flatten\u_interface.\u_gelu_fp32.\u_q16_to_fp32.$add$/home/systemuser/Documents/ECE/510/Project/m3/rtl/q16_to_fp32.sv:159$148.
  creating $alu model for $macc $flatten\u_interface.\u_gelu_fp32.\u_q16_to_fp32.$add$/home/systemuser/Documents/ECE/510/Project/m3/rtl/q16_to_fp32.sv:145$146.
  creating $alu model for $macc $flatten\u_interface.\u_gelu_fp32.\u_fp32_to_q16.$sub$/home/systemuser/Documents/ECE/510/Project/m3/rtl/fp32_to_q16.sv:95$221.
  creating $alu model for $macc $flatten\u_interface.\u_gelu_fp32.\u_fp32_to_q16.$add$/home/systemuser/Documents/ECE/510/Project/m3/rtl/fp32_to_q16.sv:157$238.
  creating $alu model for $macc $flatten\u_interface.\u_gelu_fp32.\u_fp32_to_q16.$add$/home/systemuser/Documents/ECE/510/Project/m3/rtl/fp32_to_q16.sv:154$236.
  creating $alu model for $macc $flatten\u_interface.$sub$/home/systemuser/Documents/ECE/510/Project/m3/rtl/interface.sv:269$78.
  creating $alu model for $macc $flatten\u_interface.$sub$/home/systemuser/Documents/ECE/510/Project/m3/rtl/interface.sv:263$76.
  creating $alu model for $macc $flatten\u_interface.$add$/home/systemuser/Documents/ECE/510/Project/m3/rtl/interface.sv:268$77.
  creating $alu model for $macc $flatten\u_interface.$add$/home/systemuser/Documents/ECE/510/Project/m3/rtl/interface.sv:262$75.
  creating $alu model for $macc $flatten\u_interface.$add$/home/systemuser/Documents/ECE/510/Project/m3/rtl/interface.sv:259$74.
  creating $alu model for $macc $flatten\u_interface.$add$/home/systemuser/Documents/ECE/510/Project/m3/rtl/interface.sv:255$73.
  creating $alu model for $macc $flatten\u_interface.$add$/home/systemuser/Documents/ECE/510/Project/m3/rtl/interface.sv:187$29.
  creating $macc cell for $flatten\u_interface.\u_gelu_fp32.\u_synth_top.$mul$/home/systemuser/Documents/ECE/510/Project/m3/rtl/compute_core.sv:142$211: $auto$alumacc.cc:365:replace_macc$1046
  creating $alu model for $flatten\u_interface.$lt$/home/systemuser/Documents/ECE/510/Project/m3/rtl/interface.sv:188$30 ($lt): new $alu
  creating $alu model for $flatten\u_interface.\u_gelu_fp32.\u_fp32_to_q16.$gt$/home/systemuser/Documents/ECE/510/Project/m3/rtl/fp32_to_q16.sv:100$222 ($gt): new $alu
  creating $alu model for $flatten\u_interface.\u_gelu_fp32.\u_fp32_to_q16.$gt$/home/systemuser/Documents/ECE/510/Project/m3/rtl/fp32_to_q16.sv:107$229 ($gt): new $alu
  creating $alu model for $flatten\u_interface.\u_gelu_fp32.\u_synth_top.$ge$/home/systemuser/Documents/ECE/510/Project/m3/rtl/compute_core.sv:61$151 ($ge): new $alu
  creating $alu model for $flatten\u_interface.\u_gelu_fp32.\u_synth_top.$ge$/home/systemuser/Documents/ECE/510/Project/m3/rtl/compute_core.sv:62$154 ($ge): new $alu
  creating $alu model for $flatten\u_interface.\u_gelu_fp32.\u_synth_top.$ge$/home/systemuser/Documents/ECE/510/Project/m3/rtl/compute_core.sv:63$157 ($ge): new $alu
  creating $alu model for $flatten\u_interface.\u_gelu_fp32.\u_synth_top.$ge$/home/systemuser/Documents/ECE/510/Project/m3/rtl/compute_core.sv:64$160 ($ge): new $alu
  creating $alu model for $flatten\u_interface.\u_gelu_fp32.\u_synth_top.$ge$/home/systemuser/Documents/ECE/510/Project/m3/rtl/compute_core.sv:65$163 ($ge): new $alu
  creating $alu model for $flatten\u_interface.\u_gelu_fp32.\u_synth_top.$ge$/home/systemuser/Documents/ECE/510/Project/m3/rtl/compute_core.sv:66$166 ($ge): new $alu
  creating $alu model for $flatten\u_interface.\u_gelu_fp32.\u_synth_top.$ge$/home/systemuser/Documents/ECE/510/Project/m3/rtl/compute_core.sv:67$169 ($ge): new $alu
  creating $alu model for $flatten\u_interface.\u_gelu_fp32.\u_synth_top.$ge$/home/systemuser/Documents/ECE/510/Project/m3/rtl/compute_core.sv:68$172 ($ge): new $alu
  creating $alu model for $flatten\u_interface.\u_gelu_fp32.\u_synth_top.$ge$/home/systemuser/Documents/ECE/510/Project/m3/rtl/compute_core.sv:69$175 ($ge): new $alu
  creating $alu model for $flatten\u_interface.\u_gelu_fp32.\u_synth_top.$ge$/home/systemuser/Documents/ECE/510/Project/m3/rtl/compute_core.sv:70$178 ($ge): new $alu
  creating $alu model for $flatten\u_interface.\u_gelu_fp32.\u_synth_top.$ge$/home/systemuser/Documents/ECE/510/Project/m3/rtl/compute_core.sv:71$181 ($ge): new $alu
  creating $alu model for $flatten\u_interface.\u_gelu_fp32.\u_synth_top.$ge$/home/systemuser/Documents/ECE/510/Project/m3/rtl/compute_core.sv:72$184 ($ge): new $alu
  creating $alu model for $flatten\u_interface.\u_gelu_fp32.\u_synth_top.$ge$/home/systemuser/Documents/ECE/510/Project/m3/rtl/compute_core.sv:73$187 ($ge): new $alu
  creating $alu model for $flatten\u_interface.\u_gelu_fp32.\u_synth_top.$ge$/home/systemuser/Documents/ECE/510/Project/m3/rtl/compute_core.sv:74$190 ($ge): new $alu
  creating $alu model for $flatten\u_interface.\u_gelu_fp32.\u_synth_top.$ge$/home/systemuser/Documents/ECE/510/Project/m3/rtl/compute_core.sv:75$193 ($ge): new $alu
  creating $alu model for $flatten\u_interface.\u_gelu_fp32.\u_synth_top.$ge$/home/systemuser/Documents/ECE/510/Project/m3/rtl/compute_core.sv:76$196 ($ge): new $alu
  creating $alu model for $flatten\u_interface.\u_gelu_fp32.\u_synth_top.$ge$/home/systemuser/Documents/ECE/510/Project/m3/rtl/compute_core.sv:77$199 ($ge): new $alu
  creating $alu model for $flatten\u_interface.\u_gelu_fp32.\u_synth_top.$ge$/home/systemuser/Documents/ECE/510/Project/m3/rtl/compute_core.sv:78$202 ($ge): new $alu
  creating $alu model for $flatten\u_interface.\u_gelu_fp32.\u_synth_top.$lt$/home/systemuser/Documents/ECE/510/Project/m3/rtl/compute_core.sv:60$150 ($lt): merged with $flatten\u_interface.\u_gelu_fp32.\u_synth_top.$ge$/home/systemuser/Documents/ECE/510/Project/m3/rtl/compute_core.sv:61$151.
  creating $alu model for $flatten\u_interface.\u_gelu_fp32.\u_synth_top.$lt$/home/systemuser/Documents/ECE/510/Project/m3/rtl/compute_core.sv:61$152 ($lt): merged with $flatten\u_interface.\u_gelu_fp32.\u_synth_top.$ge$/home/systemuser/Documents/ECE/510/Project/m3/rtl/compute_core.sv:62$154.
  creating $alu model for $flatten\u_interface.\u_gelu_fp32.\u_synth_top.$lt$/home/systemuser/Documents/ECE/510/Project/m3/rtl/compute_core.sv:62$155 ($lt): merged with $flatten\u_interface.\u_gelu_fp32.\u_synth_top.$ge$/home/systemuser/Documents/ECE/510/Project/m3/rtl/compute_core.sv:63$157.
  creating $alu model for $flatten\u_interface.\u_gelu_fp32.\u_synth_top.$lt$/home/systemuser/Documents/ECE/510/Project/m3/rtl/compute_core.sv:63$158 ($lt): merged with $flatten\u_interface.\u_gelu_fp32.\u_synth_top.$ge$/home/systemuser/Documents/ECE/510/Project/m3/rtl/compute_core.sv:64$160.
  creating $alu model for $flatten\u_interface.\u_gelu_fp32.\u_synth_top.$lt$/home/systemuser/Documents/ECE/510/Project/m3/rtl/compute_core.sv:64$161 ($lt): merged with $flatten\u_interface.\u_gelu_fp32.\u_synth_top.$ge$/home/systemuser/Documents/ECE/510/Project/m3/rtl/compute_core.sv:65$163.
  creating $alu model for $flatten\u_interface.\u_gelu_fp32.\u_synth_top.$lt$/home/systemuser/Documents/ECE/510/Project/m3/rtl/compute_core.sv:65$164 ($lt): merged with $flatten\u_interface.\u_gelu_fp32.\u_synth_top.$ge$/home/systemuser/Documents/ECE/510/Project/m3/rtl/compute_core.sv:66$166.
  creating $alu model for $flatten\u_interface.\u_gelu_fp32.\u_synth_top.$lt$/home/systemuser/Documents/ECE/510/Project/m3/rtl/compute_core.sv:66$167 ($lt): merged with $flatten\u_interface.\u_gelu_fp32.\u_synth_top.$ge$/home/systemuser/Documents/ECE/510/Project/m3/rtl/compute_core.sv:67$169.
  creating $alu model for $flatten\u_interface.\u_gelu_fp32.\u_synth_top.$lt$/home/systemuser/Documents/ECE/510/Project/m3/rtl/compute_core.sv:67$170 ($lt): merged with $flatten\u_interface.\u_gelu_fp32.\u_synth_top.$ge$/home/systemuser/Documents/ECE/510/Project/m3/rtl/compute_core.sv:68$172.
  creating $alu model for $flatten\u_interface.\u_gelu_fp32.\u_synth_top.$lt$/home/systemuser/Documents/ECE/510/Project/m3/rtl/compute_core.sv:68$173 ($lt): merged with $flatten\u_interface.\u_gelu_fp32.\u_synth_top.$ge$/home/systemuser/Documents/ECE/510/Project/m3/rtl/compute_core.sv:69$175.
  creating $alu model for $flatten\u_interface.\u_gelu_fp32.\u_synth_top.$lt$/home/systemuser/Documents/ECE/510/Project/m3/rtl/compute_core.sv:69$176 ($lt): merged with $flatten\u_interface.\u_gelu_fp32.\u_synth_top.$ge$/home/systemuser/Documents/ECE/510/Project/m3/rtl/compute_core.sv:70$178.
  creating $alu model for $flatten\u_interface.\u_gelu_fp32.\u_synth_top.$lt$/home/systemuser/Documents/ECE/510/Project/m3/rtl/compute_core.sv:70$179 ($lt): merged with $flatten\u_interface.\u_gelu_fp32.\u_synth_top.$ge$/home/systemuser/Documents/ECE/510/Project/m3/rtl/compute_core.sv:71$181.
  creating $alu model for $flatten\u_interface.\u_gelu_fp32.\u_synth_top.$lt$/home/systemuser/Documents/ECE/510/Project/m3/rtl/compute_core.sv:71$182 ($lt): merged with $flatten\u_interface.\u_gelu_fp32.\u_synth_top.$ge$/home/systemuser/Documents/ECE/510/Project/m3/rtl/compute_core.sv:72$184.
  creating $alu model for $flatten\u_interface.\u_gelu_fp32.\u_synth_top.$lt$/home/systemuser/Documents/ECE/510/Project/m3/rtl/compute_core.sv:72$185 ($lt): merged with $flatten\u_interface.\u_gelu_fp32.\u_synth_top.$ge$/home/systemuser/Documents/ECE/510/Project/m3/rtl/compute_core.sv:73$187.
  creating $alu model for $flatten\u_interface.\u_gelu_fp32.\u_synth_top.$lt$/home/systemuser/Documents/ECE/510/Project/m3/rtl/compute_core.sv:73$188 ($lt): merged with $flatten\u_interface.\u_gelu_fp32.\u_synth_top.$ge$/home/systemuser/Documents/ECE/510/Project/m3/rtl/compute_core.sv:74$190.
  creating $alu model for $flatten\u_interface.\u_gelu_fp32.\u_synth_top.$lt$/home/systemuser/Documents/ECE/510/Project/m3/rtl/compute_core.sv:74$191 ($lt): merged with $flatten\u_interface.\u_gelu_fp32.\u_synth_top.$ge$/home/systemuser/Documents/ECE/510/Project/m3/rtl/compute_core.sv:75$193.
  creating $alu model for $flatten\u_interface.\u_gelu_fp32.\u_synth_top.$lt$/home/systemuser/Documents/ECE/510/Project/m3/rtl/compute_core.sv:75$194 ($lt): merged with $flatten\u_interface.\u_gelu_fp32.\u_synth_top.$ge$/home/systemuser/Documents/ECE/510/Project/m3/rtl/compute_core.sv:76$196.
  creating $alu model for $flatten\u_interface.\u_gelu_fp32.\u_synth_top.$lt$/home/systemuser/Documents/ECE/510/Project/m3/rtl/compute_core.sv:76$197 ($lt): merged with $flatten\u_interface.\u_gelu_fp32.\u_synth_top.$ge$/home/systemuser/Documents/ECE/510/Project/m3/rtl/compute_core.sv:77$199.
  creating $alu model for $flatten\u_interface.\u_gelu_fp32.\u_synth_top.$lt$/home/systemuser/Documents/ECE/510/Project/m3/rtl/compute_core.sv:77$200 ($lt): merged with $flatten\u_interface.\u_gelu_fp32.\u_synth_top.$ge$/home/systemuser/Documents/ECE/510/Project/m3/rtl/compute_core.sv:78$202.
  creating $alu model for $flatten\u_interface.\u_gelu_fp32.\u_synth_top.$lt$/home/systemuser/Documents/ECE/510/Project/m3/rtl/compute_core.sv:78$203 ($lt): new $alu
  creating $alu model for $flatten\u_interface.\u_gelu_fp32.\u_fp32_to_q16.$eq$/home/systemuser/Documents/ECE/510/Project/m3/rtl/fp32_to_q16.sv:101$223 ($eq): merged with $flatten\u_interface.\u_gelu_fp32.\u_fp32_to_q16.$gt$/home/systemuser/Documents/ECE/510/Project/m3/rtl/fp32_to_q16.sv:100$222.
  creating $alu cell for $flatten\u_interface.\u_gelu_fp32.\u_synth_top.$lt$/home/systemuser/Documents/ECE/510/Project/m3/rtl/compute_core.sv:78$203: $auto$alumacc.cc:485:replace_alu$1069
  creating $alu cell for $flatten\u_interface.\u_gelu_fp32.\u_synth_top.$ge$/home/systemuser/Documents/ECE/510/Project/m3/rtl/compute_core.sv:78$202, $flatten\u_interface.\u_gelu_fp32.\u_synth_top.$lt$/home/systemuser/Documents/ECE/510/Project/m3/rtl/compute_core.sv:77$200: $auto$alumacc.cc:485:replace_alu$1082
  creating $alu cell for $flatten\u_interface.\u_gelu_fp32.\u_synth_top.$ge$/home/systemuser/Documents/ECE/510/Project/m3/rtl/compute_core.sv:77$199, $flatten\u_interface.\u_gelu_fp32.\u_synth_top.$lt$/home/systemuser/Documents/ECE/510/Project/m3/rtl/compute_core.sv:76$197: $auto$alumacc.cc:485:replace_alu$1097
  creating $alu cell for $flatten\u_interface.\u_gelu_fp32.\u_synth_top.$ge$/home/systemuser/Documents/ECE/510/Project/m3/rtl/compute_core.sv:76$196, $flatten\u_interface.\u_gelu_fp32.\u_synth_top.$lt$/home/systemuser/Documents/ECE/510/Project/m3/rtl/compute_core.sv:75$194: $auto$alumacc.cc:485:replace_alu$1112
  creating $alu cell for $flatten\u_interface.\u_gelu_fp32.\u_synth_top.$ge$/home/systemuser/Documents/ECE/510/Project/m3/rtl/compute_core.sv:75$193, $flatten\u_interface.\u_gelu_fp32.\u_synth_top.$lt$/home/systemuser/Documents/ECE/510/Project/m3/rtl/compute_core.sv:74$191: $auto$alumacc.cc:485:replace_alu$1127
  creating $alu cell for $flatten\u_interface.\u_gelu_fp32.\u_synth_top.$ge$/home/systemuser/Documents/ECE/510/Project/m3/rtl/compute_core.sv:74$190, $flatten\u_interface.\u_gelu_fp32.\u_synth_top.$lt$/home/systemuser/Documents/ECE/510/Project/m3/rtl/compute_core.sv:73$188: $auto$alumacc.cc:485:replace_alu$1142
  creating $alu cell for $flatten\u_interface.\u_gelu_fp32.\u_synth_top.$ge$/home/systemuser/Documents/ECE/510/Project/m3/rtl/compute_core.sv:73$187, $flatten\u_interface.\u_gelu_fp32.\u_synth_top.$lt$/home/systemuser/Documents/ECE/510/Project/m3/rtl/compute_core.sv:72$185: $auto$alumacc.cc:485:replace_alu$1157
  creating $alu cell for $flatten\u_interface.\u_gelu_fp32.\u_synth_top.$ge$/home/systemuser/Documents/ECE/510/Project/m3/rtl/compute_core.sv:72$184, $flatten\u_interface.\u_gelu_fp32.\u_synth_top.$lt$/home/systemuser/Documents/ECE/510/Project/m3/rtl/compute_core.sv:71$182: $auto$alumacc.cc:485:replace_alu$1172
  creating $alu cell for $flatten\u_interface.\u_gelu_fp32.\u_synth_top.$ge$/home/systemuser/Documents/ECE/510/Project/m3/rtl/compute_core.sv:71$181, $flatten\u_interface.\u_gelu_fp32.\u_synth_top.$lt$/home/systemuser/Documents/ECE/510/Project/m3/rtl/compute_core.sv:70$179: $auto$alumacc.cc:485:replace_alu$1187
  creating $alu cell for $flatten\u_interface.\u_gelu_fp32.\u_synth_top.$ge$/home/systemuser/Documents/ECE/510/Project/m3/rtl/compute_core.sv:70$178, $flatten\u_interface.\u_gelu_fp32.\u_synth_top.$lt$/home/systemuser/Documents/ECE/510/Project/m3/rtl/compute_core.sv:69$176: $auto$alumacc.cc:485:replace_alu$1202
  creating $alu cell for $flatten\u_interface.\u_gelu_fp32.\u_synth_top.$ge$/home/systemuser/Documents/ECE/510/Project/m3/rtl/compute_core.sv:69$175, $flatten\u_interface.\u_gelu_fp32.\u_synth_top.$lt$/home/systemuser/Documents/ECE/510/Project/m3/rtl/compute_core.sv:68$173: $auto$alumacc.cc:485:replace_alu$1217
  creating $alu cell for $flatten\u_interface.\u_gelu_fp32.\u_synth_top.$ge$/home/systemuser/Documents/ECE/510/Project/m3/rtl/compute_core.sv:68$172, $flatten\u_interface.\u_gelu_fp32.\u_synth_top.$lt$/home/systemuser/Documents/ECE/510/Project/m3/rtl/compute_core.sv:67$170: $auto$alumacc.cc:485:replace_alu$1232
  creating $alu cell for $flatten\u_interface.\u_gelu_fp32.\u_synth_top.$ge$/home/systemuser/Documents/ECE/510/Project/m3/rtl/compute_core.sv:67$169, $flatten\u_interface.\u_gelu_fp32.\u_synth_top.$lt$/home/systemuser/Documents/ECE/510/Project/m3/rtl/compute_core.sv:66$167: $auto$alumacc.cc:485:replace_alu$1247
  creating $alu cell for $flatten\u_interface.\u_gelu_fp32.\u_synth_top.$ge$/home/systemuser/Documents/ECE/510/Project/m3/rtl/compute_core.sv:66$166, $flatten\u_interface.\u_gelu_fp32.\u_synth_top.$lt$/home/systemuser/Documents/ECE/510/Project/m3/rtl/compute_core.sv:65$164: $auto$alumacc.cc:485:replace_alu$1262
  creating $alu cell for $flatten\u_interface.\u_gelu_fp32.\u_synth_top.$ge$/home/systemuser/Documents/ECE/510/Project/m3/rtl/compute_core.sv:65$163, $flatten\u_interface.\u_gelu_fp32.\u_synth_top.$lt$/home/systemuser/Documents/ECE/510/Project/m3/rtl/compute_core.sv:64$161: $auto$alumacc.cc:485:replace_alu$1277
  creating $alu cell for $flatten\u_interface.\u_gelu_fp32.\u_synth_top.$ge$/home/systemuser/Documents/ECE/510/Project/m3/rtl/compute_core.sv:64$160, $flatten\u_interface.\u_gelu_fp32.\u_synth_top.$lt$/home/systemuser/Documents/ECE/510/Project/m3/rtl/compute_core.sv:63$158: $auto$alumacc.cc:485:replace_alu$1292
  creating $alu cell for $flatten\u_interface.\u_gelu_fp32.\u_synth_top.$ge$/home/systemuser/Documents/ECE/510/Project/m3/rtl/compute_core.sv:63$157, $flatten\u_interface.\u_gelu_fp32.\u_synth_top.$lt$/home/systemuser/Documents/ECE/510/Project/m3/rtl/compute_core.sv:62$155: $auto$alumacc.cc:485:replace_alu$1307
  creating $alu cell for $flatten\u_interface.\u_gelu_fp32.\u_synth_top.$ge$/home/systemuser/Documents/ECE/510/Project/m3/rtl/compute_core.sv:62$154, $flatten\u_interface.\u_gelu_fp32.\u_synth_top.$lt$/home/systemuser/Documents/ECE/510/Project/m3/rtl/compute_core.sv:61$152: $auto$alumacc.cc:485:replace_alu$1322
  creating $alu cell for $flatten\u_interface.\u_gelu_fp32.\u_synth_top.$ge$/home/systemuser/Documents/ECE/510/Project/m3/rtl/compute_core.sv:61$151, $flatten\u_interface.\u_gelu_fp32.\u_synth_top.$lt$/home/systemuser/Documents/ECE/510/Project/m3/rtl/compute_core.sv:60$150: $auto$alumacc.cc:485:replace_alu$1337
  creating $alu cell for $flatten\u_interface.\u_gelu_fp32.\u_fp32_to_q16.$gt$/home/systemuser/Documents/ECE/510/Project/m3/rtl/fp32_to_q16.sv:107$229: $auto$alumacc.cc:485:replace_alu$1352
  creating $alu cell for $flatten\u_interface.\u_gelu_fp32.\u_fp32_to_q16.$gt$/home/systemuser/Documents/ECE/510/Project/m3/rtl/fp32_to_q16.sv:100$222, $flatten\u_interface.\u_gelu_fp32.\u_fp32_to_q16.$eq$/home/systemuser/Documents/ECE/510/Project/m3/rtl/fp32_to_q16.sv:101$223: $auto$alumacc.cc:485:replace_alu$1359
  creating $alu cell for $flatten\u_interface.$lt$/home/systemuser/Documents/ECE/510/Project/m3/rtl/interface.sv:188$30: $auto$alumacc.cc:485:replace_alu$1370
  creating $alu cell for $flatten\u_interface.$add$/home/systemuser/Documents/ECE/510/Project/m3/rtl/interface.sv:187$29: $auto$alumacc.cc:485:replace_alu$1381
  creating $alu cell for $flatten\u_interface.$add$/home/systemuser/Documents/ECE/510/Project/m3/rtl/interface.sv:255$73: $auto$alumacc.cc:485:replace_alu$1384
  creating $alu cell for $flatten\u_interface.$add$/home/systemuser/Documents/ECE/510/Project/m3/rtl/interface.sv:259$74: $auto$alumacc.cc:485:replace_alu$1387
  creating $alu cell for $flatten\u_interface.$add$/home/systemuser/Documents/ECE/510/Project/m3/rtl/interface.sv:262$75: $auto$alumacc.cc:485:replace_alu$1390
  creating $alu cell for $flatten\u_interface.$add$/home/systemuser/Documents/ECE/510/Project/m3/rtl/interface.sv:268$77: $auto$alumacc.cc:485:replace_alu$1393
  creating $alu cell for $flatten\u_interface.$sub$/home/systemuser/Documents/ECE/510/Project/m3/rtl/interface.sv:263$76: $auto$alumacc.cc:485:replace_alu$1396
  creating $alu cell for $flatten\u_interface.$sub$/home/systemuser/Documents/ECE/510/Project/m3/rtl/interface.sv:269$78: $auto$alumacc.cc:485:replace_alu$1399
  creating $alu cell for $flatten\u_interface.\u_gelu_fp32.\u_fp32_to_q16.$add$/home/systemuser/Documents/ECE/510/Project/m3/rtl/fp32_to_q16.sv:154$236: $auto$alumacc.cc:485:replace_alu$1402
  creating $alu cell for $flatten\u_interface.\u_gelu_fp32.\u_fp32_to_q16.$add$/home/systemuser/Documents/ECE/510/Project/m3/rtl/fp32_to_q16.sv:157$238: $auto$alumacc.cc:485:replace_alu$1405
  creating $alu cell for $flatten\u_interface.\u_gelu_fp32.\u_fp32_to_q16.$sub$/home/systemuser/Documents/ECE/510/Project/m3/rtl/fp32_to_q16.sv:95$221: $auto$alumacc.cc:485:replace_alu$1408
  creating $alu cell for $flatten\u_interface.\u_gelu_fp32.\u_q16_to_fp32.$add$/home/systemuser/Documents/ECE/510/Project/m3/rtl/q16_to_fp32.sv:145$146: $auto$alumacc.cc:485:replace_alu$1411
  creating $alu cell for $flatten\u_interface.\u_gelu_fp32.\u_q16_to_fp32.$add$/home/systemuser/Documents/ECE/510/Project/m3/rtl/q16_to_fp32.sv:159$148: $auto$alumacc.cc:485:replace_alu$1414
  creating $alu cell for $flatten\u_interface.\u_gelu_fp32.\u_q16_to_fp32.$add$/home/systemuser/Documents/ECE/510/Project/m3/rtl/q16_to_fp32.sv:81$84: $auto$alumacc.cc:485:replace_alu$1417
  creating $alu cell for $flatten\u_interface.\u_gelu_fp32.\u_q16_to_fp32.$sub$/home/systemuser/Documents/ECE/510/Project/m3/rtl/q16_to_fp32.sv:107$139: $auto$alumacc.cc:485:replace_alu$1420
  creating $alu cell for $flatten\u_interface.\u_gelu_fp32.\u_synth_top.$add$/home/systemuser/Documents/ECE/510/Project/m3/rtl/compute_core.sv:153$213: $auto$alumacc.cc:485:replace_alu$1423
  creating $alu cell for $flatten\u_interface.\u_gelu_fp32.\u_synth_top.$sub$/home/systemuser/Documents/ECE/510/Project/m3/rtl/compute_core.sv:121$208: $auto$alumacc.cc:485:replace_alu$1426
  created 38 $alu and 1 $macc cells.

78. Executing SHARE pass (SAT-based resource sharing).

79. Executing OPT_EXPR pass (perform const folding).
Optimizing module gelu_top.

80. Executing OPT_MERGE pass (detect identical cells).
Finding identical cells in module `\gelu_top'.
Removed a total of 0 cells.

81. Executing OPT_MUXTREE pass (detect dead branches in mux trees).
Running muxtree optimizer on module \gelu_top..
  Creating internal representation of mux trees.
  Evaluating internal representation of mux trees.
  Analyzing evaluation results.
Removed 0 multiplexer ports.
<suppressed ~35 debug messages>

82. Executing OPT_REDUCE pass (consolidate $*mux and $reduce_* inputs).
  Optimizing cells in module \gelu_top.
Performed a total of 0 changes.

83. Executing OPT_MERGE pass (detect identical cells).
Finding identical cells in module `\gelu_top'.
Removed a total of 0 cells.

84. Executing OPT_DFF pass (perform DFF optimizations).
Setting constant 0-bit at position 1 on $auto$ff.cc:266:slice$1005 ($sdffe) from module gelu_top.
Setting constant 0-bit at position 2 on $auto$ff.cc:266:slice$1005 ($sdffe) from module gelu_top.
Setting constant 0-bit at position 3 on $auto$ff.cc:266:slice$1005 ($sdffe) from module gelu_top.
Setting constant 0-bit at position 4 on $auto$ff.cc:266:slice$1005 ($sdffe) from module gelu_top.
Setting constant 0-bit at position 5 on $auto$ff.cc:266:slice$1005 ($sdffe) from module gelu_top.
Setting constant 0-bit at position 6 on $auto$ff.cc:266:slice$1005 ($sdffe) from module gelu_top.
Setting constant 0-bit at position 7 on $auto$ff.cc:266:slice$1005 ($sdffe) from module gelu_top.
Setting constant 0-bit at position 8 on $auto$ff.cc:266:slice$1005 ($sdffe) from module gelu_top.
Setting constant 0-bit at position 9 on $auto$ff.cc:266:slice$1005 ($sdffe) from module gelu_top.
Setting constant 0-bit at position 10 on $auto$ff.cc:266:slice$1005 ($sdffe) from module gelu_top.
Setting constant 0-bit at position 11 on $auto$ff.cc:266:slice$1005 ($sdffe) from module gelu_top.
Setting constant 0-bit at position 12 on $auto$ff.cc:266:slice$1005 ($sdffe) from module gelu_top.
Setting constant 0-bit at position 13 on $auto$ff.cc:266:slice$1005 ($sdffe) from module gelu_top.
Setting constant 0-bit at position 14 on $auto$ff.cc:266:slice$1005 ($sdffe) from module gelu_top.
Setting constant 0-bit at position 15 on $auto$ff.cc:266:slice$1005 ($sdffe) from module gelu_top.
Setting constant 0-bit at position 16 on $auto$ff.cc:266:slice$1005 ($sdffe) from module gelu_top.
Setting constant 0-bit at position 17 on $auto$ff.cc:266:slice$1005 ($sdffe) from module gelu_top.
Setting constant 0-bit at position 18 on $auto$ff.cc:266:slice$1005 ($sdffe) from module gelu_top.
Setting constant 0-bit at position 19 on $auto$ff.cc:266:slice$1005 ($sdffe) from module gelu_top.
Setting constant 0-bit at position 20 on $auto$ff.cc:266:slice$1005 ($sdffe) from module gelu_top.
Setting constant 0-bit at position 21 on $auto$ff.cc:266:slice$1005 ($sdffe) from module gelu_top.
Setting constant 0-bit at position 22 on $auto$ff.cc:266:slice$1005 ($sdffe) from module gelu_top.
Setting constant 0-bit at position 23 on $auto$ff.cc:266:slice$1005 ($sdffe) from module gelu_top.
Setting constant 0-bit at position 24 on $auto$ff.cc:266:slice$1005 ($sdffe) from module gelu_top.
Setting constant 0-bit at position 25 on $auto$ff.cc:266:slice$1005 ($sdffe) from module gelu_top.
Setting constant 0-bit at position 26 on $auto$ff.cc:266:slice$1005 ($sdffe) from module gelu_top.
Setting constant 0-bit at position 27 on $auto$ff.cc:266:slice$1005 ($sdffe) from module gelu_top.
Setting constant 0-bit at position 28 on $auto$ff.cc:266:slice$1005 ($sdffe) from module gelu_top.
Setting constant 0-bit at position 29 on $auto$ff.cc:266:slice$1005 ($sdffe) from module gelu_top.
Setting constant 0-bit at position 30 on $auto$ff.cc:266:slice$1005 ($sdffe) from module gelu_top.
Setting constant 0-bit at position 31 on $auto$ff.cc:266:slice$1005 ($sdffe) from module gelu_top.

85. Executing OPT_CLEAN pass (remove unused cells and wires).
Finding unused cells or wires in module \gelu_top..
Removed 0 unused cells and 40 unused wires.
<suppressed ~1 debug messages>

86. Executing OPT_EXPR pass (perform const folding).
Optimizing module gelu_top.

87. Rerunning OPT passes. (Maybe there is more to do…)

88. Executing OPT_MUXTREE pass (detect dead branches in mux trees).
Running muxtree optimizer on module \gelu_top..
  Creating internal representation of mux trees.
  Evaluating internal representation of mux trees.
  Analyzing evaluation results.
Removed 0 multiplexer ports.
<suppressed ~35 debug messages>

89. Executing OPT_REDUCE pass (consolidate $*mux and $reduce_* inputs).
  Optimizing cells in module \gelu_top.
Performed a total of 0 changes.

90. Executing OPT_MERGE pass (detect identical cells).
Finding identical cells in module `\gelu_top'.
Removed a total of 0 cells.

91. Executing OPT_DFF pass (perform DFF optimizations).

92. Executing OPT_CLEAN pass (remove unused cells and wires).
Finding unused cells or wires in module \gelu_top..

93. Executing OPT_EXPR pass (perform const folding).
Optimizing module gelu_top.

94. Executing MEMORY pass.

94.1. Executing OPT_MEM pass (optimize memories).
Performed a total of 0 transformations.

94.2. Executing OPT_MEM_PRIORITY pass (removing unnecessary memory write priority relations).
Performed a total of 0 transformations.

94.3. Executing OPT_MEM_FEEDBACK pass (finding memory read-to-write feedback paths).
  Analyzing gelu_top.u_interface.fifo_data write port 0.
  Analyzing gelu_top.u_interface.fifo_tlast write port 0.
  Analyzing gelu_top.u_interface.fifo_tuser write port 0.

94.4. Executing MEMORY_BMUX2ROM pass (converting muxes to ROMs).

94.5. Executing MEMORY_DFF pass (merging $dff cells to $memrd).
Checking read port `\u_interface.fifo_data'[0] in module `\gelu_top': no output FF found.
Checking read port `\u_interface.fifo_tlast'[0] in module `\gelu_top': no output FF found.
Checking read port `\u_interface.fifo_tuser'[0] in module `\gelu_top': no output FF found.
Checking read port address `\u_interface.fifo_data'[0] in module `\gelu_top': merged address FF to cell.
Checking read port address `\u_interface.fifo_tlast'[0] in module `\gelu_top': merged address FF to cell.
Checking read port address `\u_interface.fifo_tuser'[0] in module `\gelu_top': merged address FF to cell.

94.6. Executing OPT_CLEAN pass (remove unused cells and wires).
Finding unused cells or wires in module \gelu_top..

94.7. Executing MEMORY_SHARE pass (consolidating $memrd/$memwr cells).

94.8. Executing OPT_MEM_WIDEN pass (optimize memories where all ports are wide).
Performed a total of 0 transformations.

94.9. Executing OPT_CLEAN pass (remove unused cells and wires).
Finding unused cells or wires in module \gelu_top..

94.10. Executing MEMORY_COLLECT pass (generating $mem cells).

95. Executing OPT_CLEAN pass (remove unused cells and wires).
Finding unused cells or wires in module \gelu_top..

96. Executing OPT_EXPR pass (perform const folding).
Optimizing module gelu_top.
<suppressed ~43 debug messages>

97. Executing OPT_MERGE pass (detect identical cells).
Finding identical cells in module `\gelu_top'.
<suppressed ~12 debug messages>
Removed a total of 4 cells.

98. Executing OPT_DFF pass (perform DFF optimizations).

99. Executing OPT_CLEAN pass (remove unused cells and wires).
Finding unused cells or wires in module \gelu_top..
Removed 6 unused cells and 40 unused wires.
<suppressed ~7 debug messages>

100. Executing MEMORY_MAP pass (converting memories to logic and flip-flops).
Mapping memory \u_interface.fifo_data in module \gelu_top:
  created 16 $dff cells and 0 static cells of width 32.
Extracted addr FF from read port 0 of gelu_top.u_interface.fifo_data: $\u_interface.fifo_data$rdreg[0]
  read interface: 1 $dff and 15 $mux cells.
  write interface: 16 write mux blocks.
Mapping memory \u_interface.fifo_tlast in module \gelu_top:
  created 16 $dff cells and 0 static cells of width 1.
Extracted addr FF from read port 0 of gelu_top.u_interface.fifo_tlast: $\u_interface.fifo_tlast$rdreg[0]
  read interface: 1 $dff and 15 $mux cells.
  write interface: 16 write mux blocks.
Mapping memory \u_interface.fifo_tuser in module \gelu_top:
  created 16 $dff cells and 0 static cells of width 1.
Extracted addr FF from read port 0 of gelu_top.u_interface.fifo_tuser: $\u_interface.fifo_tuser$rdreg[0]
  read interface: 1 $dff and 15 $mux cells.
  write interface: 16 write mux blocks.

101. Executing OPT_EXPR pass (perform const folding).
Optimizing module gelu_top.
<suppressed ~8 debug messages>

102. Executing OPT_MERGE pass (detect identical cells).
Finding identical cells in module `\gelu_top'.
<suppressed ~102 debug messages>
Removed a total of 34 cells.

103. Executing OPT_MUXTREE pass (detect dead branches in mux trees).
Running muxtree optimizer on module \gelu_top..
  Creating internal representation of mux trees.
  Evaluating internal representation of mux trees.
  Analyzing evaluation results.
Removed 0 multiplexer ports.
<suppressed ~67 debug messages>

104. Executing OPT_REDUCE pass (consolidate $*mux and $reduce_* inputs).
  Optimizing cells in module \gelu_top.
    Consolidated identical input bits for $mux cell $flatten\u_interface.\u_gelu_fp32.\u_fp32_to_q16.$ternary$/home/systemuser/Documents/ECE/510/Project/m3/rtl/fp32_to_q16.sv:171$244:
      Old ports: A=2147483647, B=32'10000000000000000000000000000000, Y=$flatten\u_interface.\u_gelu_fp32.\u_fp32_to_q16.$ternary$/home/systemuser/Documents/ECE/510/Project/m3/rtl/fp32_to_q16.sv:171$244_Y
      New ports: A=2'01, B=2'10, Y={ $flatten\u_interface.\u_gelu_fp32.\u_fp32_to_q16.$ternary$/home/systemuser/Documents/ECE/510/Project/m3/rtl/fp32_to_q16.sv:171$244_Y [31] $flatten\u_interface.\u_gelu_fp32.\u_fp32_to_q16.$ternary$/home/systemuser/Documents/ECE/510/Project/m3/rtl/fp32_to_q16.sv:171$244_Y [0] }
      New connections: $flatten\u_interface.\u_gelu_fp32.\u_fp32_to_q16.$ternary$/home/systemuser/Documents/ECE/510/Project/m3/rtl/fp32_to_q16.sv:171$244_Y [30:1] = { $flatten\u_interface.\u_gelu_fp32.\u_fp32_to_q16.$ternary$/home/systemuser/Documents/ECE/510/Project/m3/rtl/fp32_to_q16.sv:171$244_Y [0] $flatten\u_interface.\u_gelu_fp32.\u_fp32_to_q16.$ternary$/home/systemuser/Documents/ECE/510/Project/m3/rtl/fp32_to_q16.sv:171$244_Y [0] $flatten\u_interface.\u_gelu_fp32.\u_fp32_to_q16.$ternary$/home/systemuser/Documents/ECE/510/Project/m3/rtl/fp32_to_q16.sv:171$244_Y [0] $flatten\u_interface.\u_gelu_fp32.\u_fp32_to_q16.$ternary$/home/systemuser/Documents/ECE/510/Project/m3/rtl/fp32_to_q16.sv:171$244_Y [0] $flatten\u_interface.\u_gelu_fp32.\u_fp32_to_q16.$ternary$/home/systemuser/Documents/ECE/510/Project/m3/rtl/fp32_to_q16.sv:171$244_Y [0] $flatten\u_interface.\u_gelu_fp32.\u_fp32_to_q16.$ternary$/home/systemuser/Documents/ECE/510/Project/m3/rtl/fp32_to_q16.sv:171$244_Y [0] $flatten\u_interface.\u_gelu_fp32.\u_fp32_to_q16.$ternary$/home/systemuser/Documents/ECE/510/Project/m3/rtl/fp32_to_q16.sv:171$244_Y [0] $flatten\u_interface.\u_gelu_fp32.\u_fp32_to_q16.$ternary$/home/systemuser/Documents/ECE/510/Project/m3/rtl/fp32_to_q16.sv:171$244_Y [0] $flatten\u_interface.\u_gelu_fp32.\u_fp32_to_q16.$ternary$/home/systemuser/Documents/ECE/510/Project/m3/rtl/fp32_to_q16.sv:171$244_Y [0] $flatten\u_interface.\u_gelu_fp32.\u_fp32_to_q16.$ternary$/home/systemuser/Documents/ECE/510/Project/m3/rtl/fp32_to_q16.sv:171$244_Y [0] $flatten\u_interface.\u_gelu_fp32.\u_fp32_to_q16.$ternary$/home/systemuser/Documents/ECE/510/Project/m3/rtl/fp32_to_q16.sv:171$244_Y [0] $flatten\u_interface.\u_gelu_fp32.\u_fp32_to_q16.$ternary$/home/systemuser/Documents/ECE/510/Project/m3/rtl/fp32_to_q16.sv:171$244_Y [0] $flatten\u_interface.\u_gelu_fp32.\u_fp32_to_q16.$ternary$/home/systemuser/Documents/ECE/510/Project/m3/rtl/fp32_to_q16.sv:171$244_Y [0] $flatten\u_interface.\u_gelu_fp32.\u_fp32_to_q16.$ternary$/home/systemuser/Documents/ECE/510/Project/m3/rtl/fp32_to_q16.sv:171$244_Y [0] $flatten\u_interface.\u_gelu_fp32.\u_fp32_to_q16.$ternary$/home/systemuser/Documents/ECE/510/Project/m3/rtl/fp32_to_q16.sv:171$244_Y [0] $flatten\u_interface.\u_gelu_fp32.\u_fp32_to_q16.$ternary$/home/systemuser/Documents/ECE/510/Project/m3/rtl/fp32_to_q16.sv:171$244_Y [0] $flatten\u_interface.\u_gelu_fp32.\u_fp32_to_q16.$ternary$/home/systemuser/Documents/ECE/510/Project/m3/rtl/fp32_to_q16.sv:171$244_Y [0] $flatten\u_interface.\u_gelu_fp32.\u_fp32_to_q16.$ternary$/home/systemuser/Documents/ECE/510/Project/m3/rtl/fp32_to_q16.sv:171$244_Y [0] $flatten\u_interface.\u_gelu_fp32.\u_fp32_to_q16.$ternary$/home/systemuser/Documents/ECE/510/Project/m3/rtl/fp32_to_q16.sv:171$244_Y [0] $flatten\u_interface.\u_gelu_fp32.\u_fp32_to_q16.$ternary$/home/systemuser/Documents/ECE/510/Project/m3/rtl/fp32_to_q16.sv:171$244_Y [0] $flatten\u_interface.\u_gelu_fp32.\u_fp32_to_q16.$ternary$/home/systemuser/Documents/ECE/510/Project/m3/rtl/fp32_to_q16.sv:171$244_Y [0] $flatten\u_interface.\u_gelu_fp32.\u_fp32_to_q16.$ternary$/home/systemuser/Documents/ECE/510/Project/m3/rtl/fp32_to_q16.sv:171$244_Y [0] $flatten\u_interface.\u_gelu_fp32.\u_fp32_to_q16.$ternary$/home/systemuser/Documents/ECE/510/Project/m3/rtl/fp32_to_q16.sv:171$244_Y [0] $flatten\u_interface.\u_gelu_fp32.\u_fp32_to_q16.$ternary$/home/systemuser/Documents/ECE/510/Project/m3/rtl/fp32_to_q16.sv:171$244_Y [0] $flatten\u_interface.\u_gelu_fp32.\u_fp32_to_q16.$ternary$/home/systemuser/Documents/ECE/510/Project/m3/rtl/fp32_to_q16.sv:171$244_Y [0] $flatten\u_interface.\u_gelu_fp32.\u_fp32_to_q16.$ternary$/home/systemuser/Documents/ECE/510/Project/m3/rtl/fp32_to_q16.sv:171$244_Y [0] $flatten\u_interface.\u_gelu_fp32.\u_fp32_to_q16.$ternary$/home/systemuser/Documents/ECE/510/Project/m3/rtl/fp32_to_q16.sv:171$244_Y [0] $flatten\u_interface.\u_gelu_fp32.\u_fp32_to_q16.$ternary$/home/systemuser/Documents/ECE/510/Project/m3/rtl/fp32_to_q16.sv:171$244_Y [0] $flatten\u_interface.\u_gelu_fp32.\u_fp32_to_q16.$ternary$/home/systemuser/Documents/ECE/510/Project/m3/rtl/fp32_to_q16.sv:171$244_Y [0] $flatten\u_interface.\u_gelu_fp32.\u_fp32_to_q16.$ternary$/home/systemuser/Documents/ECE/510/Project/m3/rtl/fp32_to_q16.sv:171$244_Y [0] }
    Consolidated identical input bits for $mux cell $flatten\u_interface.\u_gelu_fp32.\u_synth_top.$procmux$246:
      Old ports: A=2147483647, B=32'10000000000000000000000000000000, Y=$flatten\u_interface.\u_gelu_fp32.\u_synth_top.$procmux$246_Y
      New ports: A=2'01, B=2'10, Y={ $flatten\u_interface.\u_gelu_fp32.\u_synth_top.$procmux$246_Y [31] $flatten\u_interface.\u_gelu_fp32.\u_synth_top.$procmux$246_Y [0] }
      New connections: $flatten\u_interface.\u_gelu_fp32.\u_synth_top.$procmux$246_Y [30:1] = { $flatten\u_interface.\u_gelu_fp32.\u_synth_top.$procmux$246_Y [0] $flatten\u_interface.\u_gelu_fp32.\u_synth_top.$procmux$246_Y [0] $flatten\u_interface.\u_gelu_fp32.\u_synth_top.$procmux$246_Y [0] $flatten\u_interface.\u_gelu_fp32.\u_synth_top.$procmux$246_Y [0] $flatten\u_interface.\u_gelu_fp32.\u_synth_top.$procmux$246_Y [0] $flatten\u_interface.\u_gelu_fp32.\u_synth_top.$procmux$246_Y [0] $flatten\u_interface.\u_gelu_fp32.\u_synth_top.$procmux$246_Y [0] $flatten\u_interface.\u_gelu_fp32.\u_synth_top.$procmux$246_Y [0] $flatten\u_interface.\u_gelu_fp32.\u_synth_top.$procmux$246_Y [0] $flatten\u_interface.\u_gelu_fp32.\u_synth_top.$procmux$246_Y [0] $flatten\u_interface.\u_gelu_fp32.\u_synth_top.$procmux$246_Y [0] $flatten\u_interface.\u_gelu_fp32.\u_synth_top.$procmux$246_Y [0] $flatten\u_interface.\u_gelu_fp32.\u_synth_top.$procmux$246_Y [0] $flatten\u_interface.\u_gelu_fp32.\u_synth_top.$procmux$246_Y [0] $flatten\u_interface.\u_gelu_fp32.\u_synth_top.$procmux$246_Y [0] $flatten\u_interface.\u_gelu_fp32.\u_synth_top.$procmux$246_Y [0] $flatten\u_interface.\u_gelu_fp32.\u_synth_top.$procmux$246_Y [0] $flatten\u_interface.\u_gelu_fp32.\u_synth_top.$procmux$246_Y [0] $flatten\u_interface.\u_gelu_fp32.\u_synth_top.$procmux$246_Y [0] $flatten\u_interface.\u_gelu_fp32.\u_synth_top.$procmux$246_Y [0] $flatten\u_interface.\u_gelu_fp32.\u_synth_top.$procmux$246_Y [0] $flatten\u_interface.\u_gelu_fp32.\u_synth_top.$procmux$246_Y [0] $flatten\u_interface.\u_gelu_fp32.\u_synth_top.$procmux$246_Y [0] $flatten\u_interface.\u_gelu_fp32.\u_synth_top.$procmux$246_Y [0] $flatten\u_interface.\u_gelu_fp32.\u_synth_top.$procmux$246_Y [0] $flatten\u_interface.\u_gelu_fp32.\u_synth_top.$procmux$246_Y [0] $flatten\u_interface.\u_gelu_fp32.\u_synth_top.$procmux$246_Y [0] $flatten\u_interface.\u_gelu_fp32.\u_synth_top.$procmux$246_Y [0] $flatten\u_interface.\u_gelu_fp32.\u_synth_top.$procmux$246_Y [0] $flatten\u_interface.\u_gelu_fp32.\u_synth_top.$procmux$246_Y [0] }
    Consolidated identical input bits for $pmux cell $flatten\u_interface.\u_gelu_fp32.\u_synth_top.$procmux$268:
      Old ports: A=0, B=544'1111111111111101000000000000000011111111111111011000000000000000111111111111111000000000000000001111111111111110100000000000000011111111111111101100000000000000111111111111111100000000000000001111111111111111010000000000000011111111111111111000000000000000111111111111111111000000000000000000000000000000010000000000000000000000000000001000000000000000000000000000000011000000000000000000000000000001000000000000000000000000000000010100000000000000000000000000000110000000000000000000000000000010000000000000000000000000000000101000000000000000, Y=\u_interface.u_gelu_fp32.u_synth_top.comb_t
      New ports: A=5'00000, B=85'1010010110110001101011011111001110111110111110000100010000110010000101001100100001010, Y=\u_interface.u_gelu_fp32.u_synth_top.comb_t [18:14]
      New connections: { \u_interface.u_gelu_fp32.u_synth_top.comb_t [31:19] \u_interface.u_gelu_fp32.u_synth_top.comb_t [13:0] } = { \u_interface.u_gelu_fp32.u_synth_top.comb_t [18] \u_interface.u_gelu_fp32.u_synth_top.comb_t [18] \u_interface.u_gelu_fp32.u_synth_top.comb_t [18] \u_interface.u_gelu_fp32.u_synth_top.comb_t [18] \u_interface.u_gelu_fp32.u_synth_top.comb_t [18] \u_interface.u_gelu_fp32.u_synth_top.comb_t [18] \u_interface.u_gelu_fp32.u_synth_top.comb_t [18] \u_interface.u_gelu_fp32.u_synth_top.comb_t [18] \u_interface.u_gelu_fp32.u_synth_top.comb_t [18] \u_interface.u_gelu_fp32.u_synth_top.comb_t [18] \u_interface.u_gelu_fp32.u_synth_top.comb_t [18] \u_interface.u_gelu_fp32.u_synth_top.comb_t [18] \u_interface.u_gelu_fp32.u_synth_top.comb_t [18] 14'00000000000000 }
    Consolidated identical input bits for $pmux cell $flatten\u_interface.\u_gelu_fp32.\u_synth_top.$procmux$288:
      Old ports: A=0, B=544'1111111111111111111110101101111011111111111111111111011000111101111111111111111111101110011000011111111111111111111000101110010011111111111111111101110010010110111111111111111111010111010110001111111111111111110101010100000111111111111111111101100100111011111111111111111111100110100100110000000000000000001001101001001100000000000000000101100100111011000000000000000010010101010000010000000000000000110101110101100000000000000000010001110010010110000000000000000101100010111001000000000000000001111011100110000100000000000000100111011000111101, Y=\u_interface.u_gelu_fp32.u_synth_top.comb_b
      New ports: A=19'0000000000000000000, B=323'11111111010110111101111111011000111101111111011100110000111111100010111001001111101110010010110111110101110101100011111010101010000011111101100100111011111111001101001001100000100110100100110000101100100111011000100101010100000100011010111010110000010001110010010110001011000101110010000111101110011000010100111011000111101, Y=\u_interface.u_gelu_fp32.u_synth_top.comb_b [18:0]
      New connections: \u_interface.u_gelu_fp32.u_synth_top.comb_b [31:19] = { \u_interface.u_gelu_fp32.u_synth_top.comb_b [18] \u_interface.u_gelu_fp32.u_synth_top.comb_b [18] \u_interface.u_gelu_fp32.u_synth_top.comb_b [18] \u_interface.u_gelu_fp32.u_synth_top.comb_b [18] \u_interface.u_gelu_fp32.u_synth_top.comb_b [18] \u_interface.u_gelu_fp32.u_synth_top.comb_b [18] \u_interface.u_gelu_fp32.u_synth_top.comb_b [18] \u_interface.u_gelu_fp32.u_synth_top.comb_b [18] \u_interface.u_gelu_fp32.u_synth_top.comb_b [18] \u_interface.u_gelu_fp32.u_synth_top.comb_b [18] \u_interface.u_gelu_fp32.u_synth_top.comb_b [18] \u_interface.u_gelu_fp32.u_synth_top.comb_b [18] \u_interface.u_gelu_fp32.u_synth_top.comb_b [18] }
    Consolidated identical input bits for $pmux cell $flatten\u_interface.\u_gelu_fp32.\u_synth_top.$procmux$308:
      Old ports: A=65536, B=608'00000000000000000000000000000000111111111111111111110110101111111111111111111111111100000100011111111111111111111110100100000101111111111111111111100110110010011111111111111111111010110000101011111111111111111111011110100010000000000000000000001111111010000000000000000000001101010110000000000000000000000110010110110101000000000000000010011010010010110000000000000000110010101010000000000000000000001111000000011000000000000000000100001000010111100000000000000001000101001111011000000000000000010001100100110111000000000000000100010110111110110000000000000001000011111011100100000000000000010000100101000001, Y=\u_interface.u_gelu_fp32.u_synth_top.comb_m
      New ports: A=18'010000000000000000, B=342'000000000000000000111111011010111111111111000001000111111110100100000101111110011011001001111110101100001010111111011110100010000000111111101000000011010101100000000110010110110101001001101001001011001100101010100000001111000000011000010000100001011110010001010011110110010001100100110111010001011011111011010000111110111001010000100101000001, Y=\u_interface.u_gelu_fp32.u_synth_top.comb_m [17:0]
      New connections: \u_interface.u_gelu_fp32.u_synth_top.comb_m [31:18] = { \u_interface.u_gelu_fp32.u_synth_top.comb_m [17] \u_interface.u_gelu_fp32.u_synth_top.comb_m [17] \u_interface.u_gelu_fp32.u_synth_top.comb_m [17] \u_interface.u_gelu_fp32.u_synth_top.comb_m [17] \u_interface.u_gelu_fp32.u_synth_top.comb_m [17] \u_interface.u_gelu_fp32.u_synth_top.comb_m [17] \u_interface.u_gelu_fp32.u_synth_top.comb_m [17] \u_interface.u_gelu_fp32.u_synth_top.comb_m [17] \u_interface.u_gelu_fp32.u_synth_top.comb_m [17] \u_interface.u_gelu_fp32.u_synth_top.comb_m [17] \u_interface.u_gelu_fp32.u_synth_top.comb_m [17] \u_interface.u_gelu_fp32.u_synth_top.comb_m [17] \u_interface.u_gelu_fp32.u_synth_top.comb_m [17] \u_interface.u_gelu_fp32.u_synth_top.comb_m [17] }
  Optimizing cells in module \gelu_top.
Performed a total of 5 changes.

105. Executing OPT_MERGE pass (detect identical cells).
Finding identical cells in module `\gelu_top'.
Removed a total of 0 cells.

106. Executing OPT_SHARE pass.
    Found cells that share an operand and can be merged by moving the $mux $flatten\u_interface.$procmux$596 in front of them:
        $auto$alumacc.cc:485:replace_alu$1399
        $auto$alumacc.cc:485:replace_alu$1393

    Found cells that share an operand and can be merged by moving the $mux $flatten\u_interface.$procmux$603 in front of them:
        $auto$alumacc.cc:485:replace_alu$1396
        $auto$alumacc.cc:485:replace_alu$1390

107. Executing OPT_DFF pass (perform DFF optimizations).
Adding SRST signal on $\u_interface.fifo_tuser$rdreg[0] ($dff) from module gelu_top (D = $auto$rtlil.cc:2628:Mux$1435, Q = $\u_interface.fifo_tuser$rdreg[0]$q, rval = 4'0000).

108. Executing OPT_CLEAN pass (remove unused cells and wires).
Finding unused cells or wires in module \gelu_top..
Removed 1 unused cells and 147 unused wires.
<suppressed ~2 debug messages>

109. Executing OPT_EXPR pass (perform const folding).
Optimizing module gelu_top.
<suppressed ~5 debug messages>

110. Rerunning OPT passes. (Maybe there is more to do…)

111. Executing OPT_MUXTREE pass (detect dead branches in mux trees).
Running muxtree optimizer on module \gelu_top..
  Creating internal representation of mux trees.
  Evaluating internal representation of mux trees.
  Analyzing evaluation results.
Removed 0 multiplexer ports.
<suppressed ~67 debug messages>

112. Executing OPT_REDUCE pass (consolidate $*mux and $reduce_* inputs).
  Optimizing cells in module \gelu_top.
    Consolidated identical input bits for $mux cell $auto$opt_share.cc:244:merge_operators$1952:
      Old ports: A=6'111111, B=6'000001, Y=$auto$rtlil.cc:2628:Mux$1953
      New ports: A=1'1, B=1'0, Y=$auto$rtlil.cc:2628:Mux$1953 [1]
      New connections: { $auto$rtlil.cc:2628:Mux$1953 [5:2] $auto$rtlil.cc:2628:Mux$1953 [0] } = { $auto$rtlil.cc:2628:Mux$1953 [1] $auto$rtlil.cc:2628:Mux$1953 [1] $auto$rtlil.cc:2628:Mux$1953 [1] $auto$rtlil.cc:2628:Mux$1953 [1] 1'1 }
    Consolidated identical input bits for $mux cell $auto$opt_share.cc:244:merge_operators$1959:
      Old ports: A=6'111111, B=6'000001, Y=$auto$rtlil.cc:2628:Mux$1960
      New ports: A=1'1, B=1'0, Y=$auto$rtlil.cc:2628:Mux$1960 [1]
      New connections: { $auto$rtlil.cc:2628:Mux$1960 [5:2] $auto$rtlil.cc:2628:Mux$1960 [0] } = { $auto$rtlil.cc:2628:Mux$1960 [1] $auto$rtlil.cc:2628:Mux$1960 [1] $auto$rtlil.cc:2628:Mux$1960 [1] $auto$rtlil.cc:2628:Mux$1960 [1] 1'1 }
  Optimizing cells in module \gelu_top.
Performed a total of 2 changes.

113. Executing OPT_MERGE pass (detect identical cells).
Finding identical cells in module `\gelu_top'.
Removed a total of 0 cells.

114. Executing OPT_SHARE pass.

115. Executing OPT_DFF pass (perform DFF optimizations).
Adding EN signal on $memory\u_interface.fifo_tuser[9]$1826 ($dff) from module gelu_top (D = \u_interface.meta_tuser_pipe[11], Q = \u_interface.fifo_tuser[9]).
Adding EN signal on $memory\u_interface.fifo_tuser[8]$1824 ($dff) from module gelu_top (D = \u_interface.meta_tuser_pipe[11], Q = \u_interface.fifo_tuser[8]).
Adding EN signal on $memory\u_interface.fifo_tuser[7]$1822 ($dff) from module gelu_top (D = \u_interface.meta_tuser_pipe[11], Q = \u_interface.fifo_tuser[7]).
Adding EN signal on $memory\u_interface.fifo_tuser[6]$1820 ($dff) from module gelu_top (D = \u_interface.meta_tuser_pipe[11], Q = \u_interface.fifo_tuser[6]).
Adding EN signal on $memory\u_interface.fifo_tuser[5]$1818 ($dff) from module gelu_top (D = \u_interface.meta_tuser_pipe[11], Q = \u_interface.fifo_tuser[5]).
Adding EN signal on $memory\u_interface.fifo_tuser[4]$1816 ($dff) from module gelu_top (D = \u_interface.meta_tuser_pipe[11], Q = \u_interface.fifo_tuser[4]).
Adding EN signal on $memory\u_interface.fifo_tuser[3]$1814 ($dff) from module gelu_top (D = \u_interface.meta_tuser_pipe[11], Q = \u_interface.fifo_tuser[3]).
Adding EN signal on $memory\u_interface.fifo_tuser[2]$1812 ($dff) from module gelu_top (D = \u_interface.meta_tuser_pipe[11], Q = \u_interface.fifo_tuser[2]).
Adding EN signal on $memory\u_interface.fifo_tuser[1]$1810 ($dff) from module gelu_top (D = \u_interface.meta_tuser_pipe[11], Q = \u_interface.fifo_tuser[1]).
Adding EN signal on $memory\u_interface.fifo_tuser[15]$1838 ($dff) from module gelu_top (D = \u_interface.meta_tuser_pipe[11], Q = \u_interface.fifo_tuser[15]).
Adding EN signal on $memory\u_interface.fifo_tuser[14]$1836 ($dff) from module gelu_top (D = \u_interface.meta_tuser_pipe[11], Q = \u_interface.fifo_tuser[14]).
Adding EN signal on $memory\u_interface.fifo_tuser[13]$1834 ($dff) from module gelu_top (D = \u_interface.meta_tuser_pipe[11], Q = \u_interface.fifo_tuser[13]).
Adding EN signal on $memory\u_interface.fifo_tuser[12]$1832 ($dff) from module gelu_top (D = \u_interface.meta_tuser_pipe[11], Q = \u_interface.fifo_tuser[12]).
Adding EN signal on $memory\u_interface.fifo_tuser[11]$1830 ($dff) from module gelu_top (D = \u_interface.meta_tuser_pipe[11], Q = \u_interface.fifo_tuser[11]).
Adding EN signal on $memory\u_interface.fifo_tuser[10]$1828 ($dff) from module gelu_top (D = \u_interface.meta_tuser_pipe[11], Q = \u_interface.fifo_tuser[10]).
Adding EN signal on $memory\u_interface.fifo_tuser[0]$1808 ($dff) from module gelu_top (D = \u_interface.meta_tuser_pipe[11], Q = \u_interface.fifo_tuser[0]).
Adding EN signal on $memory\u_interface.fifo_tlast[9]$1685 ($dff) from module gelu_top (D = \u_interface.meta_tlast_pipe [11], Q = \u_interface.fifo_tlast[9]).
Adding EN signal on $memory\u_interface.fifo_tlast[8]$1683 ($dff) from module gelu_top (D = \u_interface.meta_tlast_pipe [11], Q = \u_interface.fifo_tlast[8]).
Adding EN signal on $memory\u_interface.fifo_tlast[7]$1681 ($dff) from module gelu_top (D = \u_interface.meta_tlast_pipe [11], Q = \u_interface.fifo_tlast[7]).
Adding EN signal on $memory\u_interface.fifo_tlast[6]$1679 ($dff) from module gelu_top (D = \u_interface.meta_tlast_pipe [11], Q = \u_interface.fifo_tlast[6]).
Adding EN signal on $memory\u_interface.fifo_tlast[5]$1677 ($dff) from module gelu_top (D = \u_interface.meta_tlast_pipe [11], Q = \u_interface.fifo_tlast[5]).
Adding EN signal on $memory\u_interface.fifo_tlast[4]$1675 ($dff) from module gelu_top (D = \u_interface.meta_tlast_pipe [11], Q = \u_interface.fifo_tlast[4]).
Adding EN signal on $memory\u_interface.fifo_tlast[3]$1673 ($dff) from module gelu_top (D = \u_interface.meta_tlast_pipe [11], Q = \u_interface.fifo_tlast[3]).
Adding EN signal on $memory\u_interface.fifo_tlast[2]$1671 ($dff) from module gelu_top (D = \u_interface.meta_tlast_pipe [11], Q = \u_interface.fifo_tlast[2]).
Adding EN signal on $memory\u_interface.fifo_tlast[1]$1669 ($dff) from module gelu_top (D = \u_interface.meta_tlast_pipe [11], Q = \u_interface.fifo_tlast[1]).
Adding EN signal on $memory\u_interface.fifo_tlast[15]$1697 ($dff) from module gelu_top (D = \u_interface.meta_tlast_pipe [11], Q = \u_interface.fifo_tlast[15]).
Adding EN signal on $memory\u_interface.fifo_tlast[14]$1695 ($dff) from module gelu_top (D = \u_interface.meta_tlast_pipe [11], Q = \u_interface.fifo_tlast[14]).
Adding EN signal on $memory\u_interface.fifo_tlast[13]$1693 ($dff) from module gelu_top (D = \u_interface.meta_tlast_pipe [11], Q = \u_interface.fifo_tlast[13]).
Adding EN signal on $memory\u_interface.fifo_tlast[12]$1691 ($dff) from module gelu_top (D = \u_interface.meta_tlast_pipe [11], Q = \u_interface.fifo_tlast[12]).
Adding EN signal on $memory\u_interface.fifo_tlast[11]$1689 ($dff) from module gelu_top (D = \u_interface.meta_tlast_pipe [11], Q = \u_interface.fifo_tlast[11]).
Adding EN signal on $memory\u_interface.fifo_tlast[10]$1687 ($dff) from module gelu_top (D = \u_interface.meta_tlast_pipe [11], Q = \u_interface.fifo_tlast[10]).
Adding EN signal on $memory\u_interface.fifo_tlast[0]$1667 ($dff) from module gelu_top (D = \u_interface.meta_tlast_pipe [11], Q = \u_interface.fifo_tlast[0]).
Adding EN signal on $memory\u_interface.fifo_data[9]$1480 ($dff) from module gelu_top (D = \u_interface.u_gelu_fp32.u_q16_to_fp32.data_out, Q = \u_interface.fifo_data[9]).
Adding EN signal on $memory\u_interface.fifo_data[8]$1478 ($dff) from module gelu_top (D = \u_interface.u_gelu_fp32.u_q16_to_fp32.data_out, Q = \u_interface.fifo_data[8]).
Adding EN signal on $memory\u_interface.fifo_data[7]$1476 ($dff) from module gelu_top (D = \u_interface.u_gelu_fp32.u_q16_to_fp32.data_out, Q = \u_interface.fifo_data[7]).
Adding EN signal on $memory\u_interface.fifo_data[6]$1474 ($dff) from module gelu_top (D = \u_interface.u_gelu_fp32.u_q16_to_fp32.data_out, Q = \u_interface.fifo_data[6]).
Adding EN signal on $memory\u_interface.fifo_data[5]$1472 ($dff) from module gelu_top (D = \u_interface.u_gelu_fp32.u_q16_to_fp32.data_out, Q = \u_interface.fifo_data[5]).
Adding EN signal on $memory\u_interface.fifo_data[4]$1470 ($dff) from module gelu_top (D = \u_interface.u_gelu_fp32.u_q16_to_fp32.data_out, Q = \u_interface.fifo_data[4]).
Adding EN signal on $memory\u_interface.fifo_data[3]$1468 ($dff) from module gelu_top (D = \u_interface.u_gelu_fp32.u_q16_to_fp32.data_out, Q = \u_interface.fifo_data[3]).
Adding EN signal on $memory\u_interface.fifo_data[2]$1466 ($dff) from module gelu_top (D = \u_interface.u_gelu_fp32.u_q16_to_fp32.data_out, Q = \u_interface.fifo_data[2]).
Adding EN signal on $memory\u_interface.fifo_data[1]$1464 ($dff) from module gelu_top (D = \u_interface.u_gelu_fp32.u_q16_to_fp32.data_out, Q = \u_interface.fifo_data[1]).
Adding EN signal on $memory\u_interface.fifo_data[15]$1492 ($dff) from module gelu_top (D = \u_interface.u_gelu_fp32.u_q16_to_fp32.data_out, Q = \u_interface.fifo_data[15]).
Adding EN signal on $memory\u_interface.fifo_data[14]$1490 ($dff) from module gelu_top (D = \u_interface.u_gelu_fp32.u_q16_to_fp32.data_out, Q = \u_interface.fifo_data[14]).
Adding EN signal on $memory\u_interface.fifo_data[13]$1488 ($dff) from module gelu_top (D = \u_interface.u_gelu_fp32.u_q16_to_fp32.data_out, Q = \u_interface.fifo_data[13]).
Adding EN signal on $memory\u_interface.fifo_data[12]$1486 ($dff) from module gelu_top (D = \u_interface.u_gelu_fp32.u_q16_to_fp32.data_out, Q = \u_interface.fifo_data[12]).
Adding EN signal on $memory\u_interface.fifo_data[11]$1484 ($dff) from module gelu_top (D = \u_interface.u_gelu_fp32.u_q16_to_fp32.data_out, Q = \u_interface.fifo_data[11]).
Adding EN signal on $memory\u_interface.fifo_data[10]$1482 ($dff) from module gelu_top (D = \u_interface.u_gelu_fp32.u_q16_to_fp32.data_out, Q = \u_interface.fifo_data[10]).
Adding EN signal on $memory\u_interface.fifo_data[0]$1462 ($dff) from module gelu_top (D = \u_interface.u_gelu_fp32.u_q16_to_fp32.data_out, Q = \u_interface.fifo_data[0]).

116. Executing OPT_CLEAN pass (remove unused cells and wires).
Finding unused cells or wires in module \gelu_top..
Removed 62 unused cells and 66 unused wires.
<suppressed ~63 debug messages>

117. Executing OPT_EXPR pass (perform const folding).
Optimizing module gelu_top.
<suppressed ~2 debug messages>

118. Rerunning OPT passes. (Maybe there is more to do…)

119. Executing OPT_MUXTREE pass (detect dead branches in mux trees).
Running muxtree optimizer on module \gelu_top..
  Creating internal representation of mux trees.
  Evaluating internal representation of mux trees.
  Analyzing evaluation results.
Removed 0 multiplexer ports.
<suppressed ~17 debug messages>

120. Executing OPT_REDUCE pass (consolidate $*mux and $reduce_* inputs).
  Optimizing cells in module \gelu_top.
Performed a total of 0 changes.

121. Executing OPT_MERGE pass (detect identical cells).
Finding identical cells in module `\gelu_top'.
Removed a total of 0 cells.

122. Executing OPT_SHARE pass.

123. Executing OPT_DFF pass (perform DFF optimizations).

124. Executing OPT_CLEAN pass (remove unused cells and wires).
Finding unused cells or wires in module \gelu_top..

125. Executing OPT_EXPR pass (perform const folding).
Optimizing module gelu_top.

126. Executing TECHMAP pass (map to technology primitives).

126.1. Executing Verilog-2005 frontend: /nix/store/9r0bh7sp051dpm8km8bqlb028anpd3v3-yosys/bin/../share/yosys/techmap.v
Parsing Verilog input from `/nix/store/9r0bh7sp051dpm8km8bqlb028anpd3v3-yosys/bin/../share/yosys/techmap.v' to AST representation.
Generating RTLIL representation for module `\_90_simplemap_bool_ops'.
Generating RTLIL representation for module `\_90_simplemap_reduce_ops'.
Generating RTLIL representation for module `\_90_simplemap_logic_ops'.
Generating RTLIL representation for module `\_90_simplemap_compare_ops'.
Generating RTLIL representation for module `\_90_simplemap_various'.
Generating RTLIL representation for module `\_90_simplemap_registers'.
Generating RTLIL representation for module `\_90_shift_ops_shr_shl_sshl_sshr'.
Generating RTLIL representation for module `\_90_shift_shiftx'.
Generating RTLIL representation for module `\_90_fa'.
Generating RTLIL representation for module `\_90_lcu_brent_kung'.
Generating RTLIL representation for module `\_90_alu'.
Generating RTLIL representation for module `\_90_macc'.
Generating RTLIL representation for module `\_90_alumacc'.
Generating RTLIL representation for module `\$__div_mod_u'.
Generating RTLIL representation for module `\$__div_mod_trunc'.
Generating RTLIL representation for module `\_90_div'.
Generating RTLIL representation for module `\_90_mod'.
Generating RTLIL representation for module `\$__div_mod_floor'.
Generating RTLIL representation for module `\_90_divfloor'.
Generating RTLIL representation for module `\_90_modfloor'.
Generating RTLIL representation for module `\_90_pow'.
Generating RTLIL representation for module `\_90_pmux'.
Generating RTLIL representation for module `\_90_demux'.
Generating RTLIL representation for module `\_90_lut'.
Successfully finished Verilog frontend.

126.2. Continuing TECHMAP pass.
Using extmapper simplemap for cells of type $and.
Using extmapper simplemap for cells of type $mux.
Using extmapper simplemap for cells of type $dffe.
Using extmapper simplemap for cells of type $or.
Using extmapper simplemap for cells of type $xor.
Using extmapper simplemap for cells of type $reduce_and.
Using extmapper simplemap for cells of type $reduce_or.
Using extmapper simplemap for cells of type $not.
Using extmapper maccmap for cells of type $macc.
  add \u_interface.u_gelu_fp32.u_synth_top.s2_m * \u_interface.u_gelu_fp32.u_synth_top.s2_dx (32x32 bits, signed)
Using extmapper simplemap for cells of type $reduce_bool.
Using extmapper simplemap for cells of type $sdff.
Using template $paramod$a67ac8ddb5da06838c1c40284453d87def091ca7\_90_alu for cells of type $alu.
Using template $paramod$4ccbe221165818e15f326ddee3d1183c7924e12f\_90_alu for cells of type $alu.
Using template $paramod$1a6407745a4b939fc01b3599f611fd1c90656484\_90_alu for cells of type $alu.
Using extmapper simplemap for cells of type $logic_not.
Using extmapper simplemap for cells of type $sdffce.
Using extmapper simplemap for cells of type $logic_or.
Using extmapper simplemap for cells of type $logic_and.
Using template $paramod$6a42b6fefed750f8a1c58eab59479d960557103c\_90_alu for cells of type $alu.
Using template $paramod$constmap:61a39fa630e5941b597b939afdad3153900cae86$paramod$a38ca63589d5073c040497f4afd2c2746e4720be\_90_shift_ops_shr_shl_sshl_sshr for cells of type $shr.
Using template $paramod$dbcdc7e8aa1a4080cea2deda6fdc8772064f4d90\_90_alu for cells of type $alu.
Using template $paramod$00298f3f8094950cb9a5ff2fda48d0d8bde8806c\_90_alu for cells of type $alu.
Using template $paramod$e04283ca12514baf3d204c6994bec8f178dd89f8\_90_alu for cells of type $alu.
Using template $paramod$7fa1593b7bd93374b34bfd9ac1fe703a5be6addb\_90_alu for cells of type $alu.
Using template $paramod$59adb2e97b936db6ec62018b5bd16bdd3503bc47\_90_pmux for cells of type $pmux.
Using template $paramod$0375ff5e42c5fb859aac0e893a7a4153f7b3a1b4\_90_pmux for cells of type $pmux.
Using extmapper simplemap for cells of type $dff.
Using template $paramod$3de1ea3f2ae723c73726ae68358efb3cfd9e60fe\_90_pmux for cells of type $pmux.
Using extmapper simplemap for cells of type $eq.
Using template $paramod$fbcf46ed94b87f5a0d4aa07686f54f8c76ced033\_90_alu for cells of type $alu.
Using extmapper simplemap for cells of type $sdffe.
Using template $paramod$f9ff466c9b9a68555c41df08348b1615aa9bc5ec\_90_alu for cells of type $alu.
Using template $paramod$bc9a1a373c8b23406f21260dc4a6bf3cdf25643a\_90_alu for cells of type $alu.
Using template $paramod$bee2d9b174e5d569acba3e70eed4e815564102b5\_90_alu for cells of type $alu.
Using template $paramod$7b00947614a4c48e09c066dca449366ddfa907a5\_90_alu for cells of type $alu.
Using template $paramod$2b56901cf9690dfb2c2a776afc5906d80f9fb53a\_90_alu for cells of type $alu.
Using template $paramod$c3cd1564c35d873179656addd6052d7ea8b6d991\_90_alu for cells of type $alu.
Using template $paramod$constmap:91818349edc4a457dcef269226932adc3298913f$paramod$9f69570e14a716dab4f3cdf0c71325c45b50ae2c\_90_shift_ops_shr_shl_sshl_sshr for cells of type $shl.
Using template $paramod$16fb818694df7b2ff9b58f77173dd46d08a41210\_90_alu for cells of type $alu.
Using template $paramod$5d2e07eca6b9fbd538aff231e6f05d9604b7a77e\_90_alu for cells of type $alu.
Using template $paramod$32a7b7b86c07519b7537abc18e96f0331f97914d\_90_alu for cells of type $alu.
Using extmapper simplemap for cells of type $pos.
Using template $paramod\_90_lcu_brent_kung\WIDTH=32'00000000000000000000000000100000 for cells of type $lcu.
Using template $paramod\_90_fa\WIDTH=32'00000000000000000000000001000000 for cells of type $fa.
Using template $paramod$039520c137afc9cd69dd56c3fb11a4e1fbe5f664\_90_alu for cells of type $alu.
Using template $paramod\_90_lcu_brent_kung\WIDTH=32'00000000000000000000000000000011 for cells of type $lcu.
Using template $paramod\_90_lcu_brent_kung\WIDTH=32'00000000000000000000000000001001 for cells of type $lcu.
Using template $paramod\_90_lcu_brent_kung\WIDTH=32'00000000000000000000000000000111 for cells of type $lcu.
Using template $paramod\_90_lcu_brent_kung\WIDTH=32'00000000000000000000000000000110 for cells of type $lcu.
Using template $paramod\_90_lcu_brent_kung\WIDTH=32'00000000000000000000000000011000 for cells of type $lcu.
Using template $paramod\_90_lcu_brent_kung\WIDTH=32'00000000000000000000000000010010 for cells of type $lcu.
Using template $paramod\_90_lcu_brent_kung\WIDTH=32'00000000000000000000000000001000 for cells of type $lcu.
Using template $paramod\_90_lcu_brent_kung\WIDTH=32'00000000000000000000000000110001 for cells of type $lcu.
Using template $paramod\_90_lcu_brent_kung\WIDTH=32'00000000000000000000000000000100 for cells of type $lcu.
Using template $paramod\_90_lcu_brent_kung\WIDTH=32'00000000000000000000000001000000 for cells of type $lcu.
No more expansions possible.
<suppressed ~8367 debug messages>

127. Executing OPT_EXPR pass (perform const folding).
Optimizing module gelu_top.
<suppressed ~8813 debug messages>

128. Executing OPT_MERGE pass (detect identical cells).
Finding identical cells in module `\gelu_top'.
<suppressed ~22116 debug messages>
Removed a total of 7372 cells.

129. Executing OPT_DFF pass (perform DFF optimizations).
Adding SRST signal on $auto$ff.cc:266:slice$3635 ($_DFFE_PN_) from module gelu_top (D = $techmap$flatten\u_interface.\u_gelu_fp32.\u_fp32_to_q16.$shr$/home/systemuser/Documents/ECE/510/Project/m3/rtl/fp32_to_q16.sv:133$232.$13\buffer[63:0] [63], Q = \u_interface.u_gelu_fp32.u_fp32_to_q16.s3_mag [31], rval = 1'0).
Adding SRST signal on $auto$ff.cc:266:slice$3572 ($_DFFE_PN_) from module gelu_top (D = $techmap$flatten\u_interface.\u_gelu_fp32.\u_fp32_to_q16.$shr$/home/systemuser/Documents/ECE/510/Project/m3/rtl/fp32_to_q16.sv:133$232.$13\buffer[63:0] [32], Q = \u_interface.u_gelu_fp32.u_fp32_to_q16.s3_frac [0], rval = 1'0).
Adding SRST signal on $auto$ff.cc:266:slice$3573 ($_DFFE_PN_) from module gelu_top (D = $techmap$flatten\u_interface.\u_gelu_fp32.\u_fp32_to_q16.$shr$/home/systemuser/Documents/ECE/510/Project/m3/rtl/fp32_to_q16.sv:133$232.$13\buffer[63:0] [33], Q = \u_interface.u_gelu_fp32.u_fp32_to_q16.s3_frac [1], rval = 1'0).
Adding SRST signal on $auto$ff.cc:266:slice$3574 ($_DFFE_PN_) from module gelu_top (D = $techmap$flatten\u_interface.\u_gelu_fp32.\u_fp32_to_q16.$shr$/home/systemuser/Documents/ECE/510/Project/m3/rtl/fp32_to_q16.sv:133$232.$13\buffer[63:0] [34], Q = \u_interface.u_gelu_fp32.u_fp32_to_q16.s3_frac [2], rval = 1'0).
Adding SRST signal on $auto$ff.cc:266:slice$3575 ($_DFFE_PN_) from module gelu_top (D = $techmap$flatten\u_interface.\u_gelu_fp32.\u_fp32_to_q16.$shr$/home/systemuser/Documents/ECE/510/Project/m3/rtl/fp32_to_q16.sv:133$232.$13\buffer[63:0] [35], Q = \u_interface.u_gelu_fp32.u_fp32_to_q16.s3_frac [3], rval = 1'0).
Adding SRST signal on $auto$ff.cc:266:slice$3576 ($_DFFE_PN_) from module gelu_top (D = $techmap$flatten\u_interface.\u_gelu_fp32.\u_fp32_to_q16.$shr$/home/systemuser/Documents/ECE/510/Project/m3/rtl/fp32_to_q16.sv:133$232.$13\buffer[63:0] [36], Q = \u_interface.u_gelu_fp32.u_fp32_to_q16.s3_frac [4], rval = 1'0).
Adding SRST signal on $auto$ff.cc:266:slice$3577 ($_DFFE_PN_) from module gelu_top (D = $techmap$flatten\u_interface.\u_gelu_fp32.\u_fp32_to_q16.$shr$/home/systemuser/Documents/ECE/510/Project/m3/rtl/fp32_to_q16.sv:133$232.$13\buffer[63:0] [37], Q = \u_interface.u_gelu_fp32.u_fp32_to_q16.s3_frac [5], rval = 1'0).
Adding SRST signal on $auto$ff.cc:266:slice$3578 ($_DFFE_PN_) from module gelu_top (D = $techmap$flatten\u_interface.\u_gelu_fp32.\u_fp32_to_q16.$shr$/home/systemuser/Documents/ECE/510/Project/m3/rtl/fp32_to_q16.sv:133$232.$13\buffer[63:0] [38], Q = \u_interface.u_gelu_fp32.u_fp32_to_q16.s3_frac [6], rval = 1'0).
Adding SRST signal on $auto$ff.cc:266:slice$3579 ($_DFFE_PN_) from module gelu_top (D = $techmap$flatten\u_interface.\u_gelu_fp32.\u_fp32_to_q16.$shr$/home/systemuser/Documents/ECE/510/Project/m3/rtl/fp32_to_q16.sv:133$232.$13\buffer[63:0] [39], Q = \u_interface.u_gelu_fp32.u_fp32_to_q16.s3_frac [7], rval = 1'0).
Adding SRST signal on $auto$ff.cc:266:slice$3580 ($_DFFE_PN_) from module gelu_top (D = $techmap$flatten\u_interface.\u_gelu_fp32.\u_fp32_to_q16.$shr$/home/systemuser/Documents/ECE/510/Project/m3/rtl/fp32_to_q16.sv:133$232.$13\buffer[63:0] [40], Q = \u_interface.u_gelu_fp32.u_fp32_to_q16.s3_frac [8], rval = 1'0).
Adding SRST signal on $auto$ff.cc:266:slice$3604 ($_DFFE_PN_) from module gelu_top (D = $techmap$flatten\u_interface.\u_gelu_fp32.\u_fp32_to_q16.$shr$/home/systemuser/Documents/ECE/510/Project/m3/rtl/fp32_to_q16.sv:133$232.$13\buffer[63:0] [32], Q = \u_interface.u_gelu_fp32.u_fp32_to_q16.s3_mag [0], rval = 1'0).
Adding SRST signal on $auto$ff.cc:266:slice$3605 ($_DFFE_PN_) from module gelu_top (D = $techmap$flatten\u_interface.\u_gelu_fp32.\u_fp32_to_q16.$shr$/home/systemuser/Documents/ECE/510/Project/m3/rtl/fp32_to_q16.sv:133$232.$13\buffer[63:0] [33], Q = \u_interface.u_gelu_fp32.u_fp32_to_q16.s3_mag [1], rval = 1'0).
Adding SRST signal on $auto$ff.cc:266:slice$3606 ($_DFFE_PN_) from module gelu_top (D = $techmap$flatten\u_interface.\u_gelu_fp32.\u_fp32_to_q16.$shr$/home/systemuser/Documents/ECE/510/Project/m3/rtl/fp32_to_q16.sv:133$232.$13\buffer[63:0] [34], Q = \u_interface.u_gelu_fp32.u_fp32_to_q16.s3_mag [2], rval = 1'0).
Adding SRST signal on $auto$ff.cc:266:slice$3607 ($_DFFE_PN_) from module gelu_top (D = $techmap$flatten\u_interface.\u_gelu_fp32.\u_fp32_to_q16.$shr$/home/systemuser/Documents/ECE/510/Project/m3/rtl/fp32_to_q16.sv:133$232.$13\buffer[63:0] [35], Q = \u_interface.u_gelu_fp32.u_fp32_to_q16.s3_mag [3], rval = 1'0).
Adding SRST signal on $auto$ff.cc:266:slice$3608 ($_DFFE_PN_) from module gelu_top (D = $techmap$flatten\u_interface.\u_gelu_fp32.\u_fp32_to_q16.$shr$/home/systemuser/Documents/ECE/510/Project/m3/rtl/fp32_to_q16.sv:133$232.$13\buffer[63:0] [36], Q = \u_interface.u_gelu_fp32.u_fp32_to_q16.s3_mag [4], rval = 1'0).
Adding SRST signal on $auto$ff.cc:266:slice$3609 ($_DFFE_PN_) from module gelu_top (D = $techmap$flatten\u_interface.\u_gelu_fp32.\u_fp32_to_q16.$shr$/home/systemuser/Documents/ECE/510/Project/m3/rtl/fp32_to_q16.sv:133$232.$13\buffer[63:0] [37], Q = \u_interface.u_gelu_fp32.u_fp32_to_q16.s3_mag [5], rval = 1'0).
Adding SRST signal on $auto$ff.cc:266:slice$3610 ($_DFFE_PN_) from module gelu_top (D = $techmap$flatten\u_interface.\u_gelu_fp32.\u_fp32_to_q16.$shr$/home/systemuser/Documents/ECE/510/Project/m3/rtl/fp32_to_q16.sv:133$232.$13\buffer[63:0] [38], Q = \u_interface.u_gelu_fp32.u_fp32_to_q16.s3_mag [6], rval = 1'0).
Adding SRST signal on $auto$ff.cc:266:slice$3611 ($_DFFE_PN_) from module gelu_top (D = $techmap$flatten\u_interface.\u_gelu_fp32.\u_fp32_to_q16.$shr$/home/systemuser/Documents/ECE/510/Project/m3/rtl/fp32_to_q16.sv:133$232.$13\buffer[63:0] [39], Q = \u_interface.u_gelu_fp32.u_fp32_to_q16.s3_mag [7], rval = 1'0).
Adding SRST signal on $auto$ff.cc:266:slice$3612 ($_DFFE_PN_) from module gelu_top (D = $techmap$flatten\u_interface.\u_gelu_fp32.\u_fp32_to_q16.$shr$/home/systemuser/Documents/ECE/510/Project/m3/rtl/fp32_to_q16.sv:133$232.$13\buffer[63:0] [40], Q = \u_interface.u_gelu_fp32.u_fp32_to_q16.s3_mag [8], rval = 1'0).
Adding SRST signal on $auto$ff.cc:266:slice$3613 ($_DFFE_PN_) from module gelu_top (D = $techmap$flatten\u_interface.\u_gelu_fp32.\u_fp32_to_q16.$shr$/home/systemuser/Documents/ECE/510/Project/m3/rtl/fp32_to_q16.sv:133$232.$13\buffer[63:0] [41], Q = \u_interface.u_gelu_fp32.u_fp32_to_q16.s3_mag [9], rval = 1'0).
Adding SRST signal on $auto$ff.cc:266:slice$3614 ($_DFFE_PN_) from module gelu_top (D = $techmap$flatten\u_interface.\u_gelu_fp32.\u_fp32_to_q16.$shr$/home/systemuser/Documents/ECE/510/Project/m3/rtl/fp32_to_q16.sv:133$232.$13\buffer[63:0] [42], Q = \u_interface.u_gelu_fp32.u_fp32_to_q16.s3_mag [10], rval = 1'0).
Adding SRST signal on $auto$ff.cc:266:slice$3615 ($_DFFE_PN_) from module gelu_top (D = $techmap$flatten\u_interface.\u_gelu_fp32.\u_fp32_to_q16.$shr$/home/systemuser/Documents/ECE/510/Project/m3/rtl/fp32_to_q16.sv:133$232.$13\buffer[63:0] [43], Q = \u_interface.u_gelu_fp32.u_fp32_to_q16.s3_mag [11], rval = 1'0).
Adding SRST signal on $auto$ff.cc:266:slice$3616 ($_DFFE_PN_) from module gelu_top (D = $techmap$flatten\u_interface.\u_gelu_fp32.\u_fp32_to_q16.$shr$/home/systemuser/Documents/ECE/510/Project/m3/rtl/fp32_to_q16.sv:133$232.$13\buffer[63:0] [44], Q = \u_interface.u_gelu_fp32.u_fp32_to_q16.s3_mag [12], rval = 1'0).
Adding SRST signal on $auto$ff.cc:266:slice$3617 ($_DFFE_PN_) from module gelu_top (D = $techmap$flatten\u_interface.\u_gelu_fp32.\u_fp32_to_q16.$shr$/home/systemuser/Documents/ECE/510/Project/m3/rtl/fp32_to_q16.sv:133$232.$13\buffer[63:0] [45], Q = \u_interface.u_gelu_fp32.u_fp32_to_q16.s3_mag [13], rval = 1'0).
Adding SRST signal on $auto$ff.cc:266:slice$3618 ($_DFFE_PN_) from module gelu_top (D = $techmap$flatten\u_interface.\u_gelu_fp32.\u_fp32_to_q16.$shr$/home/systemuser/Documents/ECE/510/Project/m3/rtl/fp32_to_q16.sv:133$232.$13\buffer[63:0] [46], Q = \u_interface.u_gelu_fp32.u_fp32_to_q16.s3_mag [14], rval = 1'0).
Adding SRST signal on $auto$ff.cc:266:slice$3619 ($_DFFE_PN_) from module gelu_top (D = $techmap$flatten\u_interface.\u_gelu_fp32.\u_fp32_to_q16.$shr$/home/systemuser/Documents/ECE/510/Project/m3/rtl/fp32_to_q16.sv:133$232.$13\buffer[63:0] [47], Q = \u_interface.u_gelu_fp32.u_fp32_to_q16.s3_mag [15], rval = 1'0).
Adding SRST signal on $auto$ff.cc:266:slice$3620 ($_DFFE_PN_) from module gelu_top (D = $techmap$flatten\u_interface.\u_gelu_fp32.\u_fp32_to_q16.$shr$/home/systemuser/Documents/ECE/510/Project/m3/rtl/fp32_to_q16.sv:133$232.$13\buffer[63:0] [48], Q = \u_interface.u_gelu_fp32.u_fp32_to_q16.s3_mag [16], rval = 1'0).
Adding SRST signal on $auto$ff.cc:266:slice$3621 ($_DFFE_PN_) from module gelu_top (D = $techmap$flatten\u_interface.\u_gelu_fp32.\u_fp32_to_q16.$shr$/home/systemuser/Documents/ECE/510/Project/m3/rtl/fp32_to_q16.sv:133$232.$13\buffer[63:0] [49], Q = \u_interface.u_gelu_fp32.u_fp32_to_q16.s3_mag [17], rval = 1'0).
Adding SRST signal on $auto$ff.cc:266:slice$3622 ($_DFFE_PN_) from module gelu_top (D = $techmap$flatten\u_interface.\u_gelu_fp32.\u_fp32_to_q16.$shr$/home/systemuser/Documents/ECE/510/Project/m3/rtl/fp32_to_q16.sv:133$232.$13\buffer[63:0] [50], Q = \u_interface.u_gelu_fp32.u_fp32_to_q16.s3_mag [18], rval = 1'0).
Adding SRST signal on $auto$ff.cc:266:slice$3623 ($_DFFE_PN_) from module gelu_top (D = $techmap$flatten\u_interface.\u_gelu_fp32.\u_fp32_to_q16.$shr$/home/systemuser/Documents/ECE/510/Project/m3/rtl/fp32_to_q16.sv:133$232.$13\buffer[63:0] [51], Q = \u_interface.u_gelu_fp32.u_fp32_to_q16.s3_mag [19], rval = 1'0).
Adding SRST signal on $auto$ff.cc:266:slice$3624 ($_DFFE_PN_) from module gelu_top (D = $techmap$flatten\u_interface.\u_gelu_fp32.\u_fp32_to_q16.$shr$/home/systemuser/Documents/ECE/510/Project/m3/rtl/fp32_to_q16.sv:133$232.$13\buffer[63:0] [52], Q = \u_interface.u_gelu_fp32.u_fp32_to_q16.s3_mag [20], rval = 1'0).
Adding SRST signal on $auto$ff.cc:266:slice$3625 ($_DFFE_PN_) from module gelu_top (D = $techmap$flatten\u_interface.\u_gelu_fp32.\u_fp32_to_q16.$shr$/home/systemuser/Documents/ECE/510/Project/m3/rtl/fp32_to_q16.sv:133$232.$13\buffer[63:0] [53], Q = \u_interface.u_gelu_fp32.u_fp32_to_q16.s3_mag [21], rval = 1'0).
Adding SRST signal on $auto$ff.cc:266:slice$3626 ($_DFFE_PN_) from module gelu_top (D = $techmap$flatten\u_interface.\u_gelu_fp32.\u_fp32_to_q16.$shr$/home/systemuser/Documents/ECE/510/Project/m3/rtl/fp32_to_q16.sv:133$232.$13\buffer[63:0] [54], Q = \u_interface.u_gelu_fp32.u_fp32_to_q16.s3_mag [22], rval = 1'0).
Adding SRST signal on $auto$ff.cc:266:slice$3627 ($_DFFE_PN_) from module gelu_top (D = $techmap$flatten\u_interface.\u_gelu_fp32.\u_fp32_to_q16.$shr$/home/systemuser/Documents/ECE/510/Project/m3/rtl/fp32_to_q16.sv:133$232.$13\buffer[63:0] [55], Q = \u_interface.u_gelu_fp32.u_fp32_to_q16.s3_mag [23], rval = 1'0).
Adding SRST signal on $auto$ff.cc:266:slice$3628 ($_DFFE_PN_) from module gelu_top (D = $techmap$flatten\u_interface.\u_gelu_fp32.\u_fp32_to_q16.$shr$/home/systemuser/Documents/ECE/510/Project/m3/rtl/fp32_to_q16.sv:133$232.$13\buffer[63:0] [56], Q = \u_interface.u_gelu_fp32.u_fp32_to_q16.s3_mag [24], rval = 1'0).
Adding SRST signal on $auto$ff.cc:266:slice$3629 ($_DFFE_PN_) from module gelu_top (D = $techmap$flatten\u_interface.\u_gelu_fp32.\u_fp32_to_q16.$shr$/home/systemuser/Documents/ECE/510/Project/m3/rtl/fp32_to_q16.sv:133$232.$13\buffer[63:0] [57], Q = \u_interface.u_gelu_fp32.u_fp32_to_q16.s3_mag [25], rval = 1'0).
Adding SRST signal on $auto$ff.cc:266:slice$3630 ($_DFFE_PN_) from module gelu_top (D = $techmap$flatten\u_interface.\u_gelu_fp32.\u_fp32_to_q16.$shr$/home/systemuser/Documents/ECE/510/Project/m3/rtl/fp32_to_q16.sv:133$232.$13\buffer[63:0] [58], Q = \u_interface.u_gelu_fp32.u_fp32_to_q16.s3_mag [26], rval = 1'0).
Adding SRST signal on $auto$ff.cc:266:slice$3631 ($_DFFE_PN_) from module gelu_top (D = $techmap$flatten\u_interface.\u_gelu_fp32.\u_fp32_to_q16.$shr$/home/systemuser/Documents/ECE/510/Project/m3/rtl/fp32_to_q16.sv:133$232.$13\buffer[63:0] [59], Q = \u_interface.u_gelu_fp32.u_fp32_to_q16.s3_mag [27], rval = 1'0).
Adding SRST signal on $auto$ff.cc:266:slice$3632 ($_DFFE_PN_) from module gelu_top (D = $techmap$flatten\u_interface.\u_gelu_fp32.\u_fp32_to_q16.$shr$/home/systemuser/Documents/ECE/510/Project/m3/rtl/fp32_to_q16.sv:133$232.$13\buffer[63:0] [60], Q = \u_interface.u_gelu_fp32.u_fp32_to_q16.s3_mag [28], rval = 1'0).
Adding SRST signal on $auto$ff.cc:266:slice$3633 ($_DFFE_PN_) from module gelu_top (D = $techmap$flatten\u_interface.\u_gelu_fp32.\u_fp32_to_q16.$shr$/home/systemuser/Documents/ECE/510/Project/m3/rtl/fp32_to_q16.sv:133$232.$13\buffer[63:0] [61], Q = \u_interface.u_gelu_fp32.u_fp32_to_q16.s3_mag [29], rval = 1'0).
Adding SRST signal on $auto$ff.cc:266:slice$3634 ($_DFFE_PN_) from module gelu_top (D = $techmap$flatten\u_interface.\u_gelu_fp32.\u_fp32_to_q16.$shr$/home/systemuser/Documents/ECE/510/Project/m3/rtl/fp32_to_q16.sv:133$232.$13\buffer[63:0] [62], Q = \u_interface.u_gelu_fp32.u_fp32_to_q16.s3_mag [30], rval = 1'0).
Adding SRST signal on $auto$ff.cc:266:slice$5790 ($_DFFE_PN_) from module gelu_top (D = $techmap$flatten\u_interface.\u_gelu_fp32.\u_q16_to_fp32.$shl$/home/systemuser/Documents/ECE/510/Project/m3/rtl/q16_to_fp32.sv:129$142.$10\buffer[31:0] [16], Q = \u_interface.u_gelu_fp32.u_q16_to_fp32.s3_norm_mag [0], rval = 1'0).
Adding SRST signal on $auto$ff.cc:266:slice$5791 ($_DFFE_PN_) from module gelu_top (D = $techmap$flatten\u_interface.\u_gelu_fp32.\u_q16_to_fp32.$shl$/home/systemuser/Documents/ECE/510/Project/m3/rtl/q16_to_fp32.sv:129$142.$10\buffer[31:0] [17], Q = \u_interface.u_gelu_fp32.u_q16_to_fp32.s3_norm_mag [1], rval = 1'0).
Adding SRST signal on $auto$ff.cc:266:slice$5792 ($_DFFE_PN_) from module gelu_top (D = $techmap$flatten\u_interface.\u_gelu_fp32.\u_q16_to_fp32.$shl$/home/systemuser/Documents/ECE/510/Project/m3/rtl/q16_to_fp32.sv:129$142.$10\buffer[31:0] [18], Q = \u_interface.u_gelu_fp32.u_q16_to_fp32.s3_norm_mag [2], rval = 1'0).
Adding SRST signal on $auto$ff.cc:266:slice$5793 ($_DFFE_PN_) from module gelu_top (D = $techmap$flatten\u_interface.\u_gelu_fp32.\u_q16_to_fp32.$shl$/home/systemuser/Documents/ECE/510/Project/m3/rtl/q16_to_fp32.sv:129$142.$10\buffer[31:0] [19], Q = \u_interface.u_gelu_fp32.u_q16_to_fp32.s3_norm_mag [3], rval = 1'0).
Adding SRST signal on $auto$ff.cc:266:slice$5794 ($_DFFE_PN_) from module gelu_top (D = $techmap$flatten\u_interface.\u_gelu_fp32.\u_q16_to_fp32.$shl$/home/systemuser/Documents/ECE/510/Project/m3/rtl/q16_to_fp32.sv:129$142.$10\buffer[31:0] [20], Q = \u_interface.u_gelu_fp32.u_q16_to_fp32.s3_norm_mag [4], rval = 1'0).
Adding SRST signal on $auto$ff.cc:266:slice$5795 ($_DFFE_PN_) from module gelu_top (D = $techmap$flatten\u_interface.\u_gelu_fp32.\u_q16_to_fp32.$shl$/home/systemuser/Documents/ECE/510/Project/m3/rtl/q16_to_fp32.sv:129$142.$10\buffer[31:0] [21], Q = \u_interface.u_gelu_fp32.u_q16_to_fp32.s3_norm_mag [5], rval = 1'0).
Adding SRST signal on $auto$ff.cc:266:slice$5796 ($_DFFE_PN_) from module gelu_top (D = $techmap$flatten\u_interface.\u_gelu_fp32.\u_q16_to_fp32.$shl$/home/systemuser/Documents/ECE/510/Project/m3/rtl/q16_to_fp32.sv:129$142.$10\buffer[31:0] [22], Q = \u_interface.u_gelu_fp32.u_q16_to_fp32.s3_norm_mag [6], rval = 1'0).
Adding SRST signal on $auto$ff.cc:266:slice$5797 ($_DFFE_PN_) from module gelu_top (D = $techmap$flatten\u_interface.\u_gelu_fp32.\u_q16_to_fp32.$shl$/home/systemuser/Documents/ECE/510/Project/m3/rtl/q16_to_fp32.sv:129$142.$10\buffer[31:0] [23], Q = \u_interface.u_gelu_fp32.u_q16_to_fp32.s3_norm_mag [7], rval = 1'0).
Adding SRST signal on $auto$ff.cc:266:slice$5798 ($_DFFE_PN_) from module gelu_top (D = $techmap$flatten\u_interface.\u_gelu_fp32.\u_q16_to_fp32.$shl$/home/systemuser/Documents/ECE/510/Project/m3/rtl/q16_to_fp32.sv:129$142.$10\buffer[31:0] [24], Q = \u_interface.u_gelu_fp32.u_q16_to_fp32.s3_norm_mag [8], rval = 1'0).
Adding SRST signal on $auto$ff.cc:266:slice$5799 ($_DFFE_PN_) from module gelu_top (D = $techmap$flatten\u_interface.\u_gelu_fp32.\u_q16_to_fp32.$shl$/home/systemuser/Documents/ECE/510/Project/m3/rtl/q16_to_fp32.sv:129$142.$10\buffer[31:0] [25], Q = \u_interface.u_gelu_fp32.u_q16_to_fp32.s3_norm_mag [9], rval = 1'0).
Adding SRST signal on $auto$ff.cc:266:slice$5800 ($_DFFE_PN_) from module gelu_top (D = $techmap$flatten\u_interface.\u_gelu_fp32.\u_q16_to_fp32.$shl$/home/systemuser/Documents/ECE/510/Project/m3/rtl/q16_to_fp32.sv:129$142.$10\buffer[31:0] [26], Q = \u_interface.u_gelu_fp32.u_q16_to_fp32.s3_norm_mag [10], rval = 1'0).
Adding SRST signal on $auto$ff.cc:266:slice$5801 ($_DFFE_PN_) from module gelu_top (D = $techmap$flatten\u_interface.\u_gelu_fp32.\u_q16_to_fp32.$shl$/home/systemuser/Documents/ECE/510/Project/m3/rtl/q16_to_fp32.sv:129$142.$10\buffer[31:0] [27], Q = \u_interface.u_gelu_fp32.u_q16_to_fp32.s3_norm_mag [11], rval = 1'0).
Adding SRST signal on $auto$ff.cc:266:slice$5802 ($_DFFE_PN_) from module gelu_top (D = $techmap$flatten\u_interface.\u_gelu_fp32.\u_q16_to_fp32.$shl$/home/systemuser/Documents/ECE/510/Project/m3/rtl/q16_to_fp32.sv:129$142.$10\buffer[31:0] [28], Q = \u_interface.u_gelu_fp32.u_q16_to_fp32.s3_norm_mag [12], rval = 1'0).
Adding SRST signal on $auto$ff.cc:266:slice$5803 ($_DFFE_PN_) from module gelu_top (D = $techmap$flatten\u_interface.\u_gelu_fp32.\u_q16_to_fp32.$shl$/home/systemuser/Documents/ECE/510/Project/m3/rtl/q16_to_fp32.sv:129$142.$10\buffer[31:0] [29], Q = \u_interface.u_gelu_fp32.u_q16_to_fp32.s3_norm_mag [13], rval = 1'0).
Adding SRST signal on $auto$ff.cc:266:slice$5804 ($_DFFE_PN_) from module gelu_top (D = $techmap$flatten\u_interface.\u_gelu_fp32.\u_q16_to_fp32.$shl$/home/systemuser/Documents/ECE/510/Project/m3/rtl/q16_to_fp32.sv:129$142.$10\buffer[31:0] [30], Q = \u_interface.u_gelu_fp32.u_q16_to_fp32.s3_norm_mag [14], rval = 1'0).
Adding SRST signal on $auto$ff.cc:266:slice$5805 ($_DFFE_PN_) from module gelu_top (D = $techmap$flatten\u_interface.\u_gelu_fp32.\u_q16_to_fp32.$shl$/home/systemuser/Documents/ECE/510/Project/m3/rtl/q16_to_fp32.sv:129$142.$10\buffer[31:0] [31], Q = \u_interface.u_gelu_fp32.u_q16_to_fp32.s3_norm_mag [15], rval = 1'0).

130. Executing OPT_CLEAN pass (remove unused cells and wires).
Finding unused cells or wires in module \gelu_top..
Removed 1075 unused cells and 4360 unused wires.
<suppressed ~1076 debug messages>

131. Rerunning OPT passes (Removed registers in this run.)

132. Executing OPT_EXPR pass (perform const folding).
Optimizing module gelu_top.
<suppressed ~2 debug messages>

133. Executing OPT_MERGE pass (detect identical cells).
Finding identical cells in module `\gelu_top'.
<suppressed ~9 debug messages>
Removed a total of 3 cells.

134. Executing OPT_DFF pass (perform DFF optimizations).
Adding SRST signal on $auto$ff.cc:266:slice$5453 ($_DFF_P_) from module gelu_top (D = $flatten\u_interface.\u_gelu_fp32.\u_synth_top.$procmux$288.Y_B [17], Q = \u_interface.u_gelu_fp32.u_synth_top.s2_b [17], rval = 1'0).
Adding SRST signal on $auto$ff.cc:266:slice$5452 ($_DFF_P_) from module gelu_top (D = $flatten\u_interface.\u_gelu_fp32.\u_synth_top.$procmux$288.Y_B [16], Q = \u_interface.u_gelu_fp32.u_synth_top.s2_b [16], rval = 1'0).
Adding SRST signal on $auto$ff.cc:266:slice$5451 ($_DFF_P_) from module gelu_top (D = $flatten\u_interface.\u_gelu_fp32.\u_synth_top.$procmux$288.Y_B [15], Q = \u_interface.u_gelu_fp32.u_synth_top.s2_b [15], rval = 1'0).
Adding SRST signal on $auto$ff.cc:266:slice$5450 ($_DFF_P_) from module gelu_top (D = $flatten\u_interface.\u_gelu_fp32.\u_synth_top.$procmux$288.Y_B [14], Q = \u_interface.u_gelu_fp32.u_synth_top.s2_b [14], rval = 1'0).
Adding SRST signal on $auto$ff.cc:266:slice$5449 ($_DFF_P_) from module gelu_top (D = $flatten\u_interface.\u_gelu_fp32.\u_synth_top.$procmux$288.Y_B [13], Q = \u_interface.u_gelu_fp32.u_synth_top.s2_b [13], rval = 1'0).
Adding SRST signal on $auto$ff.cc:266:slice$5448 ($_DFF_P_) from module gelu_top (D = $flatten\u_interface.\u_gelu_fp32.\u_synth_top.$procmux$288.Y_B [12], Q = \u_interface.u_gelu_fp32.u_synth_top.s2_b [12], rval = 1'0).
Adding SRST signal on $auto$ff.cc:266:slice$5447 ($_DFF_P_) from module gelu_top (D = $flatten\u_interface.\u_gelu_fp32.\u_synth_top.$procmux$288.Y_B [11], Q = \u_interface.u_gelu_fp32.u_synth_top.s2_b [11], rval = 1'0).
Adding SRST signal on $auto$ff.cc:266:slice$5446 ($_DFF_P_) from module gelu_top (D = $flatten\u_interface.\u_gelu_fp32.\u_synth_top.$procmux$288.Y_B [10], Q = \u_interface.u_gelu_fp32.u_synth_top.s2_b [10], rval = 1'0).
Adding SRST signal on $auto$ff.cc:266:slice$5445 ($_DFF_P_) from module gelu_top (D = $flatten\u_interface.\u_gelu_fp32.\u_synth_top.$procmux$288.Y_B [9], Q = \u_interface.u_gelu_fp32.u_synth_top.s2_b [9], rval = 1'0).
Adding SRST signal on $auto$ff.cc:266:slice$5444 ($_DFF_P_) from module gelu_top (D = $flatten\u_interface.\u_gelu_fp32.\u_synth_top.$procmux$288.Y_B [8], Q = \u_interface.u_gelu_fp32.u_synth_top.s2_b [8], rval = 1'0).
Adding SRST signal on $auto$ff.cc:266:slice$5443 ($_DFF_P_) from module gelu_top (D = $flatten\u_interface.\u_gelu_fp32.\u_synth_top.$procmux$288.Y_B [7], Q = \u_interface.u_gelu_fp32.u_synth_top.s2_b [7], rval = 1'0).
Adding SRST signal on $auto$ff.cc:266:slice$5442 ($_DFF_P_) from module gelu_top (D = $flatten\u_interface.\u_gelu_fp32.\u_synth_top.$procmux$288.Y_B [6], Q = \u_interface.u_gelu_fp32.u_synth_top.s2_b [6], rval = 1'0).
Adding SRST signal on $auto$ff.cc:266:slice$5441 ($_DFF_P_) from module gelu_top (D = $flatten\u_interface.\u_gelu_fp32.\u_synth_top.$procmux$288.Y_B [5], Q = \u_interface.u_gelu_fp32.u_synth_top.s2_b [5], rval = 1'0).
Adding SRST signal on $auto$ff.cc:266:slice$5440 ($_DFF_P_) from module gelu_top (D = $flatten\u_interface.\u_gelu_fp32.\u_synth_top.$procmux$288.Y_B [4], Q = \u_interface.u_gelu_fp32.u_synth_top.s2_b [4], rval = 1'0).
Adding SRST signal on $auto$ff.cc:266:slice$5439 ($_DFF_P_) from module gelu_top (D = $flatten\u_interface.\u_gelu_fp32.\u_synth_top.$procmux$288.Y_B [3], Q = \u_interface.u_gelu_fp32.u_synth_top.s2_b [3], rval = 1'0).
Adding SRST signal on $auto$ff.cc:266:slice$5438 ($_DFF_P_) from module gelu_top (D = $flatten\u_interface.\u_gelu_fp32.\u_synth_top.$procmux$288.Y_B [2], Q = \u_interface.u_gelu_fp32.u_synth_top.s2_b [2], rval = 1'0).
Adding SRST signal on $auto$ff.cc:266:slice$5437 ($_DFF_P_) from module gelu_top (D = $flatten\u_interface.\u_gelu_fp32.\u_synth_top.$procmux$288.Y_B [1], Q = \u_interface.u_gelu_fp32.u_synth_top.s2_b [1], rval = 1'0).
Adding SRST signal on $auto$ff.cc:266:slice$5436 ($_DFF_P_) from module gelu_top (D = $flatten\u_interface.\u_gelu_fp32.\u_synth_top.$procmux$288.Y_B [0], Q = \u_interface.u_gelu_fp32.u_synth_top.s2_b [0], rval = 1'0).
Adding SRST signal on $auto$ff.cc:266:slice$5434 ($_DFF_P_) from module gelu_top (D = $flatten\u_interface.\u_gelu_fp32.\u_synth_top.$procmux$308.Y_B [17], Q = \u_interface.u_gelu_fp32.u_synth_top.s2_m [30], rval = 1'0).
Adding SRST signal on $auto$ff.cc:266:slice$5420 ($_DFF_P_) from module gelu_top (D = $flatten\u_interface.\u_gelu_fp32.\u_synth_top.$procmux$308.Y_B [16], Q = \u_interface.u_gelu_fp32.u_synth_top.s2_m [16], rval = 1'1).
Adding SRST signal on $auto$ff.cc:266:slice$5419 ($_DFF_P_) from module gelu_top (D = $flatten\u_interface.\u_gelu_fp32.\u_synth_top.$procmux$308.Y_B [15], Q = \u_interface.u_gelu_fp32.u_synth_top.s2_m [15], rval = 1'0).
Adding SRST signal on $auto$ff.cc:266:slice$5418 ($_DFF_P_) from module gelu_top (D = $flatten\u_interface.\u_gelu_fp32.\u_synth_top.$procmux$308.Y_B [14], Q = \u_interface.u_gelu_fp32.u_synth_top.s2_m [14], rval = 1'0).
Adding SRST signal on $auto$ff.cc:266:slice$5417 ($_DFF_P_) from module gelu_top (D = $flatten\u_interface.\u_gelu_fp32.\u_synth_top.$procmux$308.Y_B [13], Q = \u_interface.u_gelu_fp32.u_synth_top.s2_m [13], rval = 1'0).
Adding SRST signal on $auto$ff.cc:266:slice$5416 ($_DFF_P_) from module gelu_top (D = $flatten\u_interface.\u_gelu_fp32.\u_synth_top.$procmux$308.Y_B [12], Q = \u_interface.u_gelu_fp32.u_synth_top.s2_m [12], rval = 1'0).
Adding SRST signal on $auto$ff.cc:266:slice$5415 ($_DFF_P_) from module gelu_top (D = $flatten\u_interface.\u_gelu_fp32.\u_synth_top.$procmux$308.Y_B [11], Q = \u_interface.u_gelu_fp32.u_synth_top.s2_m [11], rval = 1'0).
Adding SRST signal on $auto$ff.cc:266:slice$5414 ($_DFF_P_) from module gelu_top (D = $flatten\u_interface.\u_gelu_fp32.\u_synth_top.$procmux$308.Y_B [10], Q = \u_interface.u_gelu_fp32.u_synth_top.s2_m [10], rval = 1'0).
Adding SRST signal on $auto$ff.cc:266:slice$5413 ($_DFF_P_) from module gelu_top (D = $flatten\u_interface.\u_gelu_fp32.\u_synth_top.$procmux$308.Y_B [9], Q = \u_interface.u_gelu_fp32.u_synth_top.s2_m [9], rval = 1'0).
Adding SRST signal on $auto$ff.cc:266:slice$5412 ($_DFF_P_) from module gelu_top (D = $flatten\u_interface.\u_gelu_fp32.\u_synth_top.$procmux$308.Y_B [8], Q = \u_interface.u_gelu_fp32.u_synth_top.s2_m [8], rval = 1'0).
Adding SRST signal on $auto$ff.cc:266:slice$5411 ($_DFF_P_) from module gelu_top (D = $flatten\u_interface.\u_gelu_fp32.\u_synth_top.$procmux$308.Y_B [7], Q = \u_interface.u_gelu_fp32.u_synth_top.s2_m [7], rval = 1'0).
Adding SRST signal on $auto$ff.cc:266:slice$5410 ($_DFF_P_) from module gelu_top (D = $flatten\u_interface.\u_gelu_fp32.\u_synth_top.$procmux$308.Y_B [6], Q = \u_interface.u_gelu_fp32.u_synth_top.s2_m [6], rval = 1'0).
Adding SRST signal on $auto$ff.cc:266:slice$5409 ($_DFF_P_) from module gelu_top (D = $flatten\u_interface.\u_gelu_fp32.\u_synth_top.$procmux$308.Y_B [5], Q = \u_interface.u_gelu_fp32.u_synth_top.s2_m [5], rval = 1'0).
Adding SRST signal on $auto$ff.cc:266:slice$5408 ($_DFF_P_) from module gelu_top (D = $flatten\u_interface.\u_gelu_fp32.\u_synth_top.$procmux$308.Y_B [4], Q = \u_interface.u_gelu_fp32.u_synth_top.s2_m [4], rval = 1'0).
Adding SRST signal on $auto$ff.cc:266:slice$5407 ($_DFF_P_) from module gelu_top (D = $flatten\u_interface.\u_gelu_fp32.\u_synth_top.$procmux$308.Y_B [3], Q = \u_interface.u_gelu_fp32.u_synth_top.s2_m [3], rval = 1'0).
Adding SRST signal on $auto$ff.cc:266:slice$5406 ($_DFF_P_) from module gelu_top (D = $flatten\u_interface.\u_gelu_fp32.\u_synth_top.$procmux$308.Y_B [2], Q = \u_interface.u_gelu_fp32.u_synth_top.s2_m [2], rval = 1'0).
Adding SRST signal on $auto$ff.cc:266:slice$5405 ($_DFF_P_) from module gelu_top (D = $flatten\u_interface.\u_gelu_fp32.\u_synth_top.$procmux$308.Y_B [1], Q = \u_interface.u_gelu_fp32.u_synth_top.s2_m [1], rval = 1'0).
Adding SRST signal on $auto$ff.cc:266:slice$5404 ($_DFF_P_) from module gelu_top (D = $flatten\u_interface.\u_gelu_fp32.\u_synth_top.$procmux$308.Y_B [0], Q = \u_interface.u_gelu_fp32.u_synth_top.s2_m [0], rval = 1'0).

135. Executing OPT_CLEAN pass (remove unused cells and wires).
Finding unused cells or wires in module \gelu_top..
Removed 36 unused cells and 5 unused wires.
<suppressed ~37 debug messages>

136. Rerunning OPT passes (Removed registers in this run.)

137. Executing OPT_EXPR pass (perform const folding).
Optimizing module gelu_top.

138. Executing OPT_MERGE pass (detect identical cells).
Finding identical cells in module `\gelu_top'.
Removed a total of 0 cells.

139. Executing OPT_DFF pass (perform DFF optimizations).

140. Executing OPT_CLEAN pass (remove unused cells and wires).
Finding unused cells or wires in module \gelu_top..

141. Executing OPT_EXPR pass (perform const folding).
Optimizing module gelu_top.

142. Executing OPT_MERGE pass (detect identical cells).
Finding identical cells in module `\gelu_top'.
Removed a total of 0 cells.

143. Executing OPT_DFF pass (perform DFF optimizations).

144. Executing OPT_CLEAN pass (remove unused cells and wires).
Finding unused cells or wires in module \gelu_top..

145. Executing ABC pass (technology mapping using ABC).

145.1. Extracting gate netlist of module `\gelu_top' to `<abc-temp-dir>/input.blif'..
Extracted 7723 gates and 8832 wires to a netlist network with 1107 inputs and 449 outputs.

145.1.1. Executing ABC.
Running ABC command: "/nix/store/6l3aj1gi4lja8z5s4lan2k2cfz9mqkrz-yosys-abc/bin/abc" -s -f <abc-temp-dir>/abc.script 2>&1
ABC: ABC command line: "source <abc-temp-dir>/abc.script".
ABC: 
ABC: + read_blif <abc-temp-dir>/input.blif 
ABC: + read_library <abc-temp-dir>/stdcells.genlib 
ABC: Entered genlib library with 13 gates from file "<abc-temp-dir>/stdcells.genlib".
ABC: + strash 
ABC: + dretime 
ABC: + map 
ABC: + write_blif <abc-temp-dir>/output.blif 

145.1.2. Re-integrating ABC results.
ABC RESULTS:              NAND cells:      510
ABC RESULTS:              XNOR cells:      308
ABC RESULTS:               XOR cells:     1605
ABC RESULTS:             ORNOT cells:      183
ABC RESULTS:                OR cells:     1155
ABC RESULTS:               AND cells:      322
ABC RESULTS:               NOR cells:      243
ABC RESULTS:               NOT cells:      185
ABC RESULTS:            ANDNOT cells:     2030
ABC RESULTS:               MUX cells:      934
ABC RESULTS:        internal signals:     7276
ABC RESULTS:           input signals:     1107
ABC RESULTS:          output signals:      449
Removing temp directory.

146. Executing OPT pass (performing simple optimizations).

146.1. Executing OPT_EXPR pass (perform const folding).
Optimizing module gelu_top.
<suppressed ~417 debug messages>

146.2. Executing OPT_MERGE pass (detect identical cells).
Finding identical cells in module `\gelu_top'.
<suppressed ~57 debug messages>
Removed a total of 19 cells.

146.3. Executing OPT_DFF pass (perform DFF optimizations).

146.4. Executing OPT_CLEAN pass (remove unused cells and wires).
Finding unused cells or wires in module \gelu_top..
Removed 6 unused cells and 2734 unused wires.
<suppressed ~13 debug messages>

146.5. Finished fast OPT passes.

147. Executing HIERARCHY pass (managing design hierarchy).

147.1. Analyzing design hierarchy..
Top module:  \gelu_top

147.2. Analyzing design hierarchy..
Top module:  \gelu_top
Removed 0 unused modules.

148. Executing CHECK pass (checking for obvious problems).
Checking module gelu_top...
Found and reported 0 problems.

149. Printing statistics.

=== gelu_top ===

   Number of wires:               7439
   Number of wire bits:           9627
   Number of public wires:         202
   Number of public wire bits:    2108
   Number of ports:                 29
   Number of port bits:            220
   Number of memories:               0
   Number of memory bits:            0
   Number of processes:              0
   Number of cells:               8599
     $_ANDNOT_                    2028
     $_AND_                        316
     $_DFFE_PN_                    111
     $_DFFE_PP_                    544
     $_DFF_P_                       84
     $_MUX_                        934
     $_NAND_                       507
     $_NOR_                        242
     $_NOT_                        179
     $_ORNOT_                      183
     $_OR_                        1154
     $_SDFFCE_PN0N_                  9
     $_SDFFCE_PP0N_                 61
     $_SDFFE_PP0P_                  24
     $_SDFF_PN0_                    35
     $_SDFF_PN1_                     1
     $_SDFF_PP0_                   273
     $_XNOR_                       306
     $_XOR_                       1603
     $scopeinfo                      5

150. Generating Graphviz representation of design.
Writing dot description to `/home/systemuser/Documents/ECE/510/Project/m3/synth/runs/RUN_2026-05-24_21-40-35/06-yosys-synthesis/primitive_techmap.dot'.
Dumping module gelu_top to page 1.

151. Executing OPT pass (performing simple optimizations).

151.1. Executing OPT_EXPR pass (perform const folding).
Optimizing module gelu_top.

151.2. Executing OPT_MERGE pass (detect identical cells).
Finding identical cells in module `\gelu_top'.
Removed a total of 0 cells.

151.3. Executing OPT_MUXTREE pass (detect dead branches in mux trees).
Running muxtree optimizer on module \gelu_top..
  Creating internal representation of mux trees.
  No muxes found in this module.
Removed 0 multiplexer ports.

151.4. Executing OPT_REDUCE pass (consolidate $*mux and $reduce_* inputs).
  Optimizing cells in module \gelu_top.
Performed a total of 0 changes.

151.5. Executing OPT_MERGE pass (detect identical cells).
Finding identical cells in module `\gelu_top'.
Removed a total of 0 cells.

151.6. Executing OPT_DFF pass (perform DFF optimizations).

151.7. Executing OPT_CLEAN pass (remove unused cells and wires).
Finding unused cells or wires in module \gelu_top..

151.8. Executing OPT_EXPR pass (perform const folding).
Optimizing module gelu_top.

151.9. Finished OPT passes. (There is nothing left to do.)

152. Executing OPT_CLEAN pass (remove unused cells and wires).
Finding unused cells or wires in module \gelu_top..
Removed 5 unused cells and 56 unused wires.
<suppressed ~61 debug messages>
{
   "creator": "Yosys 0.46 (git sha1 e97731b9dda91fa5fa53ed87df7c34163ba59a41, clang++ 17.0.6 -fPIC -O3)",
   "invocation": "stat -json -liberty /home/systemuser/Documents/ECE/510/Project/m3/synth/runs/RUN_2026-05-24_21-40-35/tmp/797daec552784771935b0aeaefe40c95.lib ",
   "modules": {
      "\\gelu_top": {
         "num_wires":         7383,
         "num_wire_bits":     9007,
         "num_pub_wires":     146,
         "num_pub_wire_bits": 1488,
         "num_ports":         29,
         "num_port_bits":     220,
         "num_memories":      0,
         "num_memory_bits":   0,
         "num_processes":     0,
         "num_cells":         8594,
         "num_cells_by_type": {
            "$_ANDNOT_": 2028,
            "$_AND_": 316,
            "$_DFFE_PN_": 111,
            "$_DFFE_PP_": 544,
            "$_DFF_P_": 84,
            "$_MUX_": 934,
            "$_NAND_": 507,
            "$_NOR_": 242,
            "$_NOT_": 179,
            "$_ORNOT_": 183,
            "$_OR_": 1154,
            "$_SDFFCE_PN0N_": 9,
            "$_SDFFCE_PP0N_": 61,
            "$_SDFFE_PP0P_": 24,
            "$_SDFF_PN0_": 35,
            "$_SDFF_PN1_": 1,
            "$_SDFF_PP0_": 273,
            "$_XNOR_": 306,
            "$_XOR_": 1603
         }
      }
   },
      "design": {
         "num_wires":         7383,
         "num_wire_bits":     9007,
         "num_pub_wires":     146,
         "num_pub_wire_bits": 1488,
         "num_ports":         29,
         "num_port_bits":     220,
         "num_memories":      0,
         "num_memory_bits":   0,
         "num_processes":     0,
         "num_cells":         8594,
         "num_cells_by_type": {
            "$_ANDNOT_": 2028,
            "$_AND_": 316,
            "$_DFFE_PN_": 111,
            "$_DFFE_PP_": 544,
            "$_DFF_P_": 84,
            "$_MUX_": 934,
            "$_NAND_": 507,
            "$_NOR_": 242,
            "$_NOT_": 179,
            "$_ORNOT_": 183,
            "$_OR_": 1154,
            "$_SDFFCE_PN0N_": 9,
            "$_SDFFCE_PP0N_": 61,
            "$_SDFFE_PP0P_": 24,
            "$_SDFF_PN0_": 35,
            "$_SDFF_PN1_": 1,
            "$_SDFF_PP0_": 273,
            "$_XNOR_": 306,
            "$_XOR_": 1603
         }
      }
}

153. Printing statistics.

=== gelu_top ===

   Number of wires:               7383
   Number of wire bits:           9007
   Number of public wires:         146
   Number of public wire bits:    1488
   Number of ports:                 29
   Number of port bits:            220
   Number of memories:               0
   Number of memory bits:            0
   Number of processes:              0
   Number of cells:               8594
     $_ANDNOT_                    2028
     $_AND_                        316
     $_DFFE_PN_                    111
     $_DFFE_PP_                    544
     $_DFF_P_                       84
     $_MUX_                        934
     $_NAND_                       507
     $_NOR_                        242
     $_NOT_                        179
     $_ORNOT_                      183
     $_OR_                        1154
     $_SDFFCE_PN0N_                  9
     $_SDFFCE_PP0N_                 61
     $_SDFFE_PP0P_                  24
     $_SDFF_PN0_                    35
     $_SDFF_PN1_                     1
     $_SDFF_PP0_                   273
     $_XNOR_                       306
     $_XOR_                       1603

   Area for cell type $_NOT_ is unknown!
   Area for cell type $_AND_ is unknown!
   Area for cell type $_NAND_ is unknown!
   Area for cell type $_OR_ is unknown!
   Area for cell type $_NOR_ is unknown!
   Area for cell type $_XOR_ is unknown!
   Area for cell type $_XNOR_ is unknown!
   Area for cell type $_ANDNOT_ is unknown!
   Area for cell type $_ORNOT_ is unknown!
   Area for cell type $_MUX_ is unknown!
   Area for cell type $_DFF_P_ is unknown!
   Area for cell type $_DFFE_PN_ is unknown!
   Area for cell type $_DFFE_PP_ is unknown!
   Area for cell type $_SDFF_PN0_ is unknown!
   Area for cell type $_SDFF_PN1_ is unknown!
   Area for cell type $_SDFF_PP0_ is unknown!
   Area for cell type $_SDFFE_PP0P_ is unknown!
   Area for cell type $_SDFFCE_PN0N_ is unknown!
   Area for cell type $_SDFFCE_PP0N_ is unknown!

[INFO] Applying tri-state buffer mapping from '/home/systemuser/.volare/volare/sky130/versions/0fe599b2afb6708d281543108caf8310912f54af/sky130A/libs.tech/openlane/sky130_fd_sc_hd/tribuff_map.v'…

154. Executing TECHMAP pass (map to technology primitives).

154.1. Executing Verilog-2005 frontend: /home/systemuser/.volare/volare/sky130/versions/0fe599b2afb6708d281543108caf8310912f54af/sky130A/libs.tech/openlane/sky130_fd_sc_hd/tribuff_map.v
Parsing Verilog input from `/home/systemuser/.volare/volare/sky130/versions/0fe599b2afb6708d281543108caf8310912f54af/sky130A/libs.tech/openlane/sky130_fd_sc_hd/tribuff_map.v' to AST representation.
Generating RTLIL representation for module `\$_TBUF_'.
Successfully finished Verilog frontend.

154.2. Continuing TECHMAP pass.
No more expansions possible.
<suppressed ~3 debug messages>

155. Executing SIMPLEMAP pass (map simple cells to gate primitives).
[INFO] Applying latch mapping from '/home/systemuser/.volare/volare/sky130/versions/0fe599b2afb6708d281543108caf8310912f54af/sky130A/libs.tech/openlane/sky130_fd_sc_hd/latch_map.v'…

156. Executing TECHMAP pass (map to technology primitives).

156.1. Executing Verilog-2005 frontend: /home/systemuser/.volare/volare/sky130/versions/0fe599b2afb6708d281543108caf8310912f54af/sky130A/libs.tech/openlane/sky130_fd_sc_hd/latch_map.v
Parsing Verilog input from `/home/systemuser/.volare/volare/sky130/versions/0fe599b2afb6708d281543108caf8310912f54af/sky130A/libs.tech/openlane/sky130_fd_sc_hd/latch_map.v' to AST representation.
Generating RTLIL representation for module `\$_DLATCH_P_'.
Generating RTLIL representation for module `\$_DLATCH_N_'.
Successfully finished Verilog frontend.

156.2. Continuing TECHMAP pass.
No more expansions possible.
<suppressed ~4 debug messages>

157. Executing SIMPLEMAP pass (map simple cells to gate primitives).

158. Executing DFFLIBMAP pass (mapping DFF cells to sequential cells from liberty file).
  cell sky130_fd_sc_hd__dfxtp_2 (noninv, pins=3, area=21.27) is a direct match for cell type $_DFF_P_.
  cell sky130_fd_sc_hd__dfrtp_2 (noninv, pins=4, area=26.28) is a direct match for cell type $_DFF_PN0_.
  cell sky130_fd_sc_hd__dfstp_2 (noninv, pins=4, area=26.28) is a direct match for cell type $_DFF_PN1_.
  cell sky130_fd_sc_hd__dfbbn_2 (noninv, pins=6, area=35.03) is a direct match for cell type $_DFFSR_NNN_.
  final dff cell mappings:
    unmapped dff cell: $_DFF_N_
    \sky130_fd_sc_hd__dfxtp_2 _DFF_P_ (.CLK( C), .D( D), .Q( Q));
    unmapped dff cell: $_DFF_NN0_
    unmapped dff cell: $_DFF_NN1_
    unmapped dff cell: $_DFF_NP0_
    unmapped dff cell: $_DFF_NP1_
    \sky130_fd_sc_hd__dfrtp_2 _DFF_PN0_ (.CLK( C), .D( D), .Q( Q), .RESET_B( R));
    \sky130_fd_sc_hd__dfstp_2 _DFF_PN1_ (.CLK( C), .D( D), .Q( Q), .SET_B( R));
    unmapped dff cell: $_DFF_PP0_
    unmapped dff cell: $_DFF_PP1_
    \sky130_fd_sc_hd__dfbbn_2 _DFFSR_NNN_ (.CLK_N( C), .D( D), .Q( Q), .Q_N(~Q), .RESET_B( R), .SET_B( S));
    unmapped dff cell: $_DFFSR_NNP_
    unmapped dff cell: $_DFFSR_NPN_
    unmapped dff cell: $_DFFSR_NPP_
    unmapped dff cell: $_DFFSR_PNN_
    unmapped dff cell: $_DFFSR_PNP_
    unmapped dff cell: $_DFFSR_PPN_
    unmapped dff cell: $_DFFSR_PPP_

158.1. Executing DFFLEGALIZE pass (convert FFs to types supported by the target).
Mapping DFF cells in module `\gelu_top':
  mapped 1142 $_DFF_P_ cells to \sky130_fd_sc_hd__dfxtp_2 cells.
{
   "creator": "Yosys 0.46 (git sha1 e97731b9dda91fa5fa53ed87df7c34163ba59a41, clang++ 17.0.6 -fPIC -O3)",
   "invocation": "stat -json -liberty /home/systemuser/Documents/ECE/510/Project/m3/synth/runs/RUN_2026-05-24_21-40-35/tmp/797daec552784771935b0aeaefe40c95.lib ",
   "modules": {
      "\\gelu_top": {
         "num_wires":         8535,
         "num_wire_bits":     10159,
         "num_pub_wires":     146,
         "num_pub_wire_bits": 1488,
         "num_ports":         29,
         "num_port_bits":     220,
         "num_memories":      0,
         "num_memory_bits":   0,
         "num_processes":     0,
         "num_cells":         9746,
         "area":              24290.796800,
         "num_cells_by_type": {
            "$_ANDNOT_": 2028,
            "$_AND_": 316,
            "$_MUX_": 2086,
            "$_NAND_": 507,
            "$_NOR_": 242,
            "$_NOT_": 179,
            "$_ORNOT_": 183,
            "$_OR_": 1154,
            "$_XNOR_": 306,
            "$_XOR_": 1603,
            "sky130_fd_sc_hd__dfxtp_2": 1142
         }
      }
   },
      "design": {
         "num_wires":         8535,
         "num_wire_bits":     10159,
         "num_pub_wires":     146,
         "num_pub_wire_bits": 1488,
         "num_ports":         29,
         "num_port_bits":     220,
         "num_memories":      0,
         "num_memory_bits":   0,
         "num_processes":     0,
         "num_cells":         9746,
         "area":              24290.796800,
         "num_cells_by_type": {
            "$_ANDNOT_": 2028,
            "$_AND_": 316,
            "$_MUX_": 2086,
            "$_NAND_": 507,
            "$_NOR_": 242,
            "$_NOT_": 179,
            "$_ORNOT_": 183,
            "$_OR_": 1154,
            "$_XNOR_": 306,
            "$_XOR_": 1603,
            "sky130_fd_sc_hd__dfxtp_2": 1142
         }
      }
}

159. Printing statistics.

=== gelu_top ===

   Number of wires:               8535
   Number of wire bits:          10159
   Number of public wires:         146
   Number of public wire bits:    1488
   Number of ports:                 29
   Number of port bits:            220
   Number of memories:               0
   Number of memory bits:            0
   Number of processes:              0
   Number of cells:               9746
     $_ANDNOT_                    2028
     $_AND_                        316
     $_MUX_                       2086
     $_NAND_                       507
     $_NOR_                        242
     $_NOT_                        179
     $_ORNOT_                      183
     $_OR_                        1154
     $_XNOR_                       306
     $_XOR_                       1603
     sky130_fd_sc_hd__dfxtp_2     1142

   Area for cell type $_NOT_ is unknown!
   Area for cell type $_AND_ is unknown!
   Area for cell type $_NAND_ is unknown!
   Area for cell type $_OR_ is unknown!
   Area for cell type $_NOR_ is unknown!
   Area for cell type $_XOR_ is unknown!
   Area for cell type $_XNOR_ is unknown!
   Area for cell type $_ANDNOT_ is unknown!
   Area for cell type $_ORNOT_ is unknown!
   Area for cell type $_MUX_ is unknown!

   Chip area for module '\gelu_top': 24290.796800
     of which used for sequential elements: 24290.796800 (100.00%)

[INFO] Using generated ABC script '/home/systemuser/Documents/ECE/510/Project/m3/synth/runs/RUN_2026-05-24_21-40-35/06-yosys-synthesis/AREA_0.abc'…

160. Executing ABC pass (technology mapping using ABC).

160.1. Extracting gate netlist of module `\gelu_top' to `/tmp/yosys-abc-xCrijc/input.blif'..
Extracted 8604 gates and 9842 wires to a netlist network with 1236 inputs and 1132 outputs.

160.1.1. Executing ABC.
Running ABC command: "/nix/store/6l3aj1gi4lja8z5s4lan2k2cfz9mqkrz-yosys-abc/bin/abc" -s -f /tmp/yosys-abc-xCrijc/abc.script 2>&1
ABC: ABC command line: "source /tmp/yosys-abc-xCrijc/abc.script".
ABC: 
ABC: + read_blif /tmp/yosys-abc-xCrijc/input.blif 
ABC: + read_lib -w /home/systemuser/Documents/ECE/510/Project/m3/synth/runs/RUN_2026-05-24_21-40-35/tmp/797daec552784771935b0aeaefe40c95.lib 
ABC: Parsing finished successfully.  Parsing time =     0.03 sec
ABC: Scl_LibertyReadGenlib() skipped sequential cell "sky130_fd_sc_hd__dfbbn_2".
ABC: Scl_LibertyReadGenlib() skipped sequential cell "sky130_fd_sc_hd__dfrbp_2".
ABC: Scl_LibertyReadGenlib() skipped sequential cell "sky130_fd_sc_hd__dfrtp_2".
ABC: Scl_LibertyReadGenlib() skipped sequential cell "sky130_fd_sc_hd__dfrtp_4".
ABC: Scl_LibertyReadGenlib() skipped sequential cell "sky130_fd_sc_hd__dfsbp_2".
ABC: Scl_LibertyReadGenlib() skipped sequential cell "sky130_fd_sc_hd__dfstp_2".
ABC: Scl_LibertyReadGenlib() skipped sequential cell "sky130_fd_sc_hd__dfstp_4".
ABC: Scl_LibertyReadGenlib() skipped sequential cell "sky130_fd_sc_hd__dfxbp_2".
ABC: Scl_LibertyReadGenlib() skipped sequential cell "sky130_fd_sc_hd__dfxtp_2".
ABC: Scl_LibertyReadGenlib() skipped sequential cell "sky130_fd_sc_hd__dfxtp_4".
ABC: Scl_LibertyReadGenlib() skipped sequential cell "sky130_fd_sc_hd__dlxtn_1".
ABC: Scl_LibertyReadGenlib() skipped sequential cell "sky130_fd_sc_hd__dlxtn_2".
ABC: Scl_LibertyReadGenlib() skipped sequential cell "sky130_fd_sc_hd__dlxtn_4".
ABC: Scl_LibertyReadGenlib() skipped sequential cell "sky130_fd_sc_hd__dlxtp_1".
ABC: Scl_LibertyReadGenlib() skipped three-state cell "sky130_fd_sc_hd__ebufn_2".
ABC: Scl_LibertyReadGenlib() skipped three-state cell "sky130_fd_sc_hd__ebufn_4".
ABC: Scl_LibertyReadGenlib() skipped three-state cell "sky130_fd_sc_hd__ebufn_8".
ABC: Library "sky130_fd_sc_hd__tt_025C_1v80" from "/home/systemuser/Documents/ECE/510/Project/m3/synth/runs/RUN_2026-05-24_21-40-35/tmp/797daec552784771935b0aeaefe40c95.lib" has 175 cells (17 skipped: 14 seq; 3 tri-state; 0 no func; 0 dont_use).  Time =     0.05 sec
ABC: Memory =    9.54 MB. Time =     0.05 sec
ABC: Warning: Detected 2 multi-output gates (for example, "sky130_fd_sc_hd__fa_1").
ABC: + read_constr -v /home/systemuser/Documents/ECE/510/Project/m3/synth/runs/RUN_2026-05-24_21-40-35/06-yosys-synthesis/synthesis.abc.sdc 
ABC: Setting driving cell to be "sky130_fd_sc_hd__inv_2/Y".
ABC: Setting output load to be 33.442001.
ABC: + source /home/systemuser/Documents/ECE/510/Project/m3/synth/runs/RUN_2026-05-24_21-40-35/06-yosys-synthesis/AREA_0.abc 
ABC: Error: The network is combinational.
ABC: Cannot find the default PI driving cell (sky130_fd_sc_hd__inv_2/Y) in the library.
ABC: WireLoad = "none"  Gates =   6532 (  1.3 %)   Cap = 12.9 ff (  5.2 %)   Area =    66043.34 ( 82.4 %)   Delay =  8917.74 ps  (  1.0 %)               
ABC: Path  0 --     158 : 0    5 pi                      A =   0.00  Df =   0.0   -0.0 ps  S =   0.0 ps  Cin =  0.0 ff  Cout =  13.6 ff  Cmax =   0.0 ff  G =    0  
ABC: Path  1 --    4127 : 4    5 sky130_fd_sc_hd__or4_2  A =   8.76  Df = 711.6 -582.4 ps  S = 144.1 ps  Cin =  1.5 ff  Cout =  14.1 ff  Cmax = 310.4 ff  G =  885  
ABC: Path  2 --    4137 : 4    3 sky130_fd_sc_hd__or4_2  A =   8.76  Df =1310.9-1045.0 ps  S = 125.0 ps  Cin =  1.5 ff  Cout =   9.1 ff  Cmax = 310.4 ff  G =  574  
ABC: Path  3 --    4141 : 2    3 sky130_fd_sc_hd__or2_2  A =   6.26  Df =1633.5-1244.4 ps  S =  71.6 ps  Cin =  1.5 ff  Cout =   9.1 ff  Cmax = 299.4 ff  G =  593  
ABC: Path  4 --    4145 : 2    3 sky130_fd_sc_hd__or2_2  A =   6.26  Df =1935.8-1423.3 ps  S =  71.7 ps  Cin =  1.5 ff  Cout =   9.1 ff  Cmax = 299.4 ff  G =  593  
ABC: Path  5 --    4149 : 2    3 sky130_fd_sc_hd__or2_2  A =   6.26  Df =2238.0-1602.2 ps  S =  71.7 ps  Cin =  1.5 ff  Cout =   9.1 ff  Cmax = 299.4 ff  G =  593  
ABC: Path  6 --    4153 : 2    3 sky130_fd_sc_hd__or2_2  A =   6.26  Df =2540.2-1781.1 ps  S =  71.7 ps  Cin =  1.5 ff  Cout =   9.1 ff  Cmax = 299.4 ff  G =  593  
ABC: Path  7 --    4157 : 2    3 sky130_fd_sc_hd__or2_2  A =   6.26  Df =2842.4-1960.0 ps  S =  71.7 ps  Cin =  1.5 ff  Cout =   9.1 ff  Cmax = 299.4 ff  G =  593  
ABC: Path  8 --    4161 : 2    3 sky130_fd_sc_hd__or2_2  A =   6.26  Df =3144.7-2138.9 ps  S =  71.7 ps  Cin =  1.5 ff  Cout =   9.1 ff  Cmax = 299.4 ff  G =  593  
ABC: Path  9 --    4165 : 2    3 sky130_fd_sc_hd__or2_2  A =   6.26  Df =3446.9-2317.8 ps  S =  71.7 ps  Cin =  1.5 ff  Cout =   9.1 ff  Cmax = 299.4 ff  G =  593  
ABC: Path 10 --    4169 : 2    3 sky130_fd_sc_hd__or2_2  A =   6.26  Df =3749.1-2496.8 ps  S =  71.7 ps  Cin =  1.5 ff  Cout =   9.1 ff  Cmax = 299.4 ff  G =  593  
ABC: Path 11 --    4173 : 2    3 sky130_fd_sc_hd__or2_2  A =   6.26  Df =4051.3-2675.7 ps  S =  71.7 ps  Cin =  1.5 ff  Cout =   9.1 ff  Cmax = 299.4 ff  G =  593  
ABC: Path 12 --    4177 : 2    3 sky130_fd_sc_hd__or2_2  A =   6.26  Df =4353.6-2854.6 ps  S =  71.7 ps  Cin =  1.5 ff  Cout =   9.1 ff  Cmax = 299.4 ff  G =  593  
ABC: Path 13 --    4181 : 2    3 sky130_fd_sc_hd__or2_2  A =   6.26  Df =4655.8-3033.5 ps  S =  71.7 ps  Cin =  1.5 ff  Cout =   9.1 ff  Cmax = 299.4 ff  G =  593  
ABC: Path 14 --    4185 : 2    3 sky130_fd_sc_hd__or2_2  A =   6.26  Df =4958.0-3212.4 ps  S =  71.7 ps  Cin =  1.5 ff  Cout =   9.1 ff  Cmax = 299.4 ff  G =  593  
ABC: Path 15 --    4189 : 2    3 sky130_fd_sc_hd__or2_2  A =   6.26  Df =5260.2-3391.3 ps  S =  71.7 ps  Cin =  1.5 ff  Cout =   9.1 ff  Cmax = 299.4 ff  G =  593  
ABC: Path 16 --    4193 : 2    3 sky130_fd_sc_hd__or2_2  A =   6.26  Df =5562.5-3570.2 ps  S =  71.7 ps  Cin =  1.5 ff  Cout =   9.1 ff  Cmax = 299.4 ff  G =  593  
ABC: Path 17 --    4197 : 2    3 sky130_fd_sc_hd__or2_2  A =   6.26  Df =5864.7-3749.2 ps  S =  71.7 ps  Cin =  1.5 ff  Cout =   9.1 ff  Cmax = 299.4 ff  G =  593  
ABC: Path 18 --    4201 : 2    3 sky130_fd_sc_hd__or2_2  A =   6.26  Df =6166.9-3928.1 ps  S =  71.7 ps  Cin =  1.5 ff  Cout =   9.1 ff  Cmax = 299.4 ff  G =  593  
ABC: Path 19 --    4205 : 2    3 sky130_fd_sc_hd__or2_2  A =   6.26  Df =6469.1-4107.0 ps  S =  71.7 ps  Cin =  1.5 ff  Cout =   9.1 ff  Cmax = 299.4 ff  G =  593  
ABC: Path 20 --    4209 : 2    3 sky130_fd_sc_hd__or2_2  A =   6.26  Df =6771.4-4285.9 ps  S =  71.7 ps  Cin =  1.5 ff  Cout =   9.1 ff  Cmax = 299.4 ff  G =  593  
ABC: Path 21 --    4213 : 2    3 sky130_fd_sc_hd__or2_2  A =   6.26  Df =7073.6-4464.8 ps  S =  71.7 ps  Cin =  1.5 ff  Cout =   9.1 ff  Cmax = 299.4 ff  G =  593  
ABC: Path 22 --    4217 : 2    3 sky130_fd_sc_hd__or2_2  A =   6.26  Df =7375.8-4643.7 ps  S =  71.7 ps  Cin =  1.5 ff  Cout =   9.1 ff  Cmax = 299.4 ff  G =  593  
ABC: Path 23 --    4221 : 2    3 sky130_fd_sc_hd__or2_2  A =   6.26  Df =7678.0-4822.7 ps  S =  71.7 ps  Cin =  1.5 ff  Cout =   9.1 ff  Cmax = 299.4 ff  G =  593  
ABC: Path 24 --    4225 : 2    3 sky130_fd_sc_hd__or2_2  A =   6.26  Df =7980.3-5001.6 ps  S =  71.7 ps  Cin =  1.5 ff  Cout =   9.1 ff  Cmax = 299.4 ff  G =  593  
ABC: Path 25 --    4229 : 2    4 sky130_fd_sc_hd__or2_2  A =   6.26  Df =8300.2-5180.5 ps  S =  83.9 ps  Cin =  1.5 ff  Cout =  13.8 ff  Cmax = 299.4 ff  G =  899  
ABC: Path 26 --    8706 : 4    1 sky130_fd_sc_hd__nor4_2 A =  12.51  Df =8917.7-5699.8 ps  S = 825.3 ps  Cin =  4.3 ff  Cout =  33.4 ff  Cmax =  64.1 ff  G =  774  
ABC: Start-point = pi157 (\u_interface.u_gelu_fp32.s2_data [1]).  End-point = po1027 ($auto$rtlil.cc:2739:MuxGate$41147).
ABC: netlist                       : i/o = 1236/ 1132  lat =    0  nd =  6532  edge =  18806  area =66053.62  delay =27.00  lev = 27
ABC: + write_blif /tmp/yosys-abc-xCrijc/output.blif 

160.1.2. Re-integrating ABC results.
ABC RESULTS:   sky130_fd_sc_hd__o2111ai_2 cells:        1
ABC RESULTS:   sky130_fd_sc_hd__o41ai_2 cells:        2
ABC RESULTS:   sky130_fd_sc_hd__a221oi_2 cells:        1
ABC RESULTS:   sky130_fd_sc_hd__o31ai_2 cells:        3
ABC RESULTS:   sky130_fd_sc_hd__nor3b_2 cells:        6
ABC RESULTS:   sky130_fd_sc_hd__o31a_2 cells:        8
ABC RESULTS:   sky130_fd_sc_hd__a2bb2oi_2 cells:        1
ABC RESULTS:   sky130_fd_sc_hd__and4b_2 cells:        2
ABC RESULTS:   sky130_fd_sc_hd__a2bb2o_2 cells:        8
ABC RESULTS:   sky130_fd_sc_hd__a32oi_2 cells:        1
ABC RESULTS:   sky130_fd_sc_hd__and4bb_2 cells:        7
ABC RESULTS:   sky130_fd_sc_hd__a31oi_2 cells:       23
ABC RESULTS:   sky130_fd_sc_hd__o211ai_2 cells:       40
ABC RESULTS:   sky130_fd_sc_hd__nand4b_2 cells:        2
ABC RESULTS:   sky130_fd_sc_hd__nand3b_2 cells:       16
ABC RESULTS:   sky130_fd_sc_hd__or4bb_2 cells:        6
ABC RESULTS:   sky130_fd_sc_hd__nand4_2 cells:       92
ABC RESULTS:   sky130_fd_sc_hd__a22oi_2 cells:       77
ABC RESULTS:   sky130_fd_sc_hd__and4_2 cells:      141
ABC RESULTS:   sky130_fd_sc_hd__o2bb2ai_2 cells:        1
ABC RESULTS:   sky130_fd_sc_hd__a32o_2 cells:       19
ABC RESULTS:   sky130_fd_sc_hd__o21ba_2 cells:       37
ABC RESULTS:   sky130_fd_sc_hd__o32a_2 cells:        8
ABC RESULTS:   sky130_fd_sc_hd__o221a_2 cells:        3
ABC RESULTS:   sky130_fd_sc_hd__xor2_2 cells:      192
ABC RESULTS:   sky130_fd_sc_hd__and2b_2 cells:      159
ABC RESULTS:   sky130_fd_sc_hd__o2bb2a_2 cells:       12
ABC RESULTS:   sky130_fd_sc_hd__or3_2 cells:      118
ABC RESULTS:   sky130_fd_sc_hd__a2111o_2 cells:        5
ABC RESULTS:   sky130_fd_sc_hd__a211o_2 cells:       56
ABC RESULTS:   sky130_fd_sc_hd__a21boi_2 cells:       29
ABC RESULTS:   sky130_fd_sc_hd__o22a_2 cells:       16
ABC RESULTS:   sky130_fd_sc_hd__a221o_2 cells:       25
ABC RESULTS:   sky130_fd_sc_hd__mux4_2 cells:      163
ABC RESULTS:   sky130_fd_sc_hd__a22o_2 cells:      257
ABC RESULTS:   sky130_fd_sc_hd__o41a_2 cells:        3
ABC RESULTS:   sky130_fd_sc_hd__and3b_2 cells:       19
ABC RESULTS:   sky130_fd_sc_hd__nor4_2 cells:        8
ABC RESULTS:   sky130_fd_sc_hd__nand3_2 cells:      236
ABC RESULTS:   sky130_fd_sc_hd__or4_2 cells:       85
ABC RESULTS:   sky130_fd_sc_hd__o311a_2 cells:        6
ABC RESULTS:   sky130_fd_sc_hd__or4b_2 cells:       11
ABC RESULTS:   sky130_fd_sc_hd__a21o_2 cells:      357
ABC RESULTS:   sky130_fd_sc_hd__nor3_2 cells:       47
ABC RESULTS:   sky130_fd_sc_hd__a41o_2 cells:        2
ABC RESULTS:   sky130_fd_sc_hd__and2_2 cells:      263
ABC RESULTS:   sky130_fd_sc_hd__a21bo_2 cells:       87
ABC RESULTS:   sky130_fd_sc_hd__and3_2 cells:      215
ABC RESULTS:   sky130_fd_sc_hd__a211oi_2 cells:       65
ABC RESULTS:   sky130_fd_sc_hd__o21ai_2 cells:      149
ABC RESULTS:   sky130_fd_sc_hd__nand2b_2 cells:       97
ABC RESULTS:   sky130_fd_sc_hd__xnor2_2 cells:      558
ABC RESULTS:   sky130_fd_sc_hd__nand2_2 cells:      467
ABC RESULTS:   sky130_fd_sc_hd__o211a_2 cells:       85
ABC RESULTS:   sky130_fd_sc_hd__or2_2 cells:      262
ABC RESULTS:   sky130_fd_sc_hd__o21bai_2 cells:       29
ABC RESULTS:   sky130_fd_sc_hd__a21oi_2 cells:      321
ABC RESULTS:   sky130_fd_sc_hd__a31o_2 cells:      133
ABC RESULTS:   sky130_fd_sc_hd__mux2_1 cells:      803
ABC RESULTS:   sky130_fd_sc_hd__or3b_2 cells:       18
ABC RESULTS:   sky130_fd_sc_hd__inv_2 cells:       86
ABC RESULTS:   sky130_fd_sc_hd__o2111a_2 cells:       12
ABC RESULTS:   sky130_fd_sc_hd__nor2_2 cells:      424
ABC RESULTS:   sky130_fd_sc_hd__o21a_2 cells:      147
ABC RESULTS:        internal signals:     7474
ABC RESULTS:           input signals:     1236
ABC RESULTS:          output signals:     1132
Removing temp directory.

161. Executing SETUNDEF pass (replace undef values with defined constants).

162. Executing HILOMAP pass (mapping to constant drivers).

163. Executing SPLITNETS pass (splitting up multi-bit signals).

164. Executing OPT_CLEAN pass (remove unused cells and wires).
Finding unused cells or wires in module \gelu_top..
Removed 16 unused cells and 10125 unused wires.
<suppressed ~151 debug messages>

165. Executing INSBUF pass (insert buffer cells for connected wires).
Add gelu_top/$auto$insbuf.cc:97:execute$48037: \s_axil_awready -> \s_axil_wready

166. Executing CHECK pass (checking for obvious problems).
Checking module gelu_top...
Found and reported 0 problems.
{
   "creator": "Yosys 0.46 (git sha1 e97731b9dda91fa5fa53ed87df7c34163ba59a41, clang++ 17.0.6 -fPIC -O3)",
   "invocation": "stat -json -liberty /home/systemuser/Documents/ECE/510/Project/m3/synth/runs/RUN_2026-05-24_21-40-35/tmp/797daec552784771935b0aeaefe40c95.lib ",
   "modules": {
      "\\gelu_top": {
         "num_wires":         7662,
         "num_wire_bits":     7853,
         "num_pub_wires":     1163,
         "num_pub_wire_bits": 1354,
         "num_ports":         29,
         "num_port_bits":     220,
         "num_memories":      0,
         "num_memory_bits":   0,
         "num_processes":     0,
         "num_cells":         7710,
         "area":              90470.518400,
         "num_cells_by_type": {
            "sky130_fd_sc_hd__a2111o_2": 5,
            "sky130_fd_sc_hd__a211o_2": 56,
            "sky130_fd_sc_hd__a211oi_2": 65,
            "sky130_fd_sc_hd__a21bo_2": 87,
            "sky130_fd_sc_hd__a21boi_2": 29,
            "sky130_fd_sc_hd__a21o_2": 357,
            "sky130_fd_sc_hd__a21oi_2": 321,
            "sky130_fd_sc_hd__a221o_2": 25,
            "sky130_fd_sc_hd__a221oi_2": 1,
            "sky130_fd_sc_hd__a22o_2": 257,
            "sky130_fd_sc_hd__a22oi_2": 77,
            "sky130_fd_sc_hd__a2bb2o_2": 8,
            "sky130_fd_sc_hd__a2bb2oi_2": 1,
            "sky130_fd_sc_hd__a31o_2": 133,
            "sky130_fd_sc_hd__a31oi_2": 23,
            "sky130_fd_sc_hd__a32o_2": 19,
            "sky130_fd_sc_hd__a32oi_2": 1,
            "sky130_fd_sc_hd__a41o_2": 2,
            "sky130_fd_sc_hd__and2_2": 263,
            "sky130_fd_sc_hd__and2b_2": 159,
            "sky130_fd_sc_hd__and3_2": 215,
            "sky130_fd_sc_hd__and3b_2": 19,
            "sky130_fd_sc_hd__and4_2": 141,
            "sky130_fd_sc_hd__and4b_2": 2,
            "sky130_fd_sc_hd__and4bb_2": 7,
            "sky130_fd_sc_hd__buf_2": 1,
            "sky130_fd_sc_hd__conb_1": 35,
            "sky130_fd_sc_hd__dfxtp_2": 1142,
            "sky130_fd_sc_hd__inv_2": 86,
            "sky130_fd_sc_hd__mux2_1": 803,
            "sky130_fd_sc_hd__mux4_2": 163,
            "sky130_fd_sc_hd__nand2_2": 467,
            "sky130_fd_sc_hd__nand2b_2": 97,
            "sky130_fd_sc_hd__nand3_2": 236,
            "sky130_fd_sc_hd__nand3b_2": 16,
            "sky130_fd_sc_hd__nand4_2": 92,
            "sky130_fd_sc_hd__nand4b_2": 2,
            "sky130_fd_sc_hd__nor2_2": 424,
            "sky130_fd_sc_hd__nor3_2": 47,
            "sky130_fd_sc_hd__nor3b_2": 6,
            "sky130_fd_sc_hd__nor4_2": 8,
            "sky130_fd_sc_hd__o2111a_2": 12,
            "sky130_fd_sc_hd__o2111ai_2": 1,
            "sky130_fd_sc_hd__o211a_2": 85,
            "sky130_fd_sc_hd__o211ai_2": 40,
            "sky130_fd_sc_hd__o21a_2": 147,
            "sky130_fd_sc_hd__o21ai_2": 149,
            "sky130_fd_sc_hd__o21ba_2": 37,
            "sky130_fd_sc_hd__o21bai_2": 29,
            "sky130_fd_sc_hd__o221a_2": 3,
            "sky130_fd_sc_hd__o22a_2": 16,
            "sky130_fd_sc_hd__o2bb2a_2": 12,
            "sky130_fd_sc_hd__o2bb2ai_2": 1,
            "sky130_fd_sc_hd__o311a_2": 6,
            "sky130_fd_sc_hd__o31a_2": 8,
            "sky130_fd_sc_hd__o31ai_2": 3,
            "sky130_fd_sc_hd__o32a_2": 8,
            "sky130_fd_sc_hd__o41a_2": 3,
            "sky130_fd_sc_hd__o41ai_2": 2,
            "sky130_fd_sc_hd__or2_2": 262,
            "sky130_fd_sc_hd__or3_2": 118,
            "sky130_fd_sc_hd__or3b_2": 18,
            "sky130_fd_sc_hd__or4_2": 85,
            "sky130_fd_sc_hd__or4b_2": 11,
            "sky130_fd_sc_hd__or4bb_2": 6,
            "sky130_fd_sc_hd__xnor2_2": 558,
            "sky130_fd_sc_hd__xor2_2": 192
         }
      }
   },
      "design": {
         "num_wires":         7662,
         "num_wire_bits":     7853,
         "num_pub_wires":     1163,
         "num_pub_wire_bits": 1354,
         "num_ports":         29,
         "num_port_bits":     220,
         "num_memories":      0,
         "num_memory_bits":   0,
         "num_processes":     0,
         "num_cells":         7710,
         "area":              90470.518400,
         "num_cells_by_type": {
            "sky130_fd_sc_hd__a2111o_2": 5,
            "sky130_fd_sc_hd__a211o_2": 56,
            "sky130_fd_sc_hd__a211oi_2": 65,
            "sky130_fd_sc_hd__a21bo_2": 87,
            "sky130_fd_sc_hd__a21boi_2": 29,
            "sky130_fd_sc_hd__a21o_2": 357,
            "sky130_fd_sc_hd__a21oi_2": 321,
            "sky130_fd_sc_hd__a221o_2": 25,
            "sky130_fd_sc_hd__a221oi_2": 1,
            "sky130_fd_sc_hd__a22o_2": 257,
            "sky130_fd_sc_hd__a22oi_2": 77,
            "sky130_fd_sc_hd__a2bb2o_2": 8,
            "sky130_fd_sc_hd__a2bb2oi_2": 1,
            "sky130_fd_sc_hd__a31o_2": 133,
            "sky130_fd_sc_hd__a31oi_2": 23,
            "sky130_fd_sc_hd__a32o_2": 19,
            "sky130_fd_sc_hd__a32oi_2": 1,
            "sky130_fd_sc_hd__a41o_2": 2,
            "sky130_fd_sc_hd__and2_2": 263,
            "sky130_fd_sc_hd__and2b_2": 159,
            "sky130_fd_sc_hd__and3_2": 215,
            "sky130_fd_sc_hd__and3b_2": 19,
            "sky130_fd_sc_hd__and4_2": 141,
            "sky130_fd_sc_hd__and4b_2": 2,
            "sky130_fd_sc_hd__and4bb_2": 7,
            "sky130_fd_sc_hd__buf_2": 1,
            "sky130_fd_sc_hd__conb_1": 35,
            "sky130_fd_sc_hd__dfxtp_2": 1142,
            "sky130_fd_sc_hd__inv_2": 86,
            "sky130_fd_sc_hd__mux2_1": 803,
            "sky130_fd_sc_hd__mux4_2": 163,
            "sky130_fd_sc_hd__nand2_2": 467,
            "sky130_fd_sc_hd__nand2b_2": 97,
            "sky130_fd_sc_hd__nand3_2": 236,
            "sky130_fd_sc_hd__nand3b_2": 16,
            "sky130_fd_sc_hd__nand4_2": 92,
            "sky130_fd_sc_hd__nand4b_2": 2,
            "sky130_fd_sc_hd__nor2_2": 424,
            "sky130_fd_sc_hd__nor3_2": 47,
            "sky130_fd_sc_hd__nor3b_2": 6,
            "sky130_fd_sc_hd__nor4_2": 8,
            "sky130_fd_sc_hd__o2111a_2": 12,
            "sky130_fd_sc_hd__o2111ai_2": 1,
            "sky130_fd_sc_hd__o211a_2": 85,
            "sky130_fd_sc_hd__o211ai_2": 40,
            "sky130_fd_sc_hd__o21a_2": 147,
            "sky130_fd_sc_hd__o21ai_2": 149,
            "sky130_fd_sc_hd__o21ba_2": 37,
            "sky130_fd_sc_hd__o21bai_2": 29,
            "sky130_fd_sc_hd__o221a_2": 3,
            "sky130_fd_sc_hd__o22a_2": 16,
            "sky130_fd_sc_hd__o2bb2a_2": 12,
            "sky130_fd_sc_hd__o2bb2ai_2": 1,
            "sky130_fd_sc_hd__o311a_2": 6,
            "sky130_fd_sc_hd__o31a_2": 8,
            "sky130_fd_sc_hd__o31ai_2": 3,
            "sky130_fd_sc_hd__o32a_2": 8,
            "sky130_fd_sc_hd__o41a_2": 3,
            "sky130_fd_sc_hd__o41ai_2": 2,
            "sky130_fd_sc_hd__or2_2": 262,
            "sky130_fd_sc_hd__or3_2": 118,
            "sky130_fd_sc_hd__or3b_2": 18,
            "sky130_fd_sc_hd__or4_2": 85,
            "sky130_fd_sc_hd__or4b_2": 11,
            "sky130_fd_sc_hd__or4bb_2": 6,
            "sky130_fd_sc_hd__xnor2_2": 558,
            "sky130_fd_sc_hd__xor2_2": 192
         }
      }
}

167. Printing statistics.

=== gelu_top ===

   Number of wires:               7662
   Number of wire bits:           7853
   Number of public wires:        1163
   Number of public wire bits:    1354
   Number of ports:                 29
   Number of port bits:            220
   Number of memories:               0
   Number of memory bits:            0
   Number of processes:              0
   Number of cells:               7710
     sky130_fd_sc_hd__a2111o_2       5
     sky130_fd_sc_hd__a211o_2       56
     sky130_fd_sc_hd__a211oi_2      65
     sky130_fd_sc_hd__a21bo_2       87
     sky130_fd_sc_hd__a21boi_2      29
     sky130_fd_sc_hd__a21o_2       357
     sky130_fd_sc_hd__a21oi_2      321
     sky130_fd_sc_hd__a221o_2       25
     sky130_fd_sc_hd__a221oi_2       1
     sky130_fd_sc_hd__a22o_2       257
     sky130_fd_sc_hd__a22oi_2       77
     sky130_fd_sc_hd__a2bb2o_2       8
     sky130_fd_sc_hd__a2bb2oi_2      1
     sky130_fd_sc_hd__a31o_2       133
     sky130_fd_sc_hd__a31oi_2       23
     sky130_fd_sc_hd__a32o_2        19
     sky130_fd_sc_hd__a32oi_2        1
     sky130_fd_sc_hd__a41o_2         2
     sky130_fd_sc_hd__and2_2       263
     sky130_fd_sc_hd__and2b_2      159
     sky130_fd_sc_hd__and3_2       215
     sky130_fd_sc_hd__and3b_2       19
     sky130_fd_sc_hd__and4_2       141
     sky130_fd_sc_hd__and4b_2        2
     sky130_fd_sc_hd__and4bb_2       7
     sky130_fd_sc_hd__buf_2          1
     sky130_fd_sc_hd__conb_1        35
     sky130_fd_sc_hd__dfxtp_2     1142
     sky130_fd_sc_hd__inv_2         86
     sky130_fd_sc_hd__mux2_1       803
     sky130_fd_sc_hd__mux4_2       163
     sky130_fd_sc_hd__nand2_2      467
     sky130_fd_sc_hd__nand2b_2      97
     sky130_fd_sc_hd__nand3_2      236
     sky130_fd_sc_hd__nand3b_2      16
     sky130_fd_sc_hd__nand4_2       92
     sky130_fd_sc_hd__nand4b_2       2
     sky130_fd_sc_hd__nor2_2       424
     sky130_fd_sc_hd__nor3_2        47
     sky130_fd_sc_hd__nor3b_2        6
     sky130_fd_sc_hd__nor4_2         8
     sky130_fd_sc_hd__o2111a_2      12
     sky130_fd_sc_hd__o2111ai_2      1
     sky130_fd_sc_hd__o211a_2       85
     sky130_fd_sc_hd__o211ai_2      40
     sky130_fd_sc_hd__o21a_2       147
     sky130_fd_sc_hd__o21ai_2      149
     sky130_fd_sc_hd__o21ba_2       37
     sky130_fd_sc_hd__o21bai_2      29
     sky130_fd_sc_hd__o221a_2        3
     sky130_fd_sc_hd__o22a_2        16
     sky130_fd_sc_hd__o2bb2a_2      12
     sky130_fd_sc_hd__o2bb2ai_2      1
     sky130_fd_sc_hd__o311a_2        6
     sky130_fd_sc_hd__o31a_2         8
     sky130_fd_sc_hd__o31ai_2        3
     sky130_fd_sc_hd__o32a_2         8
     sky130_fd_sc_hd__o41a_2         3
     sky130_fd_sc_hd__o41ai_2        2
     sky130_fd_sc_hd__or2_2        262
     sky130_fd_sc_hd__or3_2        118
     sky130_fd_sc_hd__or3b_2        18
     sky130_fd_sc_hd__or4_2         85
     sky130_fd_sc_hd__or4b_2        11
     sky130_fd_sc_hd__or4bb_2        6
     sky130_fd_sc_hd__xnor2_2      558
     sky130_fd_sc_hd__xor2_2       192

   Chip area for module '\gelu_top': 90470.518400
     of which used for sequential elements: 24290.796800 (26.85%)

168. Executing Verilog backend.
Dumping module `\gelu_top'.

169. Executing JSON backend.
