
===========================================================================
report_checks -unconstrained
===========================================================================
======================= nom_tt_025C_1v80 Corner ===================================

Startpoint: _13254_ (rising edge-triggered flip-flop clocked by clk)
Endpoint: m_axis_tdata[9] (output port clocked by clk)
Path Group: clk
Path Type: max

Fanout         Cap        Slew       Delay        Time   Description
---------------------------------------------------------------------------------------------
                                  0.000000    0.000000   clock clk (rise edge)
                                  0.000000    0.000000   clock source latency
  1142    2.763129   12.212252    8.487410    8.487410 ^ clk (in)
                                                         clk (net)
                     12.219611    0.000000    8.487410 ^ _13254_/CLK (sky130_fd_sc_hd__dfxtp_2)
   136    0.948426    4.454795    4.664352   13.151762 ^ _13254_/Q (sky130_fd_sc_hd__dfxtp_2)
                                                         _00000_ (net)
                      4.456367    0.069122   13.220884 ^ _06706_/S0 (sky130_fd_sc_hd__mux4_2)
     1    0.002201    0.105803    0.781130   14.002014 v _06706_/X (sky130_fd_sc_hd__mux4_2)
                                                         _01272_ (net)
                      0.105803    0.000004   14.002019 v _06707_/A1 (sky130_fd_sc_hd__mux2_1)
     1    0.004832    0.067495    0.324042   14.326060 v _06707_/X (sky130_fd_sc_hd__mux2_1)
                                                         _01273_ (net)
                      0.067495    0.000040   14.326100 v _06708_/B1 (sky130_fd_sc_hd__a22o_2)
     1    0.042048    0.125681    0.312865   14.638966 v _06708_/X (sky130_fd_sc_hd__a22o_2)
                                                         m_axis_tdata[9] (net)
                      0.125695    0.001418   14.640385 v m_axis_tdata[9] (out)
                                             14.640385   data arrival time

                                 22.000000   22.000000   clock clk (rise edge)
                                  0.000000   22.000000   clock network delay (propagated)
                                 -0.250000   21.750002   clock uncertainty
                                  0.000000   21.750002   clock reconvergence pessimism
                                 -4.000000   17.750002   output external delay
                                             17.750002   data required time
---------------------------------------------------------------------------------------------
                                             17.750002   data required time
                                            -14.640385   data arrival time
---------------------------------------------------------------------------------------------
                                              3.109617   slack (MET)




===========================================================================
report_checks --slack_max -0.01
============================================================================
======================= nom_tt_025C_1v80 Corner ===================================

No paths found.


===========================================================================
 report_check_types -max_slew -max_cap -max_fanout -violators
============================================================================
======================= nom_tt_025C_1v80 Corner ===================================

max slew

Pin                                        Limit        Slew       Slack
------------------------------------------------------------------------
_13049_/CLK                             0.750000   12.230540  -11.480540 (VIOLATED)
_13050_/CLK                             0.750000   12.230550  -11.480549 (VIOLATED)
_13081_/CLK                             0.750000   12.230541  -11.480541 (VIOLATED)
_13082_/CLK                             0.750000   12.230550  -11.480549 (VIOLATED)
_13192_/CLK                             0.750000   12.230546  -11.480546 (VIOLATED)
_13193_/CLK                             0.750000   12.230550  -11.480550 (VIOLATED)
_13619_/CLK                             0.750000   12.230545  -11.480545 (VIOLATED)
_13620_/CLK                             0.750000   12.230550  -11.480550 (VIOLATED)
_13055_/CLK                             0.750000   12.230525  -11.480525 (VIOLATED)
_13087_/CLK                             0.750000   12.230527  -11.480527 (VIOLATED)
_13160_/CLK                             0.750000   12.230530  -11.480530 (VIOLATED)
_13161_/CLK                             0.750000   12.230536  -11.480536 (VIOLATED)
_13198_/CLK                             0.750000   12.230534  -11.480534 (VIOLATED)
_13224_/CLK                             0.750000   12.230524  -11.480524 (VIOLATED)
_13225_/CLK                             0.750000   12.230535  -11.480535 (VIOLATED)
_13293_/CLK                             0.750000   12.230531  -11.480531 (VIOLATED)
_13294_/CLK                             0.750000   12.230536  -11.480536 (VIOLATED)
_13625_/CLK                             0.750000   12.230532  -11.480532 (VIOLATED)
_13166_/CLK                             0.750000   12.230513  -11.480513 (VIOLATED)
_13230_/CLK                             0.750000   12.230508  -11.480508 (VIOLATED)
_13299_/CLK                             0.750000   12.230516  -11.480516 (VIOLATED)
_13325_/CLK                             0.750000   12.230524  -11.480524 (VIOLATED)
_13326_/CLK                             0.750000   12.230535  -11.480535 (VIOLATED)
_13331_/CLK                             0.750000   12.230505  -11.480505 (VIOLATED)
_13113_/CLK                             0.750000   12.230480  -11.480480 (VIOLATED)
_13114_/CLK                             0.750000   12.230488  -11.480488 (VIOLATED)
_13260_/CLK                             0.750000   12.230485  -11.480485 (VIOLATED)
_13261_/CLK                             0.750000   12.230490  -11.480490 (VIOLATED)
_13587_/CLK                             0.750000   12.230480  -11.480480 (VIOLATED)
_13588_/CLK                             0.750000   12.230488  -11.480488 (VIOLATED)
_14142_/CLK                             0.750000   12.230483  -11.480483 (VIOLATED)
_14143_/CLK                             0.750000   12.230490  -11.480490 (VIOLATED)
_13119_/CLK                             0.750000   12.230461  -11.480461 (VIOLATED)
_13266_/CLK                             0.750000   12.230473  -11.480472 (VIOLATED)
_13593_/CLK                             0.750000   12.230464  -11.480464 (VIOLATED)
_14148_/CLK                             0.750000   12.230469  -11.480469 (VIOLATED)
_13363_/CLK                             0.750000   12.230406  -11.480406 (VIOLATED)
_13395_/CLK                             0.750000   12.230405  -11.480405 (VIOLATED)
_13529_/CLK                             0.750000   12.230408  -11.480407 (VIOLATED)
_13561_/CLK                             0.750000   12.230408  -11.480408 (VIOLATED)
_14016_/CLK                             0.750000   12.230408  -11.480408 (VIOLATED)
_13361_/CLK                             0.750000   12.230383  -11.480383 (VIOLATED)
_13393_/CLK                             0.750000   12.230383  -11.480383 (VIOLATED)
_13067_/CLK                             0.750000   12.230367  -11.480367 (VIOLATED)
_13099_/CLK                             0.750000   12.230367  -11.480367 (VIOLATED)
_13210_/CLK                             0.750000   12.230368  -11.480368 (VIOLATED)
_13523_/CLK                             0.750000   12.230373  -11.480373 (VIOLATED)
_13524_/CLK                             0.750000   12.230381  -11.480380 (VIOLATED)
_13527_/CLK                             0.750000   12.230382  -11.480381 (VIOLATED)
_13555_/CLK                             0.750000   12.230376  -11.480376 (VIOLATED)
_13556_/CLK                             0.750000   12.230381  -11.480380 (VIOLATED)
_13559_/CLK                             0.750000   12.230382  -11.480381 (VIOLATED)
_13637_/CLK                             0.750000   12.230368  -11.480368 (VIOLATED)
_13131_/CLK                             0.750000   12.230355  -11.480354 (VIOLATED)
_13278_/CLK                             0.750000   12.230363  -11.480363 (VIOLATED)
_13357_/CLK                             0.750000   12.230371  -11.480371 (VIOLATED)
_13358_/CLK                             0.750000   12.230379  -11.480379 (VIOLATED)
_13389_/CLK                             0.750000   12.230371  -11.480371 (VIOLATED)
_13390_/CLK                             0.750000   12.230379  -11.480379 (VIOLATED)
_13605_/CLK                             0.750000   12.230355  -11.480354 (VIOLATED)
_14017_/CLK                             0.750000   12.230364  -11.480364 (VIOLATED)
_14022_/CLK                             0.750000   12.230355  -11.480354 (VIOLATED)
_14160_/CLK                             0.750000   12.230362  -11.480362 (VIOLATED)
_13163_/CLK                             0.750000   12.230334  -11.480334 (VIOLATED)
_13199_/CLK                             0.750000   12.230332  -11.480332 (VIOLATED)
_13296_/CLK                             0.750000   12.230341  -11.480341 (VIOLATED)
_13626_/CLK                             0.750000   12.230333  -11.480333 (VIOLATED)
_13227_/CLK                             0.750000   12.230319  -11.480319 (VIOLATED)
_13328_/CLK                             0.750000   12.230318  -11.480318 (VIOLATED)
_13195_/CLK                             0.750000   12.230296  -11.480296 (VIOLATED)
_13178_/CLK                             0.750000   12.230245  -11.480245 (VIOLATED)
_13242_/CLK                             0.750000   12.230244  -11.480244 (VIOLATED)
_13311_/CLK                             0.750000   12.230245  -11.480245 (VIOLATED)
_13343_/CLK                             0.750000   12.230243  -11.480243 (VIOLATED)
_13263_/CLK                             0.750000   12.230227  -11.480227 (VIOLATED)
_13375_/CLK                             0.750000   12.230234  -11.480234 (VIOLATED)
_13407_/CLK                             0.750000   12.230234  -11.480234 (VIOLATED)
_13541_/CLK                             0.750000   12.230239  -11.480238 (VIOLATED)
_13573_/CLK                             0.750000   12.230239  -11.480239 (VIOLATED)
_13116_/CLK                             0.750000   12.230215  -11.480215 (VIOLATED)
_13590_/CLK                             0.750000   12.230216  -11.480216 (VIOLATED)
_13622_/CLK                             0.750000   12.230224  -11.480224 (VIOLATED)
_14145_/CLK                             0.750000   12.230223  -11.480223 (VIOLATED)
_13052_/CLK                             0.750000   12.230178  -11.480178 (VIOLATED)
_13084_/CLK                             0.750000   12.230165  -11.480165 (VIOLATED)
_13188_/CLK                             0.750000   12.230092  -11.480092 (VIOLATED)
_13141_/CLK                             0.750000   12.230081  -11.480081 (VIOLATED)
_13252_/CLK                             0.750000   12.230090  -11.480090 (VIOLATED)
_13288_/CLK                             0.750000   12.230085  -11.480085 (VIOLATED)
_13321_/CLK                             0.750000   12.230092  -11.480092 (VIOLATED)
_13353_/CLK                             0.750000   12.230090  -11.480090 (VIOLATED)
_14170_/CLK                             0.750000   12.230084  -11.480084 (VIOLATED)
_13360_/CLK                             0.750000   12.230066  -11.480066 (VIOLATED)
_13526_/CLK                             0.750000   12.230072  -11.480072 (VIOLATED)
_13558_/CLK                             0.750000   12.230073  -11.480073 (VIOLATED)
_13615_/CLK                             0.750000   12.230081  -11.480081 (VIOLATED)
_13270_/CLK                             0.750000   12.230055  -11.480055 (VIOLATED)
_13392_/CLK                             0.750000   12.230064  -11.480064 (VIOLATED)
_14152_/CLK                             0.750000   12.230051  -11.480051 (VIOLATED)
_13597_/CLK                             0.750000   12.230029  -11.480029 (VIOLATED)
_13123_/CLK                             0.750000   12.230016  -11.480016 (VIOLATED)
_13367_/CLK                             0.750000   12.229874  -11.479874 (VIOLATED)
_13399_/CLK                             0.750000   12.229873  -11.479873 (VIOLATED)
_13533_/CLK                             0.750000   12.229875  -11.479875 (VIOLATED)
_13565_/CLK                             0.750000   12.229875  -11.479875 (VIOLATED)
_13470_/CLK                             0.750000   12.229729  -11.479729 (VIOLATED)
_13053_/CLK                             0.750000   12.229702  -11.479702 (VIOLATED)
_13085_/CLK                             0.750000   12.229703  -11.479703 (VIOLATED)
_13164_/CLK                             0.750000   12.229697  -11.479697 (VIOLATED)
_13196_/CLK                             0.750000   12.229704  -11.479704 (VIOLATED)
_13297_/CLK                             0.750000   12.229698  -11.479698 (VIOLATED)
_13623_/CLK                             0.750000   12.229704  -11.479704 (VIOLATED)
_13189_/CLK                             0.750000   12.229686  -11.479686 (VIOLATED)
_13228_/CLK                             0.750000   12.229696  -11.479695 (VIOLATED)
_13322_/CLK                             0.750000   12.229688  -11.479688 (VIOLATED)
_13329_/CLK                             0.750000   12.229695  -11.479695 (VIOLATED)
_13047_/CLK                             0.750000   12.229673  -11.479673 (VIOLATED)
_13079_/CLK                             0.750000   12.229673  -11.479673 (VIOLATED)
_13117_/CLK                             0.750000   12.229671  -11.479671 (VIOLATED)
_13190_/CLK                             0.750000   12.229675  -11.479675 (VIOLATED)
_13253_/CLK                             0.750000   12.229680  -11.479680 (VIOLATED)
_13264_/CLK                             0.750000   12.229672  -11.479672 (VIOLATED)
_13142_/CLK                             0.750000   12.229660  -11.479660 (VIOLATED)
_13289_/CLK                             0.750000   12.229669  -11.479669 (VIOLATED)
_13354_/CLK                             0.750000   12.229679  -11.479679 (VIOLATED)
_13467_/CLK                             0.750000   12.229667  -11.479667 (VIOLATED)
_13468_/CLK                             0.750000   12.229665  -11.479665 (VIOLATED)
_13469_/CLK                             0.750000   12.229668  -11.479668 (VIOLATED)
_13591_/CLK                             0.750000   12.229671  -11.479671 (VIOLATED)
_13617_/CLK                             0.750000   12.229674  -11.479674 (VIOLATED)
_13616_/CLK                             0.750000   12.229660  -11.479660 (VIOLATED)
_14014_/CLK                             0.750000   12.229667  -11.479667 (VIOLATED)
_14034_/CLK                             0.750000   12.229670  -11.479670 (VIOLATED)
_14146_/CLK                             0.750000   12.229671  -11.479671 (VIOLATED)
_14171_/CLK                             0.750000   12.229666  -11.479666 (VIOLATED)
_13386_/CLK                             0.750000   12.229631  -11.479631 (VIOLATED)
_13418_/CLK                             0.750000   12.229631  -11.479631 (VIOLATED)
_13552_/CLK                             0.750000   12.229632  -11.479632 (VIOLATED)
_13584_/CLK                             0.750000   12.229632  -11.479632 (VIOLATED)
_13999_/CLK                             0.750000   12.229631  -11.479630 (VIOLATED)
_14035_/CLK                             0.750000   12.229624  -11.479624 (VIOLATED)
_13078_/CLK                             0.750000   12.229605  -11.479605 (VIOLATED)
_13110_/CLK                             0.750000   12.229605  -11.479605 (VIOLATED)
_13056_/CLK                             0.750000   12.229592  -11.479591 (VIOLATED)
_13068_/CLK                             0.750000   12.229597  -11.479597 (VIOLATED)
_13077_/CLK                             0.750000   12.229592  -11.479591 (VIOLATED)
_13088_/CLK                             0.750000   12.229592  -11.479592 (VIOLATED)
_13100_/CLK                             0.750000   12.229597  -11.479597 (VIOLATED)
_13109_/CLK                             0.750000   12.229592  -11.479592 (VIOLATED)
_13211_/CLK                             0.750000   12.229601  -11.479601 (VIOLATED)
_13638_/CLK                             0.750000   12.229600  -11.479600 (VIOLATED)
_13648_/CLK                             0.750000   12.229606  -11.479605 (VIOLATED)
_13167_/CLK                             0.750000   12.229589  -11.479589 (VIOLATED)
_13220_/CLK                             0.750000   12.229594  -11.479594 (VIOLATED)
_13221_/CLK                             0.750000   12.229606  -11.479605 (VIOLATED)
_14020_/CLK                             0.750000   12.229593  -11.479593 (VIOLATED)
_13138_/CLK                             0.750000   12.229577  -11.479577 (VIOLATED)
_13179_/CLK                             0.750000   12.229586  -11.479586 (VIOLATED)
_13231_/CLK                             0.750000   12.229588  -11.479588 (VIOLATED)
_13300_/CLK                             0.750000   12.229590  -11.479590 (VIOLATED)
_13312_/CLK                             0.750000   12.229587  -11.479587 (VIOLATED)
_13332_/CLK                             0.750000   12.229590  -11.479590 (VIOLATED)
_13385_/CLK                             0.750000   12.229584  -11.479584 (VIOLATED)
_13417_/CLK                             0.750000   12.229584  -11.479584 (VIOLATED)
_13551_/CLK                             0.750000   12.229589  -11.479589 (VIOLATED)
_13583_/CLK                             0.750000   12.229589  -11.479589 (VIOLATED)
_13647_/CLK                             0.750000   12.229593  -11.479593 (VIOLATED)
_13519_/CLK                             0.750000   12.229575  -11.479575 (VIOLATED)
_13991_/CLK                             0.750000   12.229576  -11.479576 (VIOLATED)
_14167_/CLK                             0.750000   12.229578  -11.479578 (VIOLATED)
_13059_/CLK                             0.750000   12.229563  -11.479563 (VIOLATED)
_13091_/CLK                             0.750000   12.229565  -11.479565 (VIOLATED)
_13202_/CLK                             0.750000   12.229567  -11.479566 (VIOLATED)
_13279_/CLK                             0.750000   12.229573  -11.479573 (VIOLATED)
_13285_/CLK                             0.750000   12.229579  -11.479579 (VIOLATED)
_13520_/CLK                             0.750000   12.229568  -11.479568 (VIOLATED)
_13612_/CLK                             0.750000   12.229577  -11.479577 (VIOLATED)
_13574_/CLK                             0.750000   12.229560  -11.479560 (VIOLATED)
_13629_/CLK                             0.750000   12.229567  -11.479566 (VIOLATED)
_13158_/CLK                             0.750000   12.229545  -11.479545 (VIOLATED)
_14023_/CLK                             0.750000   12.229547  -11.479547 (VIOLATED)
_13170_/CLK                             0.750000   12.229534  -11.479534 (VIOLATED)
_13222_/CLK                             0.750000   12.229544  -11.479544 (VIOLATED)
_13258_/CLK                             0.750000   12.229540  -11.479540 (VIOLATED)
_13291_/CLK                             0.750000   12.229546  -11.479546 (VIOLATED)
_13303_/CLK                             0.750000   12.229547  -11.479547 (VIOLATED)
_13323_/CLK                             0.750000   12.229543  -11.479543 (VIOLATED)
_13530_/CLK                             0.750000   12.229545  -11.479545 (VIOLATED)
_13562_/CLK                             0.750000   12.229542  -11.479542 (VIOLATED)
_14140_/CLK                             0.750000   12.229540  -11.479540 (VIOLATED)
_13120_/CLK                             0.750000   12.229522  -11.479522 (VIOLATED)
_13234_/CLK                             0.750000   12.229526  -11.479526 (VIOLATED)
_13267_/CLK                             0.750000   12.229524  -11.479524 (VIOLATED)
_13335_/CLK                             0.750000   12.229524  -11.479524 (VIOLATED)
_13594_/CLK                             0.750000   12.229522  -11.479522 (VIOLATED)
_14019_/CLK                             0.750000   12.229510  -11.479510 (VIOLATED)
_14149_/CLK                             0.750000   12.229521  -11.479521 (VIOLATED)
_13111_/CLK                             0.750000   12.229497  -11.479497 (VIOLATED)
_13585_/CLK                             0.750000   12.229503  -11.479503 (VIOLATED)
_14026_/CLK                             0.750000   12.229506  -11.479506 (VIOLATED)
_13474_/CLK                             0.750000   12.229481  -11.479481 (VIOLATED)
_13989_/CLK                             0.750000   12.229486  -11.479486 (VIOLATED)
_13355_/CLK                             0.750000   12.229423  -11.479423 (VIOLATED)
_13387_/CLK                             0.750000   12.229426  -11.479426 (VIOLATED)
_13521_/CLK                             0.750000   12.229424  -11.479424 (VIOLATED)
_13553_/CLK                             0.750000   12.229424  -11.479424 (VIOLATED)
_13997_/CLK                             0.750000   12.229383  -11.479383 (VIOLATED)
_13464_/CLK                             0.750000   12.229341  -11.479341 (VIOLATED)
_13465_/CLK                             0.750000   12.229332  -11.479332 (VIOLATED)
_13998_/CLK                             0.750000   12.229342  -11.479342 (VIOLATED)
_13466_/CLK                             0.750000   12.229322  -11.479322 (VIOLATED)
_13461_/CLK                             0.750000   12.229235  -11.479235 (VIOLATED)
_13990_/CLK                             0.750000   12.229245  -11.479245 (VIOLATED)
_14001_/CLK                             0.750000   12.229244  -11.479244 (VIOLATED)
_13462_/CLK                             0.750000   12.229211  -11.479211 (VIOLATED)
_14002_/CLK                             0.750000   12.229221  -11.479221 (VIOLATED)
_13460_/CLK                             0.750000   12.229151  -11.479151 (VIOLATED)
_13475_/CLK                             0.750000   12.229139  -11.479139 (VIOLATED)
_14000_/CLK                             0.750000   12.229068  -11.479068 (VIOLATED)
_14003_/CLK                             0.750000   12.229074  -11.479074 (VIOLATED)
_13996_/CLK                             0.750000   12.229042  -11.479042 (VIOLATED)
_13463_/CLK                             0.750000   12.228971  -11.478971 (VIOLATED)
_13993_/CLK                             0.750000   12.228939  -11.478939 (VIOLATED)
_14065_/CLK                             0.750000   12.228792  -11.478792 (VIOLATED)
_13995_/CLK                             0.750000   12.228550  -11.478550 (VIOLATED)
_13994_/CLK                             0.750000   12.228522  -11.478522 (VIOLATED)
_13992_/CLK                             0.750000   12.228443  -11.478443 (VIOLATED)
_14064_/CLK                             0.750000   12.228325  -11.478325 (VIOLATED)
_14063_/CLK                             0.750000   12.228213  -11.478213 (VIOLATED)
_13074_/CLK                             0.750000   12.228014  -11.478014 (VIOLATED)
_13106_/CLK                             0.750000   12.228014  -11.478014 (VIOLATED)
_13185_/CLK                             0.750000   12.228018  -11.478018 (VIOLATED)
_13217_/CLK                             0.750000   12.228015  -11.478015 (VIOLATED)
_13249_/CLK                             0.750000   12.228017  -11.478017 (VIOLATED)
_13318_/CLK                             0.750000   12.228018  -11.478018 (VIOLATED)
_13350_/CLK                             0.750000   12.228017  -11.478017 (VIOLATED)
_13644_/CLK                             0.750000   12.228015  -11.478015 (VIOLATED)
_13205_/CLK                             0.750000   12.227989  -11.477988 (VIOLATED)
_13382_/CLK                             0.750000   12.228000  -11.478000 (VIOLATED)
_13414_/CLK                             0.750000   12.227999  -11.477999 (VIOLATED)
_13548_/CLK                             0.750000   12.228004  -11.478004 (VIOLATED)
_13580_/CLK                             0.750000   12.228008  -11.478008 (VIOLATED)
_13632_/CLK                             0.750000   12.227988  -11.477988 (VIOLATED)
_13062_/CLK                             0.750000   12.227976  -11.477976 (VIOLATED)
_13094_/CLK                             0.750000   12.227980  -11.477980 (VIOLATED)
_13306_/CLK                             0.750000   12.227963  -11.477963 (VIOLATED)
_13051_/CLK                             0.750000   12.227950  -11.477950 (VIOLATED)
_13083_/CLK                             0.750000   12.227950  -11.477950 (VIOLATED)
_13162_/CLK                             0.750000   12.227949  -11.477949 (VIOLATED)
_13173_/CLK                             0.750000   12.227959  -11.477959 (VIOLATED)
_13226_/CLK                             0.750000   12.227946  -11.477946 (VIOLATED)
_13237_/CLK                             0.750000   12.227951  -11.477951 (VIOLATED)
_13295_/CLK                             0.750000   12.227950  -11.477949 (VIOLATED)
_13327_/CLK                             0.750000   12.227946  -11.477946 (VIOLATED)
_13338_/CLK                             0.750000   12.227948  -11.477948 (VIOLATED)
_13516_/CLK                             0.750000   12.227942  -11.477942 (VIOLATED)
_14018_/CLK                             0.750000   12.227941  -11.477941 (VIOLATED)
_13126_/CLK                             0.750000   12.227925  -11.477925 (VIOLATED)
_13273_/CLK                             0.750000   12.227935  -11.477935 (VIOLATED)
_13472_/CLK                             0.750000   12.227931  -11.477931 (VIOLATED)
_13473_/CLK                             0.750000   12.227930  -11.477930 (VIOLATED)
_14155_/CLK                             0.750000   12.227933  -11.477933 (VIOLATED)
_13194_/CLK                             0.750000   12.227912  -11.477911 (VIOLATED)
_13471_/CLK                             0.750000   12.227908  -11.477908 (VIOLATED)
_13525_/CLK                             0.750000   12.227907  -11.477907 (VIOLATED)
_13536_/CLK                             0.750000   12.227914  -11.477914 (VIOLATED)
_13557_/CLK                             0.750000   12.227910  -11.477910 (VIOLATED)
_13568_/CLK                             0.750000   12.227917  -11.477917 (VIOLATED)
_13600_/CLK                             0.750000   12.227926  -11.477926 (VIOLATED)
_13621_/CLK                             0.750000   12.227912  -11.477911 (VIOLATED)
_13115_/CLK                             0.750000   12.227895  -11.477895 (VIOLATED)
_13262_/CLK                             0.750000   12.227901  -11.477901 (VIOLATED)
_13359_/CLK                             0.750000   12.227905  -11.477905 (VIOLATED)
_13370_/CLK                             0.750000   12.227905  -11.477905 (VIOLATED)
_13391_/CLK                             0.750000   12.227905  -11.477905 (VIOLATED)
_13402_/CLK                             0.750000   12.227904  -11.477904 (VIOLATED)
_13589_/CLK                             0.750000   12.227896  -11.477896 (VIOLATED)
_13948_/CLK                             0.750000   12.227894  -11.477894 (VIOLATED)
_14144_/CLK                             0.750000   12.227899  -11.477899 (VIOLATED)
_13065_/CLK                             0.750000   12.227873  -11.477872 (VIOLATED)
_13097_/CLK                             0.750000   12.227873  -11.477872 (VIOLATED)
_13208_/CLK                             0.750000   12.227883  -11.477883 (VIOLATED)
_13635_/CLK                             0.750000   12.227882  -11.477882 (VIOLATED)
_13949_/CLK                             0.750000   12.227870  -11.477870 (VIOLATED)
_14029_/CLK                             0.750000   12.227879  -11.477879 (VIOLATED)
_13176_/CLK                             0.750000   12.227859  -11.477859 (VIOLATED)
_13309_/CLK                             0.750000   12.227861  -11.477861 (VIOLATED)
_13240_/CLK                             0.750000   12.227849  -11.477849 (VIOLATED)
_13341_/CLK                             0.750000   12.227848  -11.477848 (VIOLATED)
_14032_/CLK                             0.750000   12.227836  -11.477836 (VIOLATED)
_14010_/CLK                             0.750000   12.227770  -11.477770 (VIOLATED)
_14008_/CLK                             0.750000   12.227733  -11.477733 (VIOLATED)
_13952_/CLK                             0.750000   12.227683  -11.477683 (VIOLATED)
_14009_/CLK                             0.750000   12.227691  -11.477691 (VIOLATED)
_13735_/CLK                             0.750000   12.227671  -11.477671 (VIOLATED)
_13950_/CLK                             0.750000   12.227662  -11.477662 (VIOLATED)
_13953_/CLK                             0.750000   12.227669  -11.477669 (VIOLATED)
_14004_/CLK                             0.750000   12.227661  -11.477661 (VIOLATED)
_14005_/CLK                             0.750000   12.227660  -11.477660 (VIOLATED)
_13954_/CLK                             0.750000   12.227643  -11.477643 (VIOLATED)
_13132_/CLK                             0.750000   12.227626  -11.477626 (VIOLATED)
_13243_/CLK                             0.750000   12.227629  -11.477629 (VIOLATED)
_13344_/CLK                             0.750000   12.227629  -11.477629 (VIOLATED)
_13376_/CLK                             0.750000   12.227619  -11.477619 (VIOLATED)
_13408_/CLK                             0.750000   12.227619  -11.477619 (VIOLATED)
_13542_/CLK                             0.750000   12.227620  -11.477620 (VIOLATED)
_13606_/CLK                             0.750000   12.227626  -11.477626 (VIOLATED)
_13364_/CLK                             0.750000   12.227604  -11.477604 (VIOLATED)
_13396_/CLK                             0.750000   12.227604  -11.477604 (VIOLATED)
_13983_/CLK                             0.750000   12.227612  -11.477612 (VIOLATED)
_13984_/CLK                             0.750000   12.227609  -11.477609 (VIOLATED)
_13987_/CLK                             0.750000   12.227615  -11.477615 (VIOLATED)
_14067_/CLK                             0.750000   12.227617  -11.477617 (VIOLATED)
_14068_/CLK                             0.750000   12.227617  -11.477617 (VIOLATED)
_14161_/CLK                             0.750000   12.227627  -11.477627 (VIOLATED)
_13985_/CLK                             0.750000   12.227601  -11.477600 (VIOLATED)
_14007_/CLK                             0.750000   12.227607  -11.477607 (VIOLATED)
_14012_/CLK                             0.750000   12.227615  -11.477615 (VIOLATED)
_13979_/CLK                             0.750000   12.227585  -11.477585 (VIOLATED)
_13981_/CLK                             0.750000   12.227586  -11.477586 (VIOLATED)
_13982_/CLK                             0.750000   12.227587  -11.477587 (VIOLATED)
_13986_/CLK                             0.750000   12.227592  -11.477592 (VIOLATED)
_13758_/CLK                             0.750000   12.227564  -11.477564 (VIOLATED)
_13761_/CLK                             0.750000   12.227572  -11.477572 (VIOLATED)
_13762_/CLK                             0.750000   12.227574  -11.477574 (VIOLATED)
_13763_/CLK                             0.750000   12.227575  -11.477574 (VIOLATED)
_13764_/CLK                             0.750000   12.227567  -11.477567 (VIOLATED)
_13980_/CLK                             0.750000   12.227574  -11.477574 (VIOLATED)
_14172_/CLK                             0.750000   12.227567  -11.477567 (VIOLATED)
_13122_/CLK                             0.750000   12.227548  -11.477548 (VIOLATED)
_13259_/CLK                             0.750000   12.227542  -11.477542 (VIOLATED)
_13269_/CLK                             0.750000   12.227551  -11.477551 (VIOLATED)
_13512_/CLK                             0.750000   12.227551  -11.477551 (VIOLATED)
_13596_/CLK                             0.750000   12.227549  -11.477549 (VIOLATED)
_13756_/CLK                             0.750000   12.227551  -11.477551 (VIOLATED)
_13975_/CLK                             0.750000   12.227550  -11.477550 (VIOLATED)
_13754_/CLK                             0.750000   12.227538  -11.477538 (VIOLATED)
_13755_/CLK                             0.750000   12.227547  -11.477547 (VIOLATED)
_13757_/CLK                             0.750000   12.227557  -11.477557 (VIOLATED)
_13759_/CLK                             0.750000   12.227565  -11.477565 (VIOLATED)
_13760_/CLK                             0.750000   12.227571  -11.477571 (VIOLATED)
_13976_/CLK                             0.750000   12.227548  -11.477548 (VIOLATED)
_14015_/CLK                             0.750000   12.227550  -11.477549 (VIOLATED)
_14025_/CLK                             0.750000   12.227547  -11.477547 (VIOLATED)
_14151_/CLK                             0.750000   12.227551  -11.477551 (VIOLATED)
_13752_/CLK                             0.750000   12.227523  -11.477522 (VIOLATED)
_13753_/CLK                             0.750000   12.227530  -11.477530 (VIOLATED)
_13973_/CLK                             0.750000   12.227530  -11.477530 (VIOLATED)
_13977_/CLK                             0.750000   12.227536  -11.477535 (VIOLATED)
_13978_/CLK                             0.750000   12.227536  -11.477535 (VIOLATED)
_14141_/CLK                             0.750000   12.227528  -11.477528 (VIOLATED)
_13750_/CLK                             0.750000   12.227505  -11.477505 (VIOLATED)
_13751_/CLK                             0.750000   12.227510  -11.477509 (VIOLATED)
_13971_/CLK                             0.750000   12.227507  -11.477507 (VIOLATED)
_13972_/CLK                             0.750000   12.227510  -11.477510 (VIOLATED)
_13974_/CLK                             0.750000   12.227508  -11.477508 (VIOLATED)
_13749_/CLK                             0.750000   12.227489  -11.477489 (VIOLATED)
_13970_/CLK                             0.750000   12.227492  -11.477492 (VIOLATED)
_13586_/CLK                             0.750000   12.227476  -11.477476 (VIOLATED)
_13748_/CLK                             0.750000   12.227477  -11.477477 (VIOLATED)
_13747_/CLK                             0.750000   12.227466  -11.477466 (VIOLATED)
_13951_/CLK                             0.750000   12.227460  -11.477460 (VIOLATED)
_13968_/CLK                             0.750000   12.227471  -11.477470 (VIOLATED)
_13969_/CLK                             0.750000   12.227475  -11.477475 (VIOLATED)
_14006_/CLK                             0.750000   12.227460  -11.477460 (VIOLATED)
_14011_/CLK                             0.750000   12.227459  -11.477458 (VIOLATED)
_13112_/CLK                             0.750000   12.227446  -11.477445 (VIOLATED)
_13746_/CLK                             0.750000   12.227448  -11.477448 (VIOLATED)
_13745_/CLK                             0.750000   12.227426  -11.477426 (VIOLATED)
_13966_/CLK                             0.750000   12.227434  -11.477434 (VIOLATED)
_13967_/CLK                             0.750000   12.227435  -11.477435 (VIOLATED)
_13792_/CLK                             0.750000   12.227423  -11.477423 (VIOLATED)
_13796_/CLK                             0.750000   12.227433  -11.477432 (VIOLATED)
_13797_/CLK                             0.750000   12.227433  -11.477433 (VIOLATED)
_13744_/CLK                             0.750000   12.227404  -11.477404 (VIOLATED)
_13788_/CLK                             0.750000   12.227407  -11.477406 (VIOLATED)
_13789_/CLK                             0.750000   12.227410  -11.477410 (VIOLATED)
_13790_/CLK                             0.750000   12.227416  -11.477416 (VIOLATED)
_13791_/CLK                             0.750000   12.227419  -11.477419 (VIOLATED)
_13793_/CLK                             0.750000   12.227427  -11.477427 (VIOLATED)
_13794_/CLK                             0.750000   12.227430  -11.477430 (VIOLATED)
_13795_/CLK                             0.750000   12.227432  -11.477432 (VIOLATED)
_13743_/CLK                             0.750000   12.227388  -11.477388 (VIOLATED)
_13786_/CLK                             0.750000   12.227393  -11.477393 (VIOLATED)
_13787_/CLK                             0.750000   12.227397  -11.477397 (VIOLATED)
_13963_/CLK                             0.750000   12.227397  -11.477397 (VIOLATED)
_13965_/CLK                             0.750000   12.227395  -11.477395 (VIOLATED)
_13784_/CLK                             0.750000   12.227377  -11.477377 (VIOLATED)
_13785_/CLK                             0.750000   12.227382  -11.477381 (VIOLATED)
_13964_/CLK                             0.750000   12.227382  -11.477382 (VIOLATED)
_13742_/CLK                             0.750000   12.227354  -11.477354 (VIOLATED)
_13782_/CLK                             0.750000   12.227354  -11.477354 (VIOLATED)
_13783_/CLK                             0.750000   12.227363  -11.477363 (VIOLATED)
_13955_/CLK                             0.750000   12.227365  -11.477365 (VIOLATED)
_13781_/CLK                             0.750000   12.227342  -11.477342 (VIOLATED)
_13961_/CLK                             0.750000   12.227351  -11.477351 (VIOLATED)
_13962_/CLK                             0.750000   12.227351  -11.477351 (VIOLATED)
_13741_/CLK                             0.750000   12.227324  -11.477324 (VIOLATED)
_13780_/CLK                             0.750000   12.227327  -11.477327 (VIOLATED)
_13959_/CLK                             0.750000   12.227327  -11.477327 (VIOLATED)
_13960_/CLK                             0.750000   12.227335  -11.477335 (VIOLATED)
_13734_/CLK                             0.750000   12.227297  -11.477297 (VIOLATED)
_13779_/CLK                             0.750000   12.227307  -11.477307 (VIOLATED)
_13740_/CLK                             0.750000   12.227291  -11.477290 (VIOLATED)
_13778_/CLK                             0.750000   12.227291  -11.477291 (VIOLATED)
_13958_/CLK                             0.750000   12.227296  -11.477296 (VIOLATED)
_13777_/CLK                             0.750000   12.227275  -11.477275 (VIOLATED)
_13956_/CLK                             0.750000   12.227282  -11.477282 (VIOLATED)
_13957_/CLK                             0.750000   12.227281  -11.477281 (VIOLATED)
_14062_/CLK                             0.750000   12.227281  -11.477281 (VIOLATED)
_13739_/CLK                             0.750000   12.227245  -11.477245 (VIOLATED)
_13776_/CLK                             0.750000   12.227254  -11.477254 (VIOLATED)
_13775_/CLK                             0.750000   12.227234  -11.477234 (VIOLATED)
_13774_/CLK                             0.750000   12.227211  -11.477211 (VIOLATED)
_13773_/CLK                             0.750000   12.227189  -11.477189 (VIOLATED)
_14061_/CLK                             0.750000   12.227181  -11.477181 (VIOLATED)
_13738_/CLK                             0.750000   12.227149  -11.477149 (VIOLATED)
_13772_/CLK                             0.750000   12.227160  -11.477160 (VIOLATED)
_13771_/CLK                             0.750000   12.227135  -11.477135 (VIOLATED)
_13736_/CLK                             0.750000   12.227099  -11.477099 (VIOLATED)
_13770_/CLK                             0.750000   12.227104  -11.477104 (VIOLATED)
_13737_/CLK                             0.750000   12.227070  -11.477070 (VIOLATED)
_13766_/CLK                             0.750000   12.227066  -11.477066 (VIOLATED)
_13767_/CLK                             0.750000   12.227034  -11.477034 (VIOLATED)
_13768_/CLK                             0.750000   12.226915  -11.476914 (VIOLATED)
_13834_/CLK                             0.750000   12.226889  -11.476889 (VIOLATED)
_13837_/CLK                             0.750000   12.226898  -11.476898 (VIOLATED)
_13838_/CLK                             0.750000   12.226906  -11.476906 (VIOLATED)
_13839_/CLK                             0.750000   12.226906  -11.476906 (VIOLATED)
_13840_/CLK                             0.750000   12.226906  -11.476906 (VIOLATED)
_13841_/CLK                             0.750000   12.226904  -11.476904 (VIOLATED)
_13842_/CLK                             0.750000   12.226905  -11.476905 (VIOLATED)
_13843_/CLK                             0.750000   12.226900  -11.476900 (VIOLATED)
_13832_/CLK                             0.750000   12.226875  -11.476875 (VIOLATED)
_13833_/CLK                             0.750000   12.226880  -11.476880 (VIOLATED)
_13835_/CLK                             0.750000   12.226890  -11.476890 (VIOLATED)
_13836_/CLK                             0.750000   12.226899  -11.476899 (VIOLATED)
_13830_/CLK                             0.750000   12.226855  -11.476855 (VIOLATED)
_13831_/CLK                             0.750000   12.226862  -11.476862 (VIOLATED)
_13829_/CLK                             0.750000   12.226836  -11.476836 (VIOLATED)
_13826_/CLK                             0.750000   12.226824  -11.476824 (VIOLATED)
_13827_/CLK                             0.750000   12.226825  -11.476825 (VIOLATED)
_13828_/CLK                             0.750000   12.226831  -11.476831 (VIOLATED)
_13824_/CLK                             0.750000   12.226801  -11.476801 (VIOLATED)
_13825_/CLK                             0.750000   12.226803  -11.476803 (VIOLATED)
_13822_/CLK                             0.750000   12.226773  -11.476773 (VIOLATED)
_13823_/CLK                             0.750000   12.226775  -11.476775 (VIOLATED)
_13820_/CLK                             0.750000   12.226744  -11.476744 (VIOLATED)
_13821_/CLK                             0.750000   12.226745  -11.476745 (VIOLATED)
_13818_/CLK                             0.750000   12.226714  -11.476714 (VIOLATED)
_13819_/CLK                             0.750000   12.226716  -11.476716 (VIOLATED)
_13816_/CLK                             0.750000   12.226679  -11.476679 (VIOLATED)
_13817_/CLK                             0.750000   12.226684  -11.476684 (VIOLATED)
_13862_/CLK                             0.750000   12.226670  -11.476670 (VIOLATED)
_13814_/CLK                             0.750000   12.226632  -11.476632 (VIOLATED)
_13815_/CLK                             0.750000   12.226639  -11.476639 (VIOLATED)
_13860_/CLK                             0.750000   12.226604  -11.476604 (VIOLATED)
_13861_/CLK                             0.750000   12.226608  -11.476608 (VIOLATED)
_13812_/CLK                             0.750000   12.226554  -11.476554 (VIOLATED)
_13813_/CLK                             0.750000   12.226542  -11.476542 (VIOLATED)
_13859_/CLK                             0.750000   12.226531  -11.476531 (VIOLATED)
_13811_/CLK                             0.750000   12.226500  -11.476500 (VIOLATED)
_13857_/CLK                             0.750000   12.226501  -11.476501 (VIOLATED)
_13858_/CLK                             0.750000   12.226504  -11.476504 (VIOLATED)
_13810_/CLK                             0.750000   12.226466  -11.476466 (VIOLATED)
_13856_/CLK                             0.750000   12.226453  -11.476453 (VIOLATED)
_13809_/CLK                             0.750000   12.226427  -11.476427 (VIOLATED)
_13808_/CLK                             0.750000   12.226410  -11.476410 (VIOLATED)
_13854_/CLK                             0.750000   12.226384  -11.476384 (VIOLATED)
_13855_/CLK                             0.750000   12.226389  -11.476389 (VIOLATED)
_13807_/CLK                             0.750000   12.226347  -11.476347 (VIOLATED)
_13806_/CLK                             0.750000   12.226325  -11.476325 (VIOLATED)
_13853_/CLK                             0.750000   12.226300  -11.476300 (VIOLATED)
_13852_/CLK                             0.750000   12.226285  -11.476285 (VIOLATED)
_13851_/CLK                             0.750000   12.226265  -11.476265 (VIOLATED)
_13805_/CLK                             0.750000   12.226252  -11.476252 (VIOLATED)
_13850_/CLK                             0.750000   12.226217  -11.476217 (VIOLATED)
_13804_/CLK                             0.750000   12.226200  -11.476200 (VIOLATED)
_13849_/CLK                             0.750000   12.226151  -11.476151 (VIOLATED)
_13803_/CLK                             0.750000   12.226130  -11.476130 (VIOLATED)
_13802_/CLK                             0.750000   12.226077  -11.476077 (VIOLATED)
_13769_/CLK                             0.750000   12.226041  -11.476041 (VIOLATED)
_13848_/CLK                             0.750000   12.226048  -11.476048 (VIOLATED)
_13489_/CLK                             0.750000   12.226015  -11.476015 (VIOLATED)
_13490_/CLK                             0.750000   12.226015  -11.476015 (VIOLATED)
_13847_/CLK                             0.750000   12.225988  -11.475988 (VIOLATED)
_13846_/CLK                             0.750000   12.225933  -11.475932 (VIOLATED)
_13844_/CLK                             0.750000   12.225909  -11.475909 (VIOLATED)
_13845_/CLK                             0.750000   12.225872  -11.475872 (VIOLATED)
_13800_/CLK                             0.750000   12.225825  -11.475825 (VIOLATED)
_13801_/CLK                             0.750000   12.225836  -11.475836 (VIOLATED)
_13799_/CLK                             0.750000   12.225688  -11.475688 (VIOLATED)
_13798_/CLK                             0.750000   12.224869  -11.474869 (VIOLATED)
_13129_/CLK                             0.750000   12.224569  -11.474569 (VIOLATED)
_13136_/CLK                             0.750000   12.224578  -11.474578 (VIOLATED)
_13276_/CLK                             0.750000   12.224575  -11.474574 (VIOLATED)
_13283_/CLK                             0.750000   12.224579  -11.474579 (VIOLATED)
_13373_/CLK                             0.750000   12.224564  -11.474564 (VIOLATED)
_13380_/CLK                             0.750000   12.224574  -11.474574 (VIOLATED)
_13405_/CLK                             0.750000   12.224565  -11.474565 (VIOLATED)
_13412_/CLK                             0.750000   12.224574  -11.474574 (VIOLATED)
_13513_/CLK                             0.750000   12.224572  -11.474572 (VIOLATED)
_13539_/CLK                             0.750000   12.224568  -11.474568 (VIOLATED)
_13546_/CLK                             0.750000   12.224574  -11.474574 (VIOLATED)
_13571_/CLK                             0.750000   12.224569  -11.474569 (VIOLATED)
_13578_/CLK                             0.750000   12.224575  -11.474574 (VIOLATED)
_13603_/CLK                             0.750000   12.224568  -11.474568 (VIOLATED)
_13610_/CLK                             0.750000   12.224578  -11.474578 (VIOLATED)
_14158_/CLK                             0.750000   12.224573  -11.474573 (VIOLATED)
_14165_/CLK                             0.750000   12.224579  -11.474579 (VIOLATED)
_13233_/CLK                             0.750000   12.224546  -11.474546 (VIOLATED)
_13514_/CLK                             0.750000   12.224555  -11.474555 (VIOLATED)
_13169_/CLK                             0.750000   12.224526  -11.474526 (VIOLATED)
_13181_/CLK                             0.750000   12.224532  -11.474532 (VIOLATED)
_13245_/CLK                             0.750000   12.224530  -11.474530 (VIOLATED)
_13302_/CLK                             0.750000   12.224527  -11.474527 (VIOLATED)
_13314_/CLK                             0.750000   12.224532  -11.474532 (VIOLATED)
_13334_/CLK                             0.750000   12.224522  -11.474522 (VIOLATED)
_13346_/CLK                             0.750000   12.224530  -11.474530 (VIOLATED)
_13070_/CLK                             0.750000   12.224492  -11.474492 (VIOLATED)
_13102_/CLK                             0.750000   12.224492  -11.474492 (VIOLATED)
_13201_/CLK                             0.750000   12.224488  -11.474488 (VIOLATED)
_13213_/CLK                             0.750000   12.224494  -11.474494 (VIOLATED)
_13518_/CLK                             0.750000   12.224495  -11.474495 (VIOLATED)
_13628_/CLK                             0.750000   12.224486  -11.474486 (VIOLATED)
_13640_/CLK                             0.750000   12.224493  -11.474493 (VIOLATED)
_13058_/CLK                             0.750000   12.224462  -11.474462 (VIOLATED)
_13090_/CLK                             0.750000   12.224466  -11.474466 (VIOLATED)
_13532_/CLK                             0.750000   12.224464  -11.474464 (VIOLATED)
_13564_/CLK                             0.750000   12.224464  -11.474464 (VIOLATED)
_14031_/CLK                             0.750000   12.224426  -11.474426 (VIOLATED)
_13134_/CLK                             0.750000   12.224413  -11.474413 (VIOLATED)
_13281_/CLK                             0.750000   12.224418  -11.474418 (VIOLATED)
_13378_/CLK                             0.750000   12.224420  -11.474419 (VIOLATED)
_13410_/CLK                             0.750000   12.224420  -11.474419 (VIOLATED)
_13544_/CLK                             0.750000   12.224420  -11.474420 (VIOLATED)
_13576_/CLK                             0.750000   12.224421  -11.474421 (VIOLATED)
_13207_/CLK                             0.750000   12.224406  -11.474405 (VIOLATED)
_13608_/CLK                             0.750000   12.224413  -11.474413 (VIOLATED)
_14028_/CLK                             0.750000   12.224410  -11.474410 (VIOLATED)
_14163_/CLK                             0.750000   12.224416  -11.474416 (VIOLATED)
_13634_/CLK                             0.750000   12.224385  -11.474385 (VIOLATED)
_13064_/CLK                             0.750000   12.224359  -11.474359 (VIOLATED)
_13096_/CLK                             0.750000   12.224360  -11.474360 (VIOLATED)
_13275_/CLK                             0.750000   12.224328  -11.474328 (VIOLATED)
_13048_/CLK                             0.750000   12.224313  -11.474313 (VIOLATED)
_13080_/CLK                             0.750000   12.224314  -11.474314 (VIOLATED)
_13159_/CLK                             0.750000   12.224308  -11.474308 (VIOLATED)
_13191_/CLK                             0.750000   12.224316  -11.474315 (VIOLATED)
_13223_/CLK                             0.750000   12.224305  -11.474305 (VIOLATED)
_13292_/CLK                             0.750000   12.224310  -11.474310 (VIOLATED)
_13324_/CLK                             0.750000   12.224304  -11.474304 (VIOLATED)
_13356_/CLK                             0.750000   12.224310  -11.474310 (VIOLATED)
_13366_/CLK                             0.750000   12.224317  -11.474317 (VIOLATED)
_13388_/CLK                             0.750000   12.224310  -11.474310 (VIOLATED)
_13398_/CLK                             0.750000   12.224317  -11.474317 (VIOLATED)
_13522_/CLK                             0.750000   12.224310  -11.474310 (VIOLATED)
_13554_/CLK                             0.750000   12.224311  -11.474311 (VIOLATED)
_13618_/CLK                             0.750000   12.224315  -11.474315 (VIOLATED)
_14157_/CLK                             0.750000   12.224311  -11.474311 (VIOLATED)
_13128_/CLK                             0.750000   12.224281  -11.474281 (VIOLATED)
_13602_/CLK                             0.750000   12.224284  -11.474284 (VIOLATED)
_13372_/CLK                             0.750000   12.224205  -11.474205 (VIOLATED)
_13404_/CLK                             0.750000   12.224208  -11.474208 (VIOLATED)
_13538_/CLK                             0.750000   12.224206  -11.474206 (VIOLATED)
_13570_/CLK                             0.750000   12.224207  -11.474207 (VIOLATED)
_13124_/CLK                             0.750000   12.224123  -11.474123 (VIOLATED)
_13271_/CLK                             0.750000   12.224129  -11.474129 (VIOLATED)
_13598_/CLK                             0.750000   12.224126  -11.474126 (VIOLATED)
_14153_/CLK                             0.750000   12.224128  -11.474128 (VIOLATED)
_13368_/CLK                             0.750000   12.224042  -11.474042 (VIOLATED)
_13400_/CLK                             0.750000   12.224042  -11.474042 (VIOLATED)
_13534_/CLK                             0.750000   12.224043  -11.474043 (VIOLATED)
_13566_/CLK                             0.750000   12.224044  -11.474044 (VIOLATED)
_14116_/CLK                             0.750000   12.223997  -11.473997 (VIOLATED)
_14115_/CLK                             0.750000   12.223981  -11.473981 (VIOLATED)
_14114_/CLK                             0.750000   12.223951  -11.473951 (VIOLATED)
_14113_/CLK                             0.750000   12.223915  -11.473915 (VIOLATED)
_14112_/CLK                             0.750000   12.223712  -11.473712 (VIOLATED)
_14111_/CLK                             0.750000   12.223137  -11.473137 (VIOLATED)
_13125_/CLK                             0.750000   12.223007  -11.473007 (VIOLATED)
_13272_/CLK                             0.750000   12.223009  -11.473009 (VIOLATED)
_13535_/CLK                             0.750000   12.223005  -11.473005 (VIOLATED)
_13567_/CLK                             0.750000   12.223005  -11.473005 (VIOLATED)
_13599_/CLK                             0.750000   12.223008  -11.473008 (VIOLATED)
_14154_/CLK                             0.750000   12.223009  -11.473009 (VIOLATED)
_13171_/CLK                             0.750000   12.222993  -11.472993 (VIOLATED)
_13175_/CLK                             0.750000   12.222997  -11.472996 (VIOLATED)
_13235_/CLK                             0.750000   12.222984  -11.472984 (VIOLATED)
_13239_/CLK                             0.750000   12.222988  -11.472988 (VIOLATED)
_13304_/CLK                             0.750000   12.222995  -11.472995 (VIOLATED)
_13308_/CLK                             0.750000   12.222997  -11.472996 (VIOLATED)
_13369_/CLK                             0.750000   12.223003  -11.473003 (VIOLATED)
_13401_/CLK                             0.750000   12.223003  -11.473003 (VIOLATED)
_13336_/CLK                             0.750000   12.222982  -11.472982 (VIOLATED)
_13340_/CLK                             0.750000   12.222988  -11.472988 (VIOLATED)
_14027_/CLK                             0.750000   12.222987  -11.472987 (VIOLATED)
_14033_/CLK                             0.750000   12.222998  -11.472998 (VIOLATED)
_13060_/CLK                             0.750000   12.222964  -11.472964 (VIOLATED)
_13092_/CLK                             0.750000   12.222962  -11.472962 (VIOLATED)
_13203_/CLK                             0.750000   12.222960  -11.472960 (VIOLATED)
_13630_/CLK                             0.750000   12.222960  -11.472960 (VIOLATED)
_14097_/CLK                             0.750000   12.222930  -11.472930 (VIOLATED)
_14125_/CLK                             0.750000   12.222933  -11.472933 (VIOLATED)
_14126_/CLK                             0.750000   12.222942  -11.472942 (VIOLATED)
_14098_/CLK                             0.750000   12.222915  -11.472915 (VIOLATED)
_14118_/CLK                             0.750000   12.222919  -11.472919 (VIOLATED)
_14099_/CLK                             0.750000   12.222900  -11.472900 (VIOLATED)
_14117_/CLK                             0.750000   12.222906  -11.472906 (VIOLATED)
_14100_/CLK                             0.750000   12.222889  -11.472889 (VIOLATED)
_14101_/CLK                             0.750000   12.222878  -11.472878 (VIOLATED)
_14102_/CLK                             0.750000   12.222871  -11.472871 (VIOLATED)
_14103_/CLK                             0.750000   12.222858  -11.472858 (VIOLATED)
_14104_/CLK                             0.750000   12.222686  -11.472686 (VIOLATED)
_14110_/CLK                             0.750000   12.222512  -11.472512 (VIOLATED)
_14105_/CLK                             0.750000   12.222321  -11.472321 (VIOLATED)
_13651_/CLK                             0.750000   12.221924  -11.471924 (VIOLATED)
_13765_/CLK                             0.750000   12.221927  -11.471927 (VIOLATED)
_13988_/CLK                             0.750000   12.221930  -11.471930 (VIOLATED)
_14013_/CLK                             0.750000   12.221931  -11.471931 (VIOLATED)
_14037_/CLK                             0.750000   12.221931  -11.471931 (VIOLATED)
_14066_/CLK                             0.750000   12.221929  -11.471929 (VIOLATED)
_14123_/CLK                             0.750000   12.221932  -11.471932 (VIOLATED)
_14124_/CLK                             0.750000   12.221932  -11.471932 (VIOLATED)
_13650_/CLK                             0.750000   12.221773  -11.471773 (VIOLATED)
_14106_/CLK                             0.750000   12.221601  -11.471601 (VIOLATED)
_14109_/CLK                             0.750000   12.221601  -11.471601 (VIOLATED)
_13649_/CLK                             0.750000   12.221440  -11.471440 (VIOLATED)
_13148_/CLK                             0.750000   12.221088  -11.471088 (VIOLATED)
_13154_/CLK                             0.750000   12.221087  -11.471087 (VIOLATED)
_13155_/CLK                             0.750000   12.221087  -11.471087 (VIOLATED)
_13156_/CLK                             0.750000   12.221088  -11.471088 (VIOLATED)
_13127_/CLK                             0.750000   12.221076  -11.471076 (VIOLATED)
_13274_/CLK                             0.750000   12.221082  -11.471082 (VIOLATED)
_14030_/CLK                             0.750000   12.221087  -11.471087 (VIOLATED)
_14156_/CLK                             0.750000   12.221082  -11.471082 (VIOLATED)
_13371_/CLK                             0.750000   12.221064  -11.471064 (VIOLATED)
_13403_/CLK                             0.750000   12.221063  -11.471063 (VIOLATED)
_13537_/CLK                             0.750000   12.221067  -11.471067 (VIOLATED)
_13569_/CLK                             0.750000   12.221070  -11.471070 (VIOLATED)
_13601_/CLK                             0.750000   12.221077  -11.471077 (VIOLATED)
_13072_/CLK                             0.750000   12.221038  -11.471038 (VIOLATED)
_13104_/CLK                             0.750000   12.221037  -11.471037 (VIOLATED)
_13182_/CLK                             0.750000   12.221031  -11.471031 (VIOLATED)
_13183_/CLK                             0.750000   12.221042  -11.471042 (VIOLATED)
_13215_/CLK                             0.750000   12.221040  -11.471040 (VIOLATED)
_13246_/CLK                             0.750000   12.221030  -11.471030 (VIOLATED)
_13247_/CLK                             0.750000   12.221039  -11.471039 (VIOLATED)
_13642_/CLK                             0.750000   12.221039  -11.471039 (VIOLATED)
_14127_/CLK                             0.750000   12.221037  -11.471037 (VIOLATED)
_14133_/CLK                             0.750000   12.221045  -11.471045 (VIOLATED)
_14134_/CLK                             0.750000   12.221051  -11.471051 (VIOLATED)
_13282_/CLK                             0.750000   12.221024  -11.471024 (VIOLATED)
_13315_/CLK                             0.750000   12.221031  -11.471031 (VIOLATED)
_13316_/CLK                             0.750000   12.221042  -11.471042 (VIOLATED)
_13347_/CLK                             0.750000   12.221031  -11.471030 (VIOLATED)
_13348_/CLK                             0.750000   12.221039  -11.471039 (VIOLATED)
_14128_/CLK                             0.750000   12.221031  -11.471031 (VIOLATED)
_14164_/CLK                             0.750000   12.221021  -11.471021 (VIOLATED)
_13071_/CLK                             0.750000   12.221004  -11.471004 (VIOLATED)
_13103_/CLK                             0.750000   12.221004  -11.471004 (VIOLATED)
_13135_/CLK                             0.750000   12.221008  -11.471008 (VIOLATED)
_13214_/CLK                             0.750000   12.221005  -11.471004 (VIOLATED)
_13379_/CLK                             0.750000   12.220997  -11.470997 (VIOLATED)
_13411_/CLK                             0.750000   12.220997  -11.470997 (VIOLATED)
_13545_/CLK                             0.750000   12.221001  -11.471001 (VIOLATED)
_13577_/CLK                             0.750000   12.221002  -11.471002 (VIOLATED)
_13609_/CLK                             0.750000   12.221008  -11.471008 (VIOLATED)
_13641_/CLK                             0.750000   12.221005  -11.471004 (VIOLATED)
_13076_/CLK                             0.750000   12.220982  -11.470982 (VIOLATED)
_13108_/CLK                             0.750000   12.220982  -11.470982 (VIOLATED)
_13219_/CLK                             0.750000   12.220983  -11.470983 (VIOLATED)
_13646_/CLK                             0.750000   12.220983  -11.470983 (VIOLATED)
_13140_/CLK                             0.750000   12.220970  -11.470970 (VIOLATED)
_13287_/CLK                             0.750000   12.220980  -11.470979 (VIOLATED)
_13614_/CLK                             0.750000   12.220970  -11.470970 (VIOLATED)
_14169_/CLK                             0.750000   12.220979  -11.470979 (VIOLATED)
_13187_/CLK                             0.750000   12.220944  -11.470944 (VIOLATED)
_13251_/CLK                             0.750000   12.220943  -11.470943 (VIOLATED)
_13320_/CLK                             0.750000   12.220944  -11.470944 (VIOLATED)
_13352_/CLK                             0.750000   12.220942  -11.470942 (VIOLATED)
_13384_/CLK                             0.750000   12.220942  -11.470942 (VIOLATED)
_13416_/CLK                             0.750000   12.220942  -11.470942 (VIOLATED)
_13550_/CLK                             0.750000   12.220940  -11.470940 (VIOLATED)
_13582_/CLK                             0.750000   12.220941  -11.470941 (VIOLATED)
_13118_/CLK                             0.750000   12.220915  -11.470915 (VIOLATED)
_13165_/CLK                             0.750000   12.220922  -11.470922 (VIOLATED)
_13229_/CLK                             0.750000   12.220921  -11.470921 (VIOLATED)
_13265_/CLK                             0.750000   12.220918  -11.470918 (VIOLATED)
_13298_/CLK                             0.750000   12.220922  -11.470922 (VIOLATED)
_13330_/CLK                             0.750000   12.220921  -11.470921 (VIOLATED)
_13592_/CLK                             0.750000   12.220915  -11.470915 (VIOLATED)
_14021_/CLK                             0.750000   12.220911  -11.470911 (VIOLATED)
_14147_/CLK                             0.750000   12.220918  -11.470918 (VIOLATED)
_13172_/CLK                             0.750000   12.220881  -11.470881 (VIOLATED)
_13305_/CLK                             0.750000   12.220890  -11.470890 (VIOLATED)
_13236_/CLK                             0.750000   12.220851  -11.470851 (VIOLATED)
_13337_/CLK                             0.750000   12.220853  -11.470853 (VIOLATED)
_13061_/CLK                             0.750000   12.220807  -11.470807 (VIOLATED)
_13093_/CLK                             0.750000   12.220803  -11.470803 (VIOLATED)
_13054_/CLK                             0.750000   12.220782  -11.470782 (VIOLATED)
_13086_/CLK                             0.750000   12.220782  -11.470782 (VIOLATED)
_13197_/CLK                             0.750000   12.220783  -11.470783 (VIOLATED)
_13204_/CLK                             0.750000   12.220772  -11.470772 (VIOLATED)
_13362_/CLK                             0.750000   12.220778  -11.470778 (VIOLATED)
_13394_/CLK                             0.750000   12.220777  -11.470777 (VIOLATED)
_13528_/CLK                             0.750000   12.220778  -11.470778 (VIOLATED)
_13560_/CLK                             0.750000   12.220780  -11.470780 (VIOLATED)
_13624_/CLK                             0.750000   12.220783  -11.470783 (VIOLATED)
_13277_/CLK                             0.750000   12.220763  -11.470763 (VIOLATED)
_13515_/CLK                             0.750000   12.220764  -11.470764 (VIOLATED)
_13631_/CLK                             0.750000   12.220771  -11.470771 (VIOLATED)
_14159_/CLK                             0.750000   12.220757  -11.470757 (VIOLATED)
_14129_/CLK                             0.750000   12.220742  -11.470742 (VIOLATED)
_13130_/CLK                             0.750000   12.220730  -11.470730 (VIOLATED)
_13604_/CLK                             0.750000   12.220732  -11.470732 (VIOLATED)
_13540_/CLK                             0.750000   12.220686  -11.470686 (VIOLATED)
_13572_/CLK                             0.750000   12.220683  -11.470683 (VIOLATED)
_13066_/CLK                             0.750000   12.220620  -11.470620 (VIOLATED)
_13073_/CLK                             0.750000   12.220617  -11.470617 (VIOLATED)
_13098_/CLK                             0.750000   12.220620  -11.470620 (VIOLATED)
_13105_/CLK                             0.750000   12.220618  -11.470618 (VIOLATED)
_13137_/CLK                             0.750000   12.220613  -11.470613 (VIOLATED)
_13177_/CLK                             0.750000   12.220617  -11.470616 (VIOLATED)
_13184_/CLK                             0.750000   12.220613  -11.470613 (VIOLATED)
_13209_/CLK                             0.750000   12.220621  -11.470621 (VIOLATED)
_13216_/CLK                             0.750000   12.220619  -11.470619 (VIOLATED)
_13636_/CLK                             0.750000   12.220621  -11.470621 (VIOLATED)
_13241_/CLK                             0.750000   12.220609  -11.470609 (VIOLATED)
_13248_/CLK                             0.750000   12.220613  -11.470613 (VIOLATED)
_13284_/CLK                             0.750000   12.220617  -11.470616 (VIOLATED)
_13310_/CLK                             0.750000   12.220618  -11.470618 (VIOLATED)
_13317_/CLK                             0.750000   12.220613  -11.470613 (VIOLATED)
_13342_/CLK                             0.750000   12.220613  -11.470613 (VIOLATED)
_13349_/CLK                             0.750000   12.220613  -11.470613 (VIOLATED)
_13374_/CLK                             0.750000   12.220615  -11.470615 (VIOLATED)
_13643_/CLK                             0.750000   12.220619  -11.470619 (VIOLATED)
_13381_/CLK                             0.750000   12.220606  -11.470606 (VIOLATED)
_13406_/CLK                             0.750000   12.220615  -11.470615 (VIOLATED)
_13413_/CLK                             0.750000   12.220605  -11.470605 (VIOLATED)
_13547_/CLK                             0.750000   12.220609  -11.470609 (VIOLATED)
_13579_/CLK                             0.750000   12.220611  -11.470611 (VIOLATED)
_13611_/CLK                             0.750000   12.220613  -11.470613 (VIOLATED)
_14036_/CLK                             0.750000   12.220614  -11.470614 (VIOLATED)
_14166_/CLK                             0.750000   12.220615  -11.470615 (VIOLATED)
_14024_/CLK                             0.750000   12.220593  -11.470593 (VIOLATED)
_13036_/CLK                             0.750000   12.220582  -11.470582 (VIOLATED)
_13121_/CLK                             0.750000   12.220589  -11.470589 (VIOLATED)
_13139_/CLK                             0.750000   12.220592  -11.470592 (VIOLATED)
_13268_/CLK                             0.750000   12.220592  -11.470591 (VIOLATED)
_13595_/CLK                             0.750000   12.220590  -11.470590 (VIOLATED)
_13613_/CLK                             0.750000   12.220592  -11.470592 (VIOLATED)
_13732_/CLK                             0.750000   12.220587  -11.470587 (VIOLATED)
_14150_/CLK                             0.750000   12.220592  -11.470591 (VIOLATED)
_13042_/CLK                             0.750000   12.220570  -11.470570 (VIOLATED)
_13044_/CLK                             0.750000   12.220579  -11.470578 (VIOLATED)
_13043_/CLK                             0.750000   12.220566  -11.470566 (VIOLATED)
_13517_/CLK                             0.750000   12.220555  -11.470555 (VIOLATED)
_13280_/CLK                             0.750000   12.220543  -11.470543 (VIOLATED)
_14096_/CLK                             0.750000   12.220552  -11.470552 (VIOLATED)
_14162_/CLK                             0.750000   12.220533  -11.470533 (VIOLATED)
_13607_/CLK                             0.750000   12.220516  -11.470516 (VIOLATED)
_13133_/CLK                             0.750000   12.220499  -11.470499 (VIOLATED)
_13153_/CLK                             0.750000   12.220399  -11.470399 (VIOLATED)
_13286_/CLK                             0.750000   12.220395  -11.470395 (VIOLATED)
_14168_/CLK                             0.750000   12.220395  -11.470395 (VIOLATED)
_13365_/CLK                             0.750000   12.220384  -11.470384 (VIOLATED)
_13383_/CLK                             0.750000   12.220391  -11.470391 (VIOLATED)
_13397_/CLK                             0.750000   12.220383  -11.470383 (VIOLATED)
_13415_/CLK                             0.750000   12.220390  -11.470390 (VIOLATED)
_13531_/CLK                             0.750000   12.220386  -11.470386 (VIOLATED)
_13549_/CLK                             0.750000   12.220392  -11.470392 (VIOLATED)
_13563_/CLK                             0.750000   12.220387  -11.470387 (VIOLATED)
_13581_/CLK                             0.750000   12.220393  -11.470393 (VIOLATED)
_13038_/CLK                             0.750000   12.220371  -11.470370 (VIOLATED)
_13039_/CLK                             0.750000   12.220370  -11.470370 (VIOLATED)
_13040_/CLK                             0.750000   12.220375  -11.470375 (VIOLATED)
_13041_/CLK                             0.750000   12.220378  -11.470378 (VIOLATED)
_13377_/CLK                             0.750000   12.220353  -11.470353 (VIOLATED)
_13409_/CLK                             0.750000   12.220352  -11.470352 (VIOLATED)
_13543_/CLK                             0.750000   12.220360  -11.470360 (VIOLATED)
_13575_/CLK                             0.750000   12.220363  -11.470363 (VIOLATED)
_13150_/CLK                             0.750000   12.220323  -11.470323 (VIOLATED)
_13151_/CLK                             0.750000   12.220323  -11.470323 (VIOLATED)
_13152_/CLK                             0.750000   12.220322  -11.470322 (VIOLATED)
_13145_/CLK                             0.750000   12.220224  -11.470224 (VIOLATED)
_13157_/CLK                             0.750000   12.220188  -11.470188 (VIOLATED)
_13200_/CLK                             0.750000   12.220172  -11.470172 (VIOLATED)
_13218_/CLK                             0.750000   12.220175  -11.470175 (VIOLATED)
_13627_/CLK                             0.750000   12.220171  -11.470171 (VIOLATED)
_13645_/CLK                             0.750000   12.220175  -11.470175 (VIOLATED)
_13031_/CLK                             0.750000   12.220159  -11.470159 (VIOLATED)
_13032_/CLK                             0.750000   12.220162  -11.470162 (VIOLATED)
_13033_/CLK                             0.750000   12.220164  -11.470163 (VIOLATED)
_13045_/CLK                             0.750000   12.220159  -11.470159 (VIOLATED)
_13057_/CLK                             0.750000   12.220168  -11.470168 (VIOLATED)
_13075_/CLK                             0.750000   12.220174  -11.470174 (VIOLATED)
_13089_/CLK                             0.750000   12.220168  -11.470168 (VIOLATED)
_13107_/CLK                             0.750000   12.220174  -11.470174 (VIOLATED)
_13069_/CLK                             0.750000   12.220143  -11.470143 (VIOLATED)
_13101_/CLK                             0.750000   12.220144  -11.470144 (VIOLATED)
_13212_/CLK                             0.750000   12.220152  -11.470152 (VIOLATED)
_13639_/CLK                             0.750000   12.220151  -11.470151 (VIOLATED)
_13144_/CLK                             0.750000   12.220131  -11.470131 (VIOLATED)
_13143_/CLK                             0.750000   12.220086  -11.470086 (VIOLATED)
_13633_/CLK                             0.750000   12.220013  -11.470013 (VIOLATED)
_13699_/CLK                             0.750000   12.220017  -11.470017 (VIOLATED)
_13257_/CLK                             0.750000   12.219967  -11.469967 (VIOLATED)
_13168_/CLK                             0.750000   12.219936  -11.469936 (VIOLATED)
_13186_/CLK                             0.750000   12.219940  -11.469940 (VIOLATED)
_13034_/CLK                             0.750000   12.219925  -11.469925 (VIOLATED)
_13035_/CLK                             0.750000   12.219924  -11.469924 (VIOLATED)
_13037_/CLK                             0.750000   12.219930  -11.469930 (VIOLATED)
_13232_/CLK                             0.750000   12.219934  -11.469934 (VIOLATED)
_13250_/CLK                             0.750000   12.219940  -11.469940 (VIOLATED)
_13301_/CLK                             0.750000   12.219937  -11.469937 (VIOLATED)
_13319_/CLK                             0.750000   12.219941  -11.469941 (VIOLATED)
_13333_/CLK                             0.750000   12.219934  -11.469934 (VIOLATED)
_13351_/CLK                             0.750000   12.219939  -11.469939 (VIOLATED)
_14139_/CLK                             0.750000   12.219928  -11.469928 (VIOLATED)
_13180_/CLK                             0.750000   12.219916  -11.469916 (VIOLATED)
_13244_/CLK                             0.750000   12.219911  -11.469911 (VIOLATED)
_13313_/CLK                             0.750000   12.219918  -11.469918 (VIOLATED)
_13345_/CLK                             0.750000   12.219910  -11.469910 (VIOLATED)
_13046_/CLK                             0.750000   12.219896  -11.469896 (VIOLATED)
_13146_/CLK                             0.750000   12.219895  -11.469895 (VIOLATED)
_13147_/CLK                             0.750000   12.219893  -11.469893 (VIOLATED)
_13149_/CLK                             0.750000   12.219901  -11.469901 (VIOLATED)
_14122_/CLK                             0.750000   12.219838  -11.469838 (VIOLATED)
_13255_/CLK                             0.750000   12.219734  -11.469734 (VIOLATED)
_13256_/CLK                             0.750000   12.219735  -11.469735 (VIOLATED)
_14121_/CLK                             0.750000   12.219733  -11.469733 (VIOLATED)
_14107_/CLK                             0.750000   12.219713  -11.469713 (VIOLATED)
_14120_/CLK                             0.750000   12.219681  -11.469681 (VIOLATED)
_14108_/CLK                             0.750000   12.219657  -11.469657 (VIOLATED)
_13063_/CLK                             0.750000   12.219624  -11.469624 (VIOLATED)
_13095_/CLK                             0.750000   12.219624  -11.469624 (VIOLATED)
_13174_/CLK                             0.750000   12.219621  -11.469621 (VIOLATED)
_13206_/CLK                             0.750000   12.219624  -11.469624 (VIOLATED)
_13238_/CLK                             0.750000   12.219619  -11.469619 (VIOLATED)
_13254_/CLK                             0.750000   12.219611  -11.469611 (VIOLATED)
_13307_/CLK                             0.750000   12.219622  -11.469621 (VIOLATED)
_13339_/CLK                             0.750000   12.219619  -11.469619 (VIOLATED)
_14136_/CLK                             0.750000   12.219620  -11.469620 (VIOLATED)
_14119_/CLK                             0.750000   12.219584  -11.469584 (VIOLATED)
_14138_/CLK                             0.750000   12.219489  -11.469489 (VIOLATED)
_13672_/CLK                             0.750000   12.219452  -11.469452 (VIOLATED)
_14069_/CLK                             0.750000   12.219416  -11.469416 (VIOLATED)
_14130_/CLK                             0.750000   12.219306  -11.469306 (VIOLATED)
_14131_/CLK                             0.750000   12.219304  -11.469304 (VIOLATED)
_14135_/CLK                             0.750000   12.219307  -11.469307 (VIOLATED)
_14137_/CLK                             0.750000   12.219306  -11.469306 (VIOLATED)
_14132_/CLK                             0.750000   12.219208  -11.469208 (VIOLATED)
_13947_/CLK                             0.750000   12.219076  -11.469076 (VIOLATED)
_13290_/CLK                             0.750000   12.219028  -11.469028 (VIOLATED)
_13662_/CLK                             0.750000   12.218816  -11.468816 (VIOLATED)
_14094_/CLK                             0.750000   12.218643  -11.468643 (VIOLATED)
_14095_/CLK                             0.750000   12.218387  -11.468387 (VIOLATED)
_14070_/CLK                             0.750000   12.216130  -11.466129 (VIOLATED)
_13733_/CLK                             0.750000   12.215831  -11.465831 (VIOLATED)
_13653_/CLK                             0.750000   12.214673  -11.464673 (VIOLATED)
_14060_/CLK                             0.750000   12.214473  -11.464473 (VIOLATED)
_14058_/CLK                             0.750000   12.214417  -11.464417 (VIOLATED)
_14059_/CLK                             0.750000   12.214311  -11.464311 (VIOLATED)
_14045_/CLK                             0.750000   12.214165  -11.464165 (VIOLATED)
_14046_/CLK                             0.750000   12.214158  -11.464158 (VIOLATED)
_14049_/CLK                             0.750000   12.214001  -11.464001 (VIOLATED)
_14047_/CLK                             0.750000   12.213987  -11.463987 (VIOLATED)
_14048_/CLK                             0.750000   12.213919  -11.463919 (VIOLATED)
_14050_/CLK                             0.750000   12.213729  -11.463729 (VIOLATED)
_14051_/CLK                             0.750000   12.213692  -11.463692 (VIOLATED)
_14052_/CLK                             0.750000   12.213575  -11.463575 (VIOLATED)
_14090_/CLK                             0.750000   12.213453  -11.463452 (VIOLATED)
_14057_/CLK                             0.750000   12.213394  -11.463394 (VIOLATED)
_14056_/CLK                             0.750000   12.213296  -11.463296 (VIOLATED)
_14055_/CLK                             0.750000   12.213273  -11.463273 (VIOLATED)
_14087_/CLK                             0.750000   12.213249  -11.463249 (VIOLATED)
_14041_/CLK                             0.750000   12.213107  -11.463107 (VIOLATED)
_14039_/CLK                             0.750000   12.213067  -11.463067 (VIOLATED)
_14053_/CLK                             0.750000   12.213052  -11.463051 (VIOLATED)
_14038_/CLK                             0.750000   12.212894  -11.462894 (VIOLATED)
_13671_/CLK                             0.750000   12.212742  -11.462742 (VIOLATED)
_13698_/CLK                             0.750000   12.212742  -11.462742 (VIOLATED)
_14042_/CLK                             0.750000   12.212739  -11.462739 (VIOLATED)
_14043_/CLK                             0.750000   12.212740  -11.462740 (VIOLATED)
_14044_/CLK                             0.750000   12.212740  -11.462740 (VIOLATED)
_14075_/CLK                             0.750000   12.212741  -11.462740 (VIOLATED)
_14076_/CLK                             0.750000   12.212742  -11.462741 (VIOLATED)
_14077_/CLK                             0.750000   12.212740  -11.462740 (VIOLATED)
_14078_/CLK                             0.750000   12.212742  -11.462742 (VIOLATED)
_14079_/CLK                             0.750000   12.212742  -11.462742 (VIOLATED)
_14080_/CLK                             0.750000   12.212742  -11.462742 (VIOLATED)
_14081_/CLK                             0.750000   12.212738  -11.462738 (VIOLATED)
_14082_/CLK                             0.750000   12.212741  -11.462740 (VIOLATED)
_14071_/CLK                             0.750000   12.212727  -11.462727 (VIOLATED)
_14083_/CLK                             0.750000   12.212737  -11.462737 (VIOLATED)
_14084_/CLK                             0.750000   12.212736  -11.462736 (VIOLATED)
_14072_/CLK                             0.750000   12.212724  -11.462724 (VIOLATED)
_14074_/CLK                             0.750000   12.212725  -11.462725 (VIOLATED)
_14085_/CLK                             0.750000   12.212734  -11.462734 (VIOLATED)
_14086_/CLK                             0.750000   12.212733  -11.462733 (VIOLATED)
_14088_/CLK                             0.750000   12.212729  -11.462729 (VIOLATED)
_14089_/CLK                             0.750000   12.212729  -11.462729 (VIOLATED)
_14091_/CLK                             0.750000   12.212740  -11.462740 (VIOLATED)
_14092_/CLK                             0.750000   12.212741  -11.462740 (VIOLATED)
_14093_/CLK                             0.750000   12.212741  -11.462740 (VIOLATED)
_14040_/CLK                             0.750000   12.212655  -11.462655 (VIOLATED)
_14054_/CLK                             0.750000   12.212655  -11.462655 (VIOLATED)
_14073_/CLK                             0.750000   12.212657  -11.462657 (VIOLATED)
_13501_/CLK                             0.750000   12.212630  -11.462630 (VIOLATED)
_13502_/CLK                             0.750000   12.212630  -11.462630 (VIOLATED)
_13504_/CLK                             0.750000   12.212630  -11.462630 (VIOLATED)
_13506_/CLK                             0.750000   12.212630  -11.462630 (VIOLATED)
_13880_/CLK                             0.750000   12.212630  -11.462630 (VIOLATED)
_13881_/CLK                             0.750000   12.212629  -11.462629 (VIOLATED)
_13882_/CLK                             0.750000   12.212630  -11.462630 (VIOLATED)
_13883_/CLK                             0.750000   12.212630  -11.462630 (VIOLATED)
_13884_/CLK                             0.750000   12.212633  -11.462633 (VIOLATED)
_13885_/CLK                             0.750000   12.212633  -11.462633 (VIOLATED)
_13886_/CLK                             0.750000   12.212634  -11.462634 (VIOLATED)
_13887_/CLK                             0.750000   12.212635  -11.462635 (VIOLATED)
_13888_/CLK                             0.750000   12.212638  -11.462637 (VIOLATED)
_13889_/CLK                             0.750000   12.212638  -11.462637 (VIOLATED)
_13890_/CLK                             0.750000   12.212638  -11.462638 (VIOLATED)
_13891_/CLK                             0.750000   12.212639  -11.462639 (VIOLATED)
_13892_/CLK                             0.750000   12.212639  -11.462639 (VIOLATED)
_13893_/CLK                             0.750000   12.212639  -11.462639 (VIOLATED)
_13894_/CLK                             0.750000   12.212640  -11.462640 (VIOLATED)
_13895_/CLK                             0.750000   12.212640  -11.462640 (VIOLATED)
_13476_/CLK                             0.750000   12.212618  -11.462618 (VIOLATED)
_13477_/CLK                             0.750000   12.212617  -11.462617 (VIOLATED)
_13478_/CLK                             0.750000   12.212617  -11.462617 (VIOLATED)
_13479_/CLK                             0.750000   12.212616  -11.462616 (VIOLATED)
_13480_/CLK                             0.750000   12.212618  -11.462618 (VIOLATED)
_13481_/CLK                             0.750000   12.212616  -11.462616 (VIOLATED)
_13482_/CLK                             0.750000   12.212617  -11.462617 (VIOLATED)
_13483_/CLK                             0.750000   12.212616  -11.462616 (VIOLATED)
_13484_/CLK                             0.750000   12.212616  -11.462616 (VIOLATED)
_13485_/CLK                             0.750000   12.212616  -11.462616 (VIOLATED)
_13486_/CLK                             0.750000   12.212615  -11.462615 (VIOLATED)
_13487_/CLK                             0.750000   12.212616  -11.462616 (VIOLATED)
_13488_/CLK                             0.750000   12.212615  -11.462615 (VIOLATED)
_13491_/CLK                             0.750000   12.212611  -11.462611 (VIOLATED)
_13492_/CLK                             0.750000   12.212612  -11.462611 (VIOLATED)
_13493_/CLK                             0.750000   12.212611  -11.462611 (VIOLATED)
_13494_/CLK                             0.750000   12.212612  -11.462612 (VIOLATED)
_13495_/CLK                             0.750000   12.212616  -11.462616 (VIOLATED)
_13496_/CLK                             0.750000   12.212611  -11.462611 (VIOLATED)
_13497_/CLK                             0.750000   12.212611  -11.462611 (VIOLATED)
_13498_/CLK                             0.750000   12.212612  -11.462611 (VIOLATED)
_13499_/CLK                             0.750000   12.212614  -11.462614 (VIOLATED)
_13500_/CLK                             0.750000   12.212611  -11.462611 (VIOLATED)
_13503_/CLK                             0.750000   12.212615  -11.462615 (VIOLATED)
_13505_/CLK                             0.750000   12.212611  -11.462611 (VIOLATED)
_13507_/CLK                             0.750000   12.212613  -11.462613 (VIOLATED)
_13508_/CLK                             0.750000   12.212611  -11.462611 (VIOLATED)
_13509_/CLK                             0.750000   12.212612  -11.462612 (VIOLATED)
_13510_/CLK                             0.750000   12.212613  -11.462613 (VIOLATED)
_13511_/CLK                             0.750000   12.212614  -11.462614 (VIOLATED)
_13712_/CLK                             0.750000   12.212608  -11.462608 (VIOLATED)
_13713_/CLK                             0.750000   12.212608  -11.462608 (VIOLATED)
_13718_/CLK                             0.750000   12.212613  -11.462613 (VIOLATED)
_13726_/CLK                             0.750000   12.212615  -11.462615 (VIOLATED)
_13863_/CLK                             0.750000   12.212617  -11.462617 (VIOLATED)
_13912_/CLK                             0.750000   12.212626  -11.462625 (VIOLATED)
_13913_/CLK                             0.750000   12.212621  -11.462621 (VIOLATED)
_13714_/CLK                             0.750000   12.212602  -11.462602 (VIOLATED)
_13717_/CLK                             0.750000   12.212601  -11.462601 (VIOLATED)
_13719_/CLK                             0.750000   12.212607  -11.462607 (VIOLATED)
_13720_/CLK                             0.750000   12.212612  -11.462611 (VIOLATED)
_13721_/CLK                             0.750000   12.212613  -11.462613 (VIOLATED)
_13722_/CLK                             0.750000   12.212611  -11.462611 (VIOLATED)
_13723_/CLK                             0.750000   12.212615  -11.462615 (VIOLATED)
_13724_/CLK                             0.750000   12.212611  -11.462611 (VIOLATED)
_13725_/CLK                             0.750000   12.212615  -11.462615 (VIOLATED)
_13727_/CLK                             0.750000   12.212611  -11.462611 (VIOLATED)
_13728_/CLK                             0.750000   12.212616  -11.462616 (VIOLATED)
_13729_/CLK                             0.750000   12.212616  -11.462616 (VIOLATED)
_13730_/CLK                             0.750000   12.212612  -11.462611 (VIOLATED)
_13731_/CLK                             0.750000   12.212611  -11.462611 (VIOLATED)
_13878_/CLK                             0.750000   12.212608  -11.462608 (VIOLATED)
_13879_/CLK                             0.750000   12.212608  -11.462608 (VIOLATED)
_13914_/CLK                             0.750000   12.212619  -11.462619 (VIOLATED)
_13915_/CLK                             0.750000   12.212619  -11.462619 (VIOLATED)
_13916_/CLK                             0.750000   12.212618  -11.462618 (VIOLATED)
_13917_/CLK                             0.750000   12.212618  -11.462618 (VIOLATED)
_13918_/CLK                             0.750000   12.212619  -11.462619 (VIOLATED)
_13919_/CLK                             0.750000   12.212618  -11.462618 (VIOLATED)
_13920_/CLK                             0.750000   12.212618  -11.462618 (VIOLATED)
_13921_/CLK                             0.750000   12.212619  -11.462619 (VIOLATED)
_13922_/CLK                             0.750000   12.212618  -11.462618 (VIOLATED)
_13923_/CLK                             0.750000   12.212618  -11.462618 (VIOLATED)
_13924_/CLK                             0.750000   12.212618  -11.462618 (VIOLATED)
_13925_/CLK                             0.750000   12.212618  -11.462618 (VIOLATED)
_13926_/CLK                             0.750000   12.212619  -11.462619 (VIOLATED)
_13927_/CLK                             0.750000   12.212619  -11.462619 (VIOLATED)
_13928_/CLK                             0.750000   12.212621  -11.462621 (VIOLATED)
_13929_/CLK                             0.750000   12.212621  -11.462621 (VIOLATED)
_13930_/CLK                             0.750000   12.212621  -11.462621 (VIOLATED)
_13931_/CLK                             0.750000   12.212621  -11.462621 (VIOLATED)
_13942_/CLK                             0.750000   12.212624  -11.462624 (VIOLATED)
_13943_/CLK                             0.750000   12.212624  -11.462624 (VIOLATED)
_13944_/CLK                             0.750000   12.212624  -11.462624 (VIOLATED)
_13910_/CLK                             0.750000   12.212605  -11.462605 (VIOLATED)
_13911_/CLK                             0.750000   12.212605  -11.462605 (VIOLATED)
_13932_/CLK                             0.750000   12.212612  -11.462611 (VIOLATED)
_13933_/CLK                             0.750000   12.212612  -11.462611 (VIOLATED)
_13945_/CLK                             0.750000   12.212623  -11.462623 (VIOLATED)
_13946_/CLK                             0.750000   12.212623  -11.462623 (VIOLATED)
_13934_/CLK                             0.750000   12.212606  -11.462606 (VIOLATED)
_13935_/CLK                             0.750000   12.212606  -11.462606 (VIOLATED)
_13936_/CLK                             0.750000   12.212616  -11.462616 (VIOLATED)
_13937_/CLK                             0.750000   12.212606  -11.462606 (VIOLATED)
_13938_/CLK                             0.750000   12.212609  -11.462609 (VIOLATED)
_13939_/CLK                             0.750000   12.212607  -11.462607 (VIOLATED)
_13940_/CLK                             0.750000   12.212607  -11.462607 (VIOLATED)
_13941_/CLK                             0.750000   12.212607  -11.462607 (VIOLATED)
_13437_/CLK                             0.750000   12.212585  -11.462585 (VIOLATED)
_13438_/CLK                             0.750000   12.212585  -11.462585 (VIOLATED)
_13439_/CLK                             0.750000   12.212585  -11.462585 (VIOLATED)
_13440_/CLK                             0.750000   12.212584  -11.462584 (VIOLATED)
_13441_/CLK                             0.750000   12.212591  -11.462591 (VIOLATED)
_13442_/CLK                             0.750000   12.212590  -11.462590 (VIOLATED)
_13443_/CLK                             0.750000   12.212571  -11.462571 (VIOLATED)
_13444_/CLK                             0.750000   12.212567  -11.462567 (VIOLATED)
_13445_/CLK                             0.750000   12.212567  -11.462567 (VIOLATED)
_13446_/CLK                             0.750000   12.212567  -11.462567 (VIOLATED)
_13447_/CLK                             0.750000   12.212566  -11.462566 (VIOLATED)
_13448_/CLK                             0.750000   12.212566  -11.462566 (VIOLATED)
_13449_/CLK                             0.750000   12.212564  -11.462564 (VIOLATED)
_13450_/CLK                             0.750000   12.212566  -11.462566 (VIOLATED)
_13680_/CLK                             0.750000   12.212569  -11.462569 (VIOLATED)
_13681_/CLK                             0.750000   12.212579  -11.462579 (VIOLATED)
_13451_/CLK                             0.750000   12.212551  -11.462551 (VIOLATED)
_13663_/CLK                             0.750000   12.212557  -11.462557 (VIOLATED)
_13682_/CLK                             0.750000   12.212564  -11.462564 (VIOLATED)
_13683_/CLK                             0.750000   12.212572  -11.462572 (VIOLATED)
_13715_/CLK                             0.750000   12.212568  -11.462568 (VIOLATED)
_13716_/CLK                             0.750000   12.212567  -11.462567 (VIOLATED)
_13433_/CLK                             0.750000   12.212533  -11.462533 (VIOLATED)
_13452_/CLK                             0.750000   12.212543  -11.462543 (VIOLATED)
_13453_/CLK                             0.750000   12.212543  -11.462543 (VIOLATED)
_13454_/CLK                             0.750000   12.212543  -11.462543 (VIOLATED)
_13688_/CLK                             0.750000   12.212535  -11.462535 (VIOLATED)
_13700_/CLK                             0.750000   12.212542  -11.462542 (VIOLATED)
_13701_/CLK                             0.750000   12.212542  -11.462542 (VIOLATED)
_13702_/CLK                             0.750000   12.212542  -11.462542 (VIOLATED)
_13703_/CLK                             0.750000   12.212541  -11.462541 (VIOLATED)
_13704_/CLK                             0.750000   12.212544  -11.462544 (VIOLATED)
_13705_/CLK                             0.750000   12.212546  -11.462546 (VIOLATED)
_13706_/CLK                             0.750000   12.212546  -11.462546 (VIOLATED)
_13707_/CLK                             0.750000   12.212547  -11.462546 (VIOLATED)
_13708_/CLK                             0.750000   12.212548  -11.462548 (VIOLATED)
_13709_/CLK                             0.750000   12.212549  -11.462549 (VIOLATED)
_13710_/CLK                             0.750000   12.212549  -11.462549 (VIOLATED)
_13711_/CLK                             0.750000   12.212550  -11.462550 (VIOLATED)
_13864_/CLK                             0.750000   12.212543  -11.462543 (VIOLATED)
_13865_/CLK                             0.750000   12.212543  -11.462543 (VIOLATED)
_13866_/CLK                             0.750000   12.212543  -11.462543 (VIOLATED)
_13867_/CLK                             0.750000   12.212543  -11.462543 (VIOLATED)
_13868_/CLK                             0.750000   12.212545  -11.462545 (VIOLATED)
_13869_/CLK                             0.750000   12.212546  -11.462546 (VIOLATED)
_13870_/CLK                             0.750000   12.212546  -11.462546 (VIOLATED)
_13871_/CLK                             0.750000   12.212547  -11.462546 (VIOLATED)
_13872_/CLK                             0.750000   12.212547  -11.462546 (VIOLATED)
_13873_/CLK                             0.750000   12.212547  -11.462546 (VIOLATED)
_13874_/CLK                             0.750000   12.212547  -11.462546 (VIOLATED)
_13875_/CLK                             0.750000   12.212549  -11.462549 (VIOLATED)
_13876_/CLK                             0.750000   12.212550  -11.462550 (VIOLATED)
_13877_/CLK                             0.750000   12.212550  -11.462550 (VIOLATED)
_13896_/CLK                             0.750000   12.212542  -11.462542 (VIOLATED)
_13897_/CLK                             0.750000   12.212542  -11.462542 (VIOLATED)
_13898_/CLK                             0.750000   12.212542  -11.462542 (VIOLATED)
_13899_/CLK                             0.750000   12.212542  -11.462542 (VIOLATED)
_13900_/CLK                             0.750000   12.212545  -11.462545 (VIOLATED)
_13901_/CLK                             0.750000   12.212546  -11.462546 (VIOLATED)
_13902_/CLK                             0.750000   12.212546  -11.462546 (VIOLATED)
_13903_/CLK                             0.750000   12.212547  -11.462546 (VIOLATED)
_13904_/CLK                             0.750000   12.212548  -11.462548 (VIOLATED)
_13905_/CLK                             0.750000   12.212548  -11.462548 (VIOLATED)
_13906_/CLK                             0.750000   12.212549  -11.462549 (VIOLATED)
_13907_/CLK                             0.750000   12.212549  -11.462549 (VIOLATED)
_13908_/CLK                             0.750000   12.212550  -11.462550 (VIOLATED)
_13909_/CLK                             0.750000   12.212550  -11.462550 (VIOLATED)
_13420_/CLK                             0.750000   12.212521  -11.462521 (VIOLATED)
_13421_/CLK                             0.750000   12.212521  -11.462521 (VIOLATED)
_13422_/CLK                             0.750000   12.212521  -11.462521 (VIOLATED)
_13423_/CLK                             0.750000   12.212521  -11.462521 (VIOLATED)
_13424_/CLK                             0.750000   12.212524  -11.462524 (VIOLATED)
_13425_/CLK                             0.750000   12.212525  -11.462525 (VIOLATED)
_13426_/CLK                             0.750000   12.212525  -11.462525 (VIOLATED)
_13427_/CLK                             0.750000   12.212525  -11.462525 (VIOLATED)
_13428_/CLK                             0.750000   12.212516  -11.462516 (VIOLATED)
_13429_/CLK                             0.750000   12.212521  -11.462521 (VIOLATED)
_13430_/CLK                             0.750000   12.212521  -11.462521 (VIOLATED)
_13431_/CLK                             0.750000   12.212521  -11.462521 (VIOLATED)
_13432_/CLK                             0.750000   12.212527  -11.462527 (VIOLATED)
_13434_/CLK                             0.750000   12.212533  -11.462533 (VIOLATED)
_13435_/CLK                             0.750000   12.212525  -11.462525 (VIOLATED)
_13436_/CLK                             0.750000   12.212525  -11.462525 (VIOLATED)
_13664_/CLK                             0.750000   12.212520  -11.462520 (VIOLATED)
_13665_/CLK                             0.750000   12.212530  -11.462530 (VIOLATED)
_13666_/CLK                             0.750000   12.212530  -11.462530 (VIOLATED)
_13667_/CLK                             0.750000   12.212530  -11.462530 (VIOLATED)
_13691_/CLK                             0.750000   12.212527  -11.462527 (VIOLATED)
_13673_/CLK                             0.750000   12.212515  -11.462515 (VIOLATED)
_13674_/CLK                             0.750000   12.212515  -11.462515 (VIOLATED)
_13675_/CLK                             0.750000   12.212516  -11.462516 (VIOLATED)
_13684_/CLK                             0.750000   12.212516  -11.462516 (VIOLATED)
_13685_/CLK                             0.750000   12.212516  -11.462516 (VIOLATED)
_13686_/CLK                             0.750000   12.212516  -11.462516 (VIOLATED)
_13687_/CLK                             0.750000   12.212516  -11.462516 (VIOLATED)
_13689_/CLK                             0.750000   12.212516  -11.462516 (VIOLATED)
_13690_/CLK                             0.750000   12.212511  -11.462511 (VIOLATED)
_13695_/CLK                             0.750000   12.212516  -11.462516 (VIOLATED)
_13676_/CLK                             0.750000   12.212496  -11.462496 (VIOLATED)
_13677_/CLK                             0.750000   12.212502  -11.462502 (VIOLATED)
_13679_/CLK                             0.750000   12.212504  -11.462504 (VIOLATED)
_13678_/CLK                             0.750000   12.212488  -11.462488 (VIOLATED)
_13693_/CLK                             0.750000   12.212498  -11.462498 (VIOLATED)
_13694_/CLK                             0.750000   12.212491  -11.462491 (VIOLATED)
_13692_/CLK                             0.750000   12.212473  -11.462473 (VIOLATED)
_13668_/CLK                             0.750000   12.212460  -11.462460 (VIOLATED)
_13419_/CLK                             0.750000   12.212445  -11.462445 (VIOLATED)
_13455_/CLK                             0.750000   12.212445  -11.462445 (VIOLATED)
_13456_/CLK                             0.750000   12.212445  -11.462445 (VIOLATED)
_13457_/CLK                             0.750000   12.212445  -11.462445 (VIOLATED)
_13458_/CLK                             0.750000   12.212444  -11.462444 (VIOLATED)
_13459_/CLK                             0.750000   12.212444  -11.462443 (VIOLATED)
_13652_/CLK                             0.750000   12.212443  -11.462442 (VIOLATED)
_13669_/CLK                             0.750000   12.212444  -11.462444 (VIOLATED)
_13670_/CLK                             0.750000   12.212443  -11.462442 (VIOLATED)
_13696_/CLK                             0.750000   12.212444  -11.462444 (VIOLATED)
_13697_/CLK                             0.750000   12.212443  -11.462442 (VIOLATED)
_13658_/CLK                             0.750000   12.212423  -11.462423 (VIOLATED)
_13659_/CLK                             0.750000   12.212412  -11.462412 (VIOLATED)
_13660_/CLK                             0.750000   12.212417  -11.462417 (VIOLATED)
_13654_/CLK                             0.750000   12.212384  -11.462384 (VIOLATED)
_13657_/CLK                             0.750000   12.212385  -11.462385 (VIOLATED)
_13661_/CLK                             0.750000   12.212393  -11.462393 (VIOLATED)
_13655_/CLK                             0.750000   12.212363  -11.462363 (VIOLATED)
_13656_/CLK                             0.750000   12.212366  -11.462366 (VIOLATED)
clk                                     0.750000   12.212252  -11.462252 (VIOLATED)
_12494_/B1                              0.750000    4.812290   -4.062290 (VIOLATED)
_12269_/B1                              0.750000    4.812283   -4.062283 (VIOLATED)
_12336_/A                               0.750000    4.812285   -4.062285 (VIOLATED)
_08678_/B1                              0.750000    4.812268   -4.062268 (VIOLATED)
_12066_/A                               0.750000    4.812272   -4.062272 (VIOLATED)
_08670_/B1                              0.750000    4.812263   -4.062263 (VIOLATED)
_08674_/B1                              0.750000    4.812266   -4.062266 (VIOLATED)
_11913_/A                               0.750000    4.812258   -4.062258 (VIOLATED)
_11989_/B1                              0.750000    4.812260   -4.062260 (VIOLATED)
_08667_/B1                              0.750000    4.812255   -4.062255 (VIOLATED)
_08663_/B1                              0.750000    4.812250   -4.062250 (VIOLATED)
_08659_/B1                              0.750000    4.812238   -4.062238 (VIOLATED)
_11829_/B1                              0.750000    4.812241   -4.062241 (VIOLATED)
_08655_/B1                              0.750000    4.812233   -4.062233 (VIOLATED)
_11749_/B1                              0.750000    4.812236   -4.062236 (VIOLATED)
_08650_/B1                              0.750000    4.812217   -4.062217 (VIOLATED)
_11574_/B1                              0.750000    4.812219   -4.062219 (VIOLATED)
_08646_/B1                              0.750000    4.812211   -4.062210 (VIOLATED)
_11380_/B1                              0.750000    4.812198   -4.062198 (VIOLATED)
_11476_/A                               0.750000    4.812193   -4.062193 (VIOLATED)
_08642_/B1                              0.750000    4.812186   -4.062186 (VIOLATED)
_08638_/B1                              0.750000    4.812178   -4.062177 (VIOLATED)
_11170_/B1                              0.750000    4.812154   -4.062154 (VIOLATED)
_11281_/A                               0.750000    4.812157   -4.062157 (VIOLATED)
_08635_/B1                              0.750000    4.812144   -4.062144 (VIOLATED)
_08631_/B1                              0.750000    4.812137   -4.062137 (VIOLATED)
_08627_/B1                              0.750000    4.812088   -4.062088 (VIOLATED)
_08623_/B1                              0.750000    4.812057   -4.062057 (VIOLATED)
_08620_/B1                              0.750000    4.811992   -4.061992 (VIOLATED)
_08616_/B1                              0.750000    4.811936   -4.061936 (VIOLATED)
_08613_/B1                              0.750000    4.811851   -4.061851 (VIOLATED)
_08353_/B1                              0.750000    4.811790   -4.061790 (VIOLATED)
_08357_/B1                              0.750000    4.811790   -4.061790 (VIOLATED)
_08361_/B1                              0.750000    4.811789   -4.061789 (VIOLATED)
_08345_/B1                              0.750000    4.811783   -4.061783 (VIOLATED)
_08349_/B1                              0.750000    4.811787   -4.061787 (VIOLATED)
_12836_/A                               0.750000    4.811789   -4.061789 (VIOLATED)
_08341_/B1                              0.750000    4.811776   -4.061776 (VIOLATED)
_08610_/B1                              0.750000    4.811777   -4.061777 (VIOLATED)
_08337_/B1                              0.750000    4.811771   -4.061771 (VIOLATED)
_08333_/B1                              0.750000    4.811762   -4.061762 (VIOLATED)
_08329_/B1                              0.750000    4.811753   -4.061753 (VIOLATED)
_08325_/B1                              0.750000    4.811743   -4.061743 (VIOLATED)
_08321_/B1                              0.750000    4.811732   -4.061732 (VIOLATED)
_08317_/B1                              0.750000    4.811718   -4.061718 (VIOLATED)
_08607_/B1                              0.750000    4.811711   -4.061711 (VIOLATED)
_08313_/B1                              0.750000    4.811707   -4.061707 (VIOLATED)
_08309_/B1                              0.750000    4.811688   -4.061688 (VIOLATED)
_08305_/B1                              0.750000    4.811675   -4.061675 (VIOLATED)
_08301_/B1                              0.750000    4.811656   -4.061656 (VIOLATED)
_12756_/S                               0.750000    4.811651   -4.061651 (VIOLATED)
_12673_/S                               0.750000    4.811646   -4.061646 (VIOLATED)
_12677_/S                               0.750000    4.811650   -4.061650 (VIOLATED)
_12674_/S                               0.750000    4.811646   -4.061646 (VIOLATED)
_08297_/B1                              0.750000    4.811638   -4.061638 (VIOLATED)
_12675_/S                               0.750000    4.811641   -4.061641 (VIOLATED)
_08603_/B1                              0.750000    4.811634   -4.061634 (VIOLATED)
_12669_/S                               0.750000    4.811634   -4.061634 (VIOLATED)
_12671_/S                               0.750000    4.811635   -4.061635 (VIOLATED)
_12672_/S                               0.750000    4.811635   -4.061635 (VIOLATED)
_12670_/S                               0.750000    4.811624   -4.061624 (VIOLATED)
_08293_/B1                              0.750000    4.811615   -4.061615 (VIOLATED)
_12665_/S                               0.750000    4.811605   -4.061605 (VIOLATED)
_12666_/S                               0.750000    4.811603   -4.061603 (VIOLATED)
_08289_/B1                              0.750000    4.811591   -4.061591 (VIOLATED)
_12663_/S                               0.750000    4.811589   -4.061589 (VIOLATED)
_12667_/S                               0.750000    4.811579   -4.061579 (VIOLATED)
_12668_/S                               0.750000    4.811579   -4.061579 (VIOLATED)
_12664_/S                               0.750000    4.811572   -4.061572 (VIOLATED)
_08285_/B1                              0.750000    4.811566   -4.061566 (VIOLATED)
_08600_/B1                              0.750000    4.811555   -4.061555 (VIOLATED)
_12661_/S                               0.750000    4.811549   -4.061549 (VIOLATED)
_08281_/B1                              0.750000    4.811538   -4.061537 (VIOLATED)
_11048_/B1                              0.750000    4.811538   -4.061537 (VIOLATED)
_10451_/A                               0.750000    4.811532   -4.061531 (VIOLATED)
_10695_/A                               0.750000    4.811535   -4.061535 (VIOLATED)
_10571_/A                               0.750000    4.811528   -4.061528 (VIOLATED)
_10333_/B1                              0.750000    4.811513   -4.061513 (VIOLATED)
_08277_/B1                              0.750000    4.811509   -4.061509 (VIOLATED)
_12659_/S                               0.750000    4.811507   -4.061507 (VIOLATED)
_08273_/B1                              0.750000    4.811474   -4.061474 (VIOLATED)
_08596_/B1                              0.750000    4.811470   -4.061470 (VIOLATED)
_12657_/S                               0.750000    4.811473   -4.061473 (VIOLATED)
_08269_/B1                              0.750000    4.811446   -4.061446 (VIOLATED)
_12656_/S                               0.750000    4.811450   -4.061450 (VIOLATED)
_07623_/A1                              0.750000    4.811401   -4.061401 (VIOLATED)
_07641_/A1                              0.750000    4.811405   -4.061405 (VIOLATED)
_07645_/A1                              0.750000    4.811405   -4.061405 (VIOLATED)
_07628_/B2                              0.750000    4.811400   -4.061400 (VIOLATED)
_07634_/B2                              0.750000    4.811400   -4.061400 (VIOLATED)
_07637_/A1                              0.750000    4.811403   -4.061403 (VIOLATED)
_12653_/S                               0.750000    4.811402   -4.061402 (VIOLATED)
_12723_/A1                              0.750000    4.811402   -4.061401 (VIOLATED)
_07609_/A1                              0.750000    4.811390   -4.061390 (VIOLATED)
_12687_/A1                              0.750000    4.811391   -4.061391 (VIOLATED)
_07614_/A1                              0.750000    4.811386   -4.061386 (VIOLATED)
_07649_/A1                              0.750000    4.811379   -4.061379 (VIOLATED)
_07604_/A1                              0.750000    4.811375   -4.061375 (VIOLATED)
_07666_/A1                              0.750000    4.811373   -4.061373 (VIOLATED)
_07671_/A1                              0.750000    4.811376   -4.061376 (VIOLATED)
_12728_/A1                              0.750000    4.811378   -4.061378 (VIOLATED)
_12683_/A1                              0.750000    4.811373   -4.061373 (VIOLATED)
_12691_/A1                              0.750000    4.811375   -4.061375 (VIOLATED)
_12719_/A1                              0.750000    4.811371   -4.061371 (VIOLATED)
_07658_/A1                              0.750000    4.811365   -4.061365 (VIOLATED)
_07662_/A1                              0.750000    4.811365   -4.061365 (VIOLATED)
_08593_/B1                              0.750000    4.811365   -4.061365 (VIOLATED)
_12652_/S                               0.750000    4.811360   -4.061360 (VIOLATED)
_12658_/S                               0.750000    4.811363   -4.061362 (VIOLATED)
_12660_/S                               0.750000    4.811366   -4.061366 (VIOLATED)
_12662_/S                               0.750000    4.811367   -4.061367 (VIOLATED)
_12738_/A1                              0.750000    4.811363   -4.061363 (VIOLATED)
_12742_/A1                              0.750000    4.811361   -4.061361 (VIOLATED)
_12745_/A1                              0.750000    4.811360   -4.061360 (VIOLATED)
_07653_/A1                              0.750000    4.811352   -4.061352 (VIOLATED)
_12734_/A1                              0.750000    4.811351   -4.061351 (VIOLATED)
_12651_/S                               0.750000    4.811347   -4.061347 (VIOLATED)
_12714_/A1                              0.750000    4.811348   -4.061348 (VIOLATED)
_07599_/B                               0.750000    4.811342   -4.061342 (VIOLATED)
_12654_/S                               0.750000    4.811342   -4.061342 (VIOLATED)
_12655_/S                               0.750000    4.811346   -4.061346 (VIOLATED)
_07618_/B2                              0.750000    4.811328   -4.061328 (VIOLATED)
_12701_/A1                              0.750000    4.811321   -4.061321 (VIOLATED)
_12650_/S                               0.750000    4.811302   -4.061302 (VIOLATED)
_12649_/S                               0.750000    4.811289   -4.061289 (VIOLATED)
_12648_/S                               0.750000    4.811250   -4.061250 (VIOLATED)
_08590_/B1                              0.750000    4.811218   -4.061218 (VIOLATED)
_12647_/S                               0.750000    4.811212   -4.061212 (VIOLATED)
_12644_/A1                              0.750000    4.811197   -4.061197 (VIOLATED)
_12752_/S                               0.750000    4.811195   -4.061195 (VIOLATED)
_12753_/S                               0.750000    4.811194   -4.061194 (VIOLATED)
_12754_/S                               0.750000    4.811196   -4.061196 (VIOLATED)
_12642_/A1                              0.750000    4.811189   -4.061189 (VIOLATED)
_12643_/A1                              0.750000    4.811191   -4.061191 (VIOLATED)
_12646_/S                               0.750000    4.811166   -4.061166 (VIOLATED)
_07748_/A                               0.750000    4.811159   -4.061159 (VIOLATED)
_12638_/A1                              0.750000    4.811157   -4.061157 (VIOLATED)
_12750_/S                               0.750000    4.811157   -4.061157 (VIOLATED)
_12751_/S                               0.750000    4.811159   -4.061159 (VIOLATED)
_12634_/A1                              0.750000    4.811118   -4.061118 (VIOLATED)
_12748_/S                               0.750000    4.811090   -4.061090 (VIOLATED)
_12749_/S                               0.750000    4.811090   -4.061090 (VIOLATED)
_12627_/A1                              0.750000    4.811066   -4.061066 (VIOLATED)
_12630_/A1                              0.750000    4.811060   -4.061060 (VIOLATED)
_08587_/B1                              0.750000    4.811054   -4.061054 (VIOLATED)
_12626_/B                               0.750000    4.811040   -4.061040 (VIOLATED)
_08259_/B1                              0.750000    4.811013   -4.061013 (VIOLATED)
_08584_/B1                              0.750000    4.810881   -4.060881 (VIOLATED)
_08249_/B1                              0.750000    4.810830   -4.060830 (VIOLATED)
_09994_/A                               0.750000    4.810826   -4.060826 (VIOLATED)
_09774_/A                               0.750000    4.810822   -4.060822 (VIOLATED)
_12645_/S                               0.750000    4.810724   -4.060724 (VIOLATED)
_08581_/B1                              0.750000    4.810641   -4.060641 (VIOLATED)
_08572_/B1                              0.750000    4.810622   -4.060622 (VIOLATED)
_08575_/B1                              0.750000    4.810618   -4.060618 (VIOLATED)
_08578_/B1                              0.750000    4.810569   -4.060569 (VIOLATED)
_09665_/A                               0.750000    4.809819   -4.059819 (VIOLATED)
_09467_/A                               0.750000    4.809732   -4.059732 (VIOLATED)
_09566_/B1                              0.750000    4.809583   -4.059583 (VIOLATED)
_06504_/A                               0.750000    4.808754   -4.058754 (VIOLATED)
_06987_/A                               0.750000    4.807692   -4.057692 (VIOLATED)
_06975_/C                               0.750000    4.807687   -4.057687 (VIOLATED)
_06979_/C                               0.750000    4.807686   -4.057686 (VIOLATED)
_06982_/D                               0.750000    4.807686   -4.057686 (VIOLATED)
_06997_/A                               0.750000    4.807690   -4.057690 (VIOLATED)
_07005_/A                               0.750000    4.807693   -4.057693 (VIOLATED)
_07013_/A                               0.750000    4.807694   -4.057694 (VIOLATED)
_12906_/B1                              0.750000    4.807691   -4.057691 (VIOLATED)
_12903_/B1                              0.750000    4.807684   -4.057684 (VIOLATED)
_12947_/B1                              0.750000    4.807665   -4.057665 (VIOLATED)
_12914_/B1                              0.750000    4.807601   -4.057601 (VIOLATED)
_07226_/B1                              0.750000    4.806839   -4.056839 (VIOLATED)
_07234_/B1                              0.750000    4.806842   -4.056842 (VIOLATED)
_12980_/B1                              0.750000    4.806836   -4.056836 (VIOLATED)
_12942_/B1                              0.750000    4.806612   -4.056612 (VIOLATED)
_12588_/B1                              0.750000    4.806397   -4.056397 (VIOLATED)
_12876_/B                               0.750000    4.806187   -4.056187 (VIOLATED)
_12879_/B1                              0.750000    4.806117   -4.056117 (VIOLATED)
_12852_/B1                              0.750000    4.805260   -4.055260 (VIOLATED)
_12873_/S                               0.750000    4.804402   -4.054402 (VIOLATED)
_12874_/S                               0.750000    4.804350   -4.054350 (VIOLATED)
_12875_/S                               0.750000    4.804350   -4.054350 (VIOLATED)
_12859_/S                               0.750000    4.804284   -4.054284 (VIOLATED)
_07952_/S                               0.750000    4.804231   -4.054230 (VIOLATED)
_08013_/S                               0.750000    4.804231   -4.054231 (VIOLATED)
_12861_/S                               0.750000    4.804230   -4.054230 (VIOLATED)
_12862_/S                               0.750000    4.804231   -4.054230 (VIOLATED)
_12857_/S                               0.750000    4.804224   -4.054224 (VIOLATED)
_12858_/S                               0.750000    4.804227   -4.054227 (VIOLATED)
_12860_/S                               0.750000    4.804229   -4.054229 (VIOLATED)
_12864_/S                               0.750000    4.804223   -4.054223 (VIOLATED)
_12863_/S                               0.750000    4.804167   -4.054167 (VIOLATED)
_12865_/S                               0.750000    4.804101   -4.054101 (VIOLATED)
_12866_/S                               0.750000    4.804075   -4.054074 (VIOLATED)
_12867_/S                               0.750000    4.804017   -4.054016 (VIOLATED)
_12868_/S                               0.750000    4.803961   -4.053961 (VIOLATED)
_12872_/S                               0.750000    4.803922   -4.053922 (VIOLATED)
_12871_/S                               0.750000    4.803850   -4.053850 (VIOLATED)
_12870_/S                               0.750000    4.803840   -4.053840 (VIOLATED)
_12869_/S                               0.750000    4.803811   -4.053810 (VIOLATED)
_12853_/S                               0.750000    4.803758   -4.053758 (VIOLATED)
_12856_/S                               0.750000    4.803735   -4.053735 (VIOLATED)
_12854_/S                               0.750000    4.803707   -4.053707 (VIOLATED)
_12855_/S                               0.750000    4.803652   -4.053652 (VIOLATED)
_07933_/A1                              0.750000    4.803586   -4.053586 (VIOLATED)
_07936_/A1                              0.750000    4.803570   -4.053570 (VIOLATED)
_07939_/A1                              0.750000    4.803544   -4.053544 (VIOLATED)
_07434_/A1                              0.750000    4.803528   -4.053528 (VIOLATED)
_07466_/A1                              0.750000    4.803528   -4.053528 (VIOLATED)
_07481_/A1                              0.750000    4.803528   -4.053528 (VIOLATED)
_07495_/A1                              0.750000    4.803528   -4.053528 (VIOLATED)
_07505_/A1                              0.750000    4.803530   -4.053530 (VIOLATED)
_07514_/A1                              0.750000    4.803529   -4.053529 (VIOLATED)
_07522_/A1                              0.750000    4.803529   -4.053529 (VIOLATED)
_07529_/A1                              0.750000    4.803529   -4.053529 (VIOLATED)
_07533_/A1                              0.750000    4.803528   -4.053528 (VIOLATED)
_07534_/A1                              0.750000    4.803529   -4.053529 (VIOLATED)
_07535_/A1                              0.750000    4.803529   -4.053529 (VIOLATED)
_07536_/A1                              0.750000    4.803529   -4.053529 (VIOLATED)
_07537_/A1                              0.750000    4.803528   -4.053528 (VIOLATED)
_07538_/A1                              0.750000    4.803529   -4.053529 (VIOLATED)
_07539_/A1                              0.750000    4.803529   -4.053529 (VIOLATED)
_07540_/A1                              0.750000    4.803529   -4.053529 (VIOLATED)
_07541_/A1                              0.750000    4.803529   -4.053529 (VIOLATED)
_07542_/A1                              0.750000    4.803527   -4.053527 (VIOLATED)
_07547_/A1                              0.750000    4.803527   -4.053527 (VIOLATED)
_07551_/A1                              0.750000    4.803527   -4.053527 (VIOLATED)
_07555_/A1                              0.750000    4.803526   -4.053526 (VIOLATED)
_07559_/A1                              0.750000    4.803526   -4.053526 (VIOLATED)
_07563_/A1                              0.750000    4.803526   -4.053526 (VIOLATED)
_07956_/A1                              0.750000    4.803525   -4.053525 (VIOLATED)
_07958_/A1                              0.750000    4.803525   -4.053525 (VIOLATED)
_07964_/A1                              0.750000    4.803523   -4.053523 (VIOLATED)
_07972_/C1                              0.750000    4.803524   -4.053524 (VIOLATED)
_07976_/C1                              0.750000    4.803523   -4.053523 (VIOLATED)
_08010_/A1                              0.750000    4.803526   -4.053526 (VIOLATED)
_07984_/C1                              0.750000    4.803520   -4.053519 (VIOLATED)
_07584_/B2                              0.750000    4.803513   -4.053513 (VIOLATED)
_07974_/C1                              0.750000    4.803513   -4.053513 (VIOLATED)
_07980_/C1                              0.750000    4.803517   -4.053517 (VIOLATED)
_07982_/A1                              0.750000    4.803513   -4.053513 (VIOLATED)
_07986_/C1                              0.750000    4.803513   -4.053513 (VIOLATED)
_07978_/C1                              0.750000    4.803507   -4.053507 (VIOLATED)
_07990_/A1                              0.750000    4.803504   -4.053504 (VIOLATED)
_07993_/B2                              0.750000    4.803502   -4.053502 (VIOLATED)
_07997_/B2                              0.750000    4.803504   -4.053504 (VIOLATED)
_07568_/A1                              0.750000    4.803497   -4.053497 (VIOLATED)
_07571_/A1                              0.750000    4.803498   -4.053498 (VIOLATED)
_07573_/A1                              0.750000    4.803498   -4.053498 (VIOLATED)
_07575_/A1                              0.750000    4.803498   -4.053498 (VIOLATED)
_07577_/A1                              0.750000    4.803498   -4.053498 (VIOLATED)
_07579_/A1                              0.750000    4.803498   -4.053498 (VIOLATED)
_07581_/A1                              0.750000    4.803497   -4.053497 (VIOLATED)
_07583_/A1                              0.750000    4.803497   -4.053497 (VIOLATED)
_08004_/A1                              0.750000    4.803500   -4.053500 (VIOLATED)
_08007_/A1                              0.750000    4.803497   -4.053497 (VIOLATED)
_07399_/B                               0.750000    4.803492   -4.053492 (VIOLATED)
_07405_/A1                              0.750000    4.803492   -4.053492 (VIOLATED)
_07586_/A1                              0.750000    4.803494   -4.053494 (VIOLATED)
_07588_/A1                              0.750000    4.803495   -4.053495 (VIOLATED)
_07590_/A1                              0.750000    4.803496   -4.053496 (VIOLATED)
_07591_/B2                              0.750000    4.803493   -4.053493 (VIOLATED)
_07592_/B2                              0.750000    4.803493   -4.053493 (VIOLATED)
_07594_/A1                              0.750000    4.803492   -4.053492 (VIOLATED)
_07596_/A1                              0.750000    4.803487   -4.053487 (VIOLATED)
_07598_/A1                              0.750000    4.803487   -4.053486 (VIOLATED)
_07942_/A1                              0.750000    4.803490   -4.053490 (VIOLATED)
_07944_/B1                              0.750000    4.803490   -4.053490 (VIOLATED)
_07945_/A1                              0.750000    4.803490   -4.053490 (VIOLATED)
_07946_/B                               0.750000    4.803489   -4.053489 (VIOLATED)
_08001_/A1                              0.750000    4.803492   -4.053492 (VIOLATED)
_07950_/A                               0.750000    4.803487   -4.053487 (VIOLATED)
_08011_/S                               0.750000    4.803489   -4.053489 (VIOLATED)
_07951_/S                               0.750000    4.803482   -4.053482 (VIOLATED)
_08012_/S                               0.750000    4.803483   -4.053483 (VIOLATED)
_08015_/A                               0.750000    4.803484   -4.053484 (VIOLATED)
_07902_/A                               0.750000    4.803450   -4.053450 (VIOLATED)
rst                                     0.750000    4.803400   -4.053400 (VIOLATED)
_06799_/S0                              0.750000    4.456392   -3.706392 (VIOLATED)
_06877_/S0                              0.750000    4.456391   -3.706391 (VIOLATED)
_06878_/S0                              0.750000    4.456387   -3.706387 (VIOLATED)
_06797_/S0                              0.750000    4.456379   -3.706379 (VIOLATED)
_06881_/S0                              0.750000    4.456381   -3.706381 (VIOLATED)
_06801_/S0                              0.750000    4.456377   -3.706377 (VIOLATED)
_06677_/S0                              0.750000    4.456370   -3.706370 (VIOLATED)
_06679_/S0                              0.750000    4.456373   -3.706373 (VIOLATED)
_06802_/S0                              0.750000    4.456374   -3.706374 (VIOLATED)
_06882_/S0                              0.750000    4.456374   -3.706374 (VIOLATED)
_06681_/S0                              0.750000    4.456367   -3.706367 (VIOLATED)
_06706_/S0                              0.750000    4.456367   -3.706367 (VIOLATED)
_06682_/S0                              0.750000    4.456358   -3.706358 (VIOLATED)
_06705_/S0                              0.750000    4.456361   -3.706361 (VIOLATED)
_06633_/S0                              0.750000    4.456345   -3.706345 (VIOLATED)
_06634_/S0                              0.750000    4.456336   -3.706335 (VIOLATED)
_06701_/S0                              0.750000    4.456332   -3.706332 (VIOLATED)
_06703_/S0                              0.750000    4.456331   -3.706331 (VIOLATED)
_06629_/S0                              0.750000    4.456326   -3.706326 (VIOLATED)
_06631_/S0                              0.750000    4.456312   -3.706312 (VIOLATED)
_06670_/S0                              0.750000    4.456309   -3.706309 (VIOLATED)
_06693_/S0                              0.750000    4.456281   -3.706281 (VIOLATED)
_06694_/S0                              0.750000    4.456283   -3.706283 (VIOLATED)
_06697_/S0                              0.750000    4.456276   -3.706276 (VIOLATED)
_06698_/S0                              0.750000    4.456271   -3.706270 (VIOLATED)
_06669_/S0                              0.750000    4.456262   -3.706262 (VIOLATED)
_06729_/S0                              0.750000    4.456263   -3.706263 (VIOLATED)
_06673_/S0                              0.750000    4.456254   -3.706254 (VIOLATED)
_06653_/S0                              0.750000    4.456249   -3.706249 (VIOLATED)
_06655_/S0                              0.750000    4.456251   -3.706251 (VIOLATED)
_06657_/S0                              0.750000    4.456245   -3.706245 (VIOLATED)
_06645_/S0                              0.750000    4.456239   -3.706239 (VIOLATED)
_06647_/S0                              0.750000    4.456241   -3.706241 (VIOLATED)
_06658_/S0                              0.750000    4.456240   -3.706240 (VIOLATED)
_06674_/S0                              0.750000    4.456243   -3.706243 (VIOLATED)
_06649_/S0                              0.750000    4.456235   -3.706235 (VIOLATED)
_06650_/S0                              0.750000    4.456229   -3.706229 (VIOLATED)
_06790_/S0                              0.750000    4.456231   -3.706231 (VIOLATED)
_06727_/S0                              0.750000    4.456226   -3.706226 (VIOLATED)
_06730_/S0                              0.750000    4.456225   -3.706225 (VIOLATED)
_06789_/S0                              0.750000    4.456221   -3.706221 (VIOLATED)
_06793_/S0                              0.750000    4.456219   -3.706218 (VIOLATED)
_06794_/S0                              0.750000    4.456211   -3.706211 (VIOLATED)
_06869_/S0                              0.750000    4.456208   -3.706208 (VIOLATED)
_06873_/S0                              0.750000    4.456196   -3.706196 (VIOLATED)
_06874_/S0                              0.750000    4.456174   -3.706174 (VIOLATED)
_06725_/S0                              0.750000    4.456156   -3.706156 (VIOLATED)
_06849_/S0                              0.750000    4.456136   -3.706136 (VIOLATED)
_06850_/S0                              0.750000    4.456111   -3.706111 (VIOLATED)
_06751_/S0                              0.750000    4.456072   -3.706072 (VIOLATED)
_06749_/S0                              0.750000    4.456061   -3.706061 (VIOLATED)
_06753_/S0                              0.750000    4.456026   -3.706026 (VIOLATED)
_06754_/S0                              0.750000    4.455963   -3.705963 (VIOLATED)
_06773_/S0                              0.750000    4.455860   -3.705860 (VIOLATED)
_06845_/S0                              0.750000    4.455717   -3.705717 (VIOLATED)
_06871_/S0                              0.750000    4.455719   -3.705719 (VIOLATED)
_06847_/S0                              0.750000    4.455714   -3.705714 (VIOLATED)
_06661_/S0                              0.750000    4.455709   -3.705709 (VIOLATED)
_06662_/S0                              0.750000    4.455698   -3.705698 (VIOLATED)
_06666_/S0                              0.750000    4.455702   -3.705702 (VIOLATED)
_06665_/S0                              0.750000    4.455694   -3.705694 (VIOLATED)
_06833_/S0                              0.750000    4.455681   -3.705681 (VIOLATED)
_06834_/S0                              0.750000    4.455670   -3.705670 (VIOLATED)
_06775_/S0                              0.750000    4.455656   -3.705656 (VIOLATED)
_06777_/S0                              0.750000    4.455655   -3.705655 (VIOLATED)
_06778_/S0                              0.750000    4.455650   -3.705650 (VIOLATED)
_06813_/S0                              0.750000    4.455632   -3.705632 (VIOLATED)
_06717_/S0                              0.750000    4.455615   -3.705615 (VIOLATED)
_06721_/S0                              0.750000    4.455517   -3.705517 (VIOLATED)
_06722_/S0                              0.750000    4.455495   -3.705495 (VIOLATED)
_06718_/S0                              0.750000    4.455419   -3.705419 (VIOLATED)
_06637_/S0                              0.750000    4.455352   -3.705352 (VIOLATED)
_06641_/S0                              0.750000    4.455280   -3.705280 (VIOLATED)
_06638_/S0                              0.750000    4.455276   -3.705276 (VIOLATED)
_06642_/S0                              0.750000    4.455279   -3.705279 (VIOLATED)
_06766_/S0                              0.750000    4.455182   -3.705182 (VIOLATED)
_06769_/S0                              0.750000    4.455178   -3.705178 (VIOLATED)
_06770_/S0                              0.750000    4.455118   -3.705118 (VIOLATED)
_06765_/S0                              0.750000    4.455109   -3.705109 (VIOLATED)
_06737_/S0                              0.750000    4.455039   -3.705039 (VIOLATED)
_06738_/S0                              0.750000    4.454988   -3.704988 (VIOLATED)
_06821_/S0                              0.750000    4.454948   -3.704948 (VIOLATED)
_06823_/S0                              0.750000    4.454947   -3.704947 (VIOLATED)
_06829_/S0                              0.750000    4.454949   -3.704949 (VIOLATED)
_06830_/S0                              0.750000    4.454950   -3.704950 (VIOLATED)
_06861_/S0                              0.750000    4.454941   -3.704941 (VIOLATED)
_06862_/S0                              0.750000    4.454944   -3.704944 (VIOLATED)
_06685_/S0                              0.750000    4.454934   -3.704934 (VIOLATED)
_06686_/S0                              0.750000    4.454937   -3.704937 (VIOLATED)
_06825_/S0                              0.750000    4.454927   -3.704927 (VIOLATED)
_06826_/S0                              0.750000    4.454927   -3.704927 (VIOLATED)
_06838_/S0                              0.750000    4.454929   -3.704929 (VIOLATED)
_06689_/S0                              0.750000    4.454921   -3.704921 (VIOLATED)
_06837_/S0                              0.750000    4.454924   -3.704924 (VIOLATED)
_06865_/S0                              0.750000    4.454926   -3.704925 (VIOLATED)
_06866_/S0                              0.750000    4.454924   -3.704924 (VIOLATED)
_06690_/S0                              0.750000    4.454919   -3.704919 (VIOLATED)
_06841_/S0                              0.750000    4.454915   -3.704915 (VIOLATED)
_06857_/S0                              0.750000    4.454918   -3.704918 (VIOLATED)
_06842_/S0                              0.750000    4.454912   -3.704912 (VIOLATED)
_06858_/S0                              0.750000    4.454913   -3.704913 (VIOLATED)
_06713_/S0                              0.750000    4.454907   -3.704907 (VIOLATED)
_06853_/S0                              0.750000    4.454907   -3.704907 (VIOLATED)
_06854_/S0                              0.750000    4.454907   -3.704907 (VIOLATED)
_06709_/S0                              0.750000    4.454899   -3.704899 (VIOLATED)
_06714_/S0                              0.750000    4.454902   -3.704902 (VIOLATED)
_06710_/S0                              0.750000    4.454898   -3.704898 (VIOLATED)
_06741_/S0                              0.750000    4.454895   -3.704895 (VIOLATED)
_06742_/S0                              0.750000    4.454894   -3.704893 (VIOLATED)
_06814_/S0                              0.750000    4.454896   -3.704896 (VIOLATED)
_06818_/S0                              0.750000    4.454895   -3.704895 (VIOLATED)
_06745_/S0                              0.750000    4.454890   -3.704890 (VIOLATED)
_06746_/S0                              0.750000    4.454889   -3.704889 (VIOLATED)
_06781_/S0                              0.750000    4.454889   -3.704889 (VIOLATED)
_06785_/S0                              0.750000    4.454890   -3.704890 (VIOLATED)
_06817_/S0                              0.750000    4.454890   -3.704890 (VIOLATED)
_06613_/S0                              0.750000    4.454884   -3.704884 (VIOLATED)
_06615_/S0                              0.750000    4.454885   -3.704885 (VIOLATED)
_06617_/S0                              0.750000    4.454884   -3.704884 (VIOLATED)
_06618_/S0                              0.750000    4.454883   -3.704883 (VIOLATED)
_06782_/S0                              0.750000    4.454886   -3.704886 (VIOLATED)
_06786_/S0                              0.750000    4.454888   -3.704888 (VIOLATED)
_06809_/S0                              0.750000    4.454879   -3.704879 (VIOLATED)
_06810_/S0                              0.750000    4.454874   -3.704874 (VIOLATED)
_06805_/S0                              0.750000    4.454868   -3.704868 (VIOLATED)
_06806_/S0                              0.750000    4.454865   -3.704865 (VIOLATED)
_06625_/S0                              0.750000    4.454860   -3.704860 (VIOLATED)
_06626_/S0                              0.750000    4.454859   -3.704859 (VIOLATED)
_06733_/S0                              0.750000    4.454862   -3.704862 (VIOLATED)
_06734_/S0                              0.750000    4.454863   -3.704862 (VIOLATED)
_06761_/S0                              0.750000    4.454857   -3.704857 (VIOLATED)
_06621_/S0                              0.750000    4.454846   -3.704846 (VIOLATED)
_06623_/S0                              0.750000    4.454849   -3.704849 (VIOLATED)
_06762_/S0                              0.750000    4.454842   -3.704842 (VIOLATED)
_06757_/S0                              0.750000    4.454830   -3.704830 (VIOLATED)
_06758_/S0                              0.750000    4.454809   -3.704809 (VIOLATED)
_13254_/Q                               0.750000    4.454795   -3.704795 (VIOLATED)
_06923_/B                               0.750000    3.549832   -2.799832 (VIOLATED)
_06924_/B                               0.750000    3.549833   -2.799832 (VIOLATED)
_06931_/B                               0.750000    3.549833   -2.799833 (VIOLATED)
_06934_/B                               0.750000    3.549834   -2.799834 (VIOLATED)
_06936_/B1                              0.750000    3.549833   -2.799832 (VIOLATED)
_06940_/B                               0.750000    3.549833   -2.799833 (VIOLATED)
_06941_/A2                              0.750000    3.549834   -2.799834 (VIOLATED)
_06943_/B                               0.750000    3.549834   -2.799834 (VIOLATED)
_06945_/B1                              0.750000    3.549833   -2.799833 (VIOLATED)
_06949_/B                               0.750000    3.549834   -2.799834 (VIOLATED)
_06950_/A2                              0.750000    3.549834   -2.799834 (VIOLATED)
_06952_/B                               0.750000    3.549834   -2.799835 (VIOLATED)
_06954_/A2                              0.750000    3.549834   -2.799834 (VIOLATED)
_06955_/A2                              0.750000    3.549834   -2.799835 (VIOLATED)
_06959_/B                               0.750000    3.549834   -2.799834 (VIOLATED)
_06960_/A2                              0.750000    3.549834   -2.799835 (VIOLATED)
_06962_/B                               0.750000    3.549834   -2.799834 (VIOLATED)
_06963_/B                               0.750000    3.549834   -2.799834 (VIOLATED)
_06964_/B                               0.750000    3.549834   -2.799834 (VIOLATED)
_06967_/B1                              0.750000    3.549834   -2.799834 (VIOLATED)
_06973_/B                               0.750000    3.549834   -2.799834 (VIOLATED)
_06611_/Y                               0.750000    3.549827   -2.799827 (VIOLATED)
_06612_/A                               0.750000    3.549827   -2.799827 (VIOLATED)
_06907_/B                               0.750000    3.549827   -2.799827 (VIOLATED)
_06912_/A2                              0.750000    3.549827   -2.799827 (VIOLATED)
_06914_/B                               0.750000    3.549827   -2.799827 (VIOLATED)
_06915_/B1                              0.750000    3.549827   -2.799827 (VIOLATED)
_06920_/B                               0.750000    3.549827   -2.799827 (VIOLATED)
_06921_/A2                              0.750000    3.549827   -2.799827 (VIOLATED)
_06927_/B1                              0.750000    3.549827   -2.799827 (VIOLATED)
_08571_/B                               0.750000    2.878664   -2.128664 (VIOLATED)
_08574_/B                               0.750000    2.878664   -2.128664 (VIOLATED)
_08577_/B                               0.750000    2.878663   -2.128663 (VIOLATED)
_08580_/B                               0.750000    2.878662   -2.128662 (VIOLATED)
_08583_/B                               0.750000    2.878661   -2.128661 (VIOLATED)
_08586_/A                               0.750000    2.878659   -2.128659 (VIOLATED)
_08589_/A                               0.750000    2.878657   -2.128657 (VIOLATED)
_08592_/A                               0.750000    2.878655   -2.128655 (VIOLATED)
_08595_/A                               0.750000    2.878653   -2.128653 (VIOLATED)
_08599_/B1                              0.750000    2.878652   -2.128652 (VIOLATED)
_08602_/B                               0.750000    2.878649   -2.128649 (VIOLATED)
_08606_/A                               0.750000    2.878647   -2.128647 (VIOLATED)
_08609_/A                               0.750000    2.878645   -2.128645 (VIOLATED)
_08612_/A                               0.750000    2.878642   -2.128642 (VIOLATED)
_08615_/A                               0.750000    2.878638   -2.128638 (VIOLATED)
_08619_/A                               0.750000    2.878636   -2.128636 (VIOLATED)
_08622_/B                               0.750000    2.878632   -2.128633 (VIOLATED)
_08626_/A                               0.750000    2.878631   -2.128632 (VIOLATED)
_08630_/A                               0.750000    2.878627   -2.128627 (VIOLATED)
_08634_/A                               0.750000    2.878627   -2.128627 (VIOLATED)
_08637_/A                               0.750000    2.878623   -2.128623 (VIOLATED)
_08641_/A                               0.750000    2.878622   -2.128622 (VIOLATED)
_08645_/A                               0.750000    2.878620   -2.128620 (VIOLATED)
_08649_/A                               0.750000    2.878619   -2.128619 (VIOLATED)
_08654_/A                               0.750000    2.878617   -2.128617 (VIOLATED)
_08658_/A                               0.750000    2.878616   -2.128616 (VIOLATED)
_08662_/A                               0.750000    2.878614   -2.128614 (VIOLATED)
_08568_/Y                               0.750000    2.878610   -2.128610 (VIOLATED)
_08569_/B                               0.750000    2.878610   -2.128610 (VIOLATED)
_08666_/B                               0.750000    2.878610   -2.128610 (VIOLATED)
_08669_/A                               0.750000    2.878610   -2.128610 (VIOLATED)
_08673_/A                               0.750000    2.878610   -2.128610 (VIOLATED)
_08677_/A                               0.750000    2.878610   -2.128610 (VIOLATED)
_06799_/S1                              0.750000    2.865802   -2.115802 (VIOLATED)
_06877_/S1                              0.750000    2.865802   -2.115802 (VIOLATED)
_06878_/S1                              0.750000    2.865800   -2.115800 (VIOLATED)
_06797_/S1                              0.750000    2.865795   -2.115795 (VIOLATED)
_06881_/S1                              0.750000    2.865796   -2.115797 (VIOLATED)
_06801_/S1                              0.750000    2.865794   -2.115794 (VIOLATED)
_06677_/S1                              0.750000    2.865791   -2.115791 (VIOLATED)
_06679_/S1                              0.750000    2.865792   -2.115792 (VIOLATED)
_06802_/S1                              0.750000    2.865792   -2.115792 (VIOLATED)
_06882_/S1                              0.750000    2.865793   -2.115793 (VIOLATED)
_06681_/S1                              0.750000    2.865789   -2.115789 (VIOLATED)
_06706_/S1                              0.750000    2.865788   -2.115788 (VIOLATED)
_06682_/S1                              0.750000    2.865784   -2.115784 (VIOLATED)
_06705_/S1                              0.750000    2.865785   -2.115785 (VIOLATED)
_06633_/S1                              0.750000    2.865777   -2.115777 (VIOLATED)
_06634_/S1                              0.750000    2.865772   -2.115772 (VIOLATED)
_06701_/S1                              0.750000    2.865770   -2.115770 (VIOLATED)
_06703_/S1                              0.750000    2.865769   -2.115769 (VIOLATED)
_06629_/S1                              0.750000    2.865767   -2.115767 (VIOLATED)
_06631_/S1                              0.750000    2.865759   -2.115759 (VIOLATED)
_06670_/S1                              0.750000    2.865758   -2.115758 (VIOLATED)
_06653_/S1                              0.750000    2.865747   -2.115747 (VIOLATED)
_06655_/S1                              0.750000    2.865748   -2.115748 (VIOLATED)
_06657_/S1                              0.750000    2.865745   -2.115745 (VIOLATED)
_06645_/S1                              0.750000    2.865742   -2.115742 (VIOLATED)
_06647_/S1                              0.750000    2.865743   -2.115743 (VIOLATED)
_06658_/S1                              0.750000    2.865742   -2.115742 (VIOLATED)
_06693_/S1                              0.750000    2.865742   -2.115742 (VIOLATED)
_06694_/S1                              0.750000    2.865743   -2.115743 (VIOLATED)
_06649_/S1                              0.750000    2.865740   -2.115740 (VIOLATED)
_06697_/S1                              0.750000    2.865740   -2.115740 (VIOLATED)
_06650_/S1                              0.750000    2.865737   -2.115736 (VIOLATED)
_06698_/S1                              0.750000    2.865736   -2.115736 (VIOLATED)
_06790_/S1                              0.750000    2.865737   -2.115737 (VIOLATED)
_06669_/S1                              0.750000    2.865732   -2.115732 (VIOLATED)
_06729_/S1                              0.750000    2.865733   -2.115733 (VIOLATED)
_06789_/S1                              0.750000    2.865732   -2.115732 (VIOLATED)
_06793_/S1                              0.750000    2.865731   -2.115731 (VIOLATED)
_06673_/S1                              0.750000    2.865727   -2.115728 (VIOLATED)
_06794_/S1                              0.750000    2.865727   -2.115727 (VIOLATED)
_06869_/S1                              0.750000    2.865726   -2.115726 (VIOLATED)
_06674_/S1                              0.750000    2.865722   -2.115722 (VIOLATED)
_06873_/S1                              0.750000    2.865719   -2.115719 (VIOLATED)
_06727_/S1                              0.750000    2.865713   -2.115713 (VIOLATED)
_06730_/S1                              0.750000    2.865713   -2.115713 (VIOLATED)
_06874_/S1                              0.750000    2.865708   -2.115708 (VIOLATED)
_06849_/S1                              0.750000    2.865687   -2.115687 (VIOLATED)
_06725_/S1                              0.750000    2.865676   -2.115676 (VIOLATED)
_06850_/S1                              0.750000    2.865674   -2.115674 (VIOLATED)
_06751_/S1                              0.750000    2.865653   -2.115653 (VIOLATED)
_06749_/S1                              0.750000    2.865617   -2.115617 (VIOLATED)
_06754_/S1                              0.750000    2.865551   -2.115551 (VIOLATED)
_06773_/S1                              0.750000    2.865499   -2.115499 (VIOLATED)
_06717_/S1                              0.750000    2.865381   -2.115380 (VIOLATED)
_06721_/S1                              0.750000    2.865343   -2.115343 (VIOLATED)
_06722_/S1                              0.750000    2.865334   -2.115334 (VIOLATED)
_06637_/S1                              0.750000    2.865280   -2.115280 (VIOLATED)
_06641_/S1                              0.750000    2.865252   -2.115252 (VIOLATED)
_06638_/S1                              0.750000    2.865250   -2.115250 (VIOLATED)
_06642_/S1                              0.750000    2.865252   -2.115252 (VIOLATED)
_06766_/S1                              0.750000    2.865215   -2.115215 (VIOLATED)
_06769_/S1                              0.750000    2.865212   -2.115212 (VIOLATED)
_06770_/S1                              0.750000    2.865190   -2.115190 (VIOLATED)
_06737_/S1                              0.750000    2.865161   -2.115161 (VIOLATED)
_06661_/S1                              0.750000    2.865146   -2.115146 (VIOLATED)
_06845_/S1                              0.750000    2.865148   -2.115148 (VIOLATED)
_06847_/S1                              0.750000    2.865147   -2.115147 (VIOLATED)
_06871_/S1                              0.750000    2.865148   -2.115148 (VIOLATED)
_06666_/S1                              0.750000    2.865145   -2.115145 (VIOLATED)
_06738_/S1                              0.750000    2.865142   -2.115142 (VIOLATED)
_06821_/S1                              0.750000    2.865140   -2.115140 (VIOLATED)
_06829_/S1                              0.750000    2.865142   -2.115142 (VIOLATED)
_06830_/S1                              0.750000    2.865144   -2.115144 (VIOLATED)
_06823_/S1                              0.750000    2.865138   -2.115138 (VIOLATED)
_06862_/S1                              0.750000    2.865135   -2.115135 (VIOLATED)
_06861_/S1                              0.750000    2.865132   -2.115132 (VIOLATED)
_06662_/S1                              0.750000    2.865129   -2.115129 (VIOLATED)
_06665_/S1                              0.750000    2.865129   -2.115129 (VIOLATED)
_06686_/S1                              0.750000    2.865129   -2.115129 (VIOLATED)
_06685_/S1                              0.750000    2.865126   -2.115126 (VIOLATED)
_06825_/S1                              0.750000    2.865126   -2.115126 (VIOLATED)
_06833_/S1                              0.750000    2.865128   -2.115128 (VIOLATED)
_06834_/S1                              0.750000    2.865128   -2.115128 (VIOLATED)
_06826_/S1                              0.750000    2.865125   -2.115125 (VIOLATED)
_06838_/S1                              0.750000    2.865122   -2.115122 (VIOLATED)
_06865_/S1                              0.750000    2.865123   -2.115123 (VIOLATED)
_06866_/S1                              0.750000    2.865122   -2.115122 (VIOLATED)
_06689_/S1                              0.750000    2.865119   -2.115119 (VIOLATED)
_06690_/S1                              0.750000    2.865117   -2.115118 (VIOLATED)
_06837_/S1                              0.750000    2.865119   -2.115119 (VIOLATED)
_06753_/S1                              0.750000    2.865113   -2.115113 (VIOLATED)
_06857_/S1                              0.750000    2.865115   -2.115115 (VIOLATED)
_06775_/S1                              0.750000    2.865113   -2.115113 (VIOLATED)
_06841_/S1                              0.750000    2.865114   -2.115114 (VIOLATED)
_06777_/S1                              0.750000    2.865112   -2.115112 (VIOLATED)
_06778_/S1                              0.750000    2.865112   -2.115112 (VIOLATED)
_06842_/S1                              0.750000    2.865113   -2.115113 (VIOLATED)
_06713_/S1                              0.750000    2.865109   -2.115109 (VIOLATED)
_06813_/S1                              0.750000    2.865110   -2.115110 (VIOLATED)
_06858_/S1                              0.750000    2.865112   -2.115112 (VIOLATED)
_06814_/S1                              0.750000    2.865109   -2.115109 (VIOLATED)
_06714_/S1                              0.750000    2.865107   -2.115107 (VIOLATED)
_06818_/S1                              0.750000    2.865108   -2.115108 (VIOLATED)
_06853_/S1                              0.750000    2.865108   -2.115108 (VIOLATED)
_06741_/S1                              0.750000    2.865106   -2.115106 (VIOLATED)
_06709_/S1                              0.750000    2.865103   -2.115103 (VIOLATED)
_06718_/S1                              0.750000    2.865103   -2.115103 (VIOLATED)
_06742_/S1                              0.750000    2.865105   -2.115105 (VIOLATED)
_06854_/S1                              0.750000    2.865104   -2.115105 (VIOLATED)
_06745_/S1                              0.750000    2.865102   -2.115102 (VIOLATED)
_06785_/S1                              0.750000    2.865102   -2.115102 (VIOLATED)
_06710_/S1                              0.750000    2.865100   -2.115100 (VIOLATED)
_06746_/S1                              0.750000    2.865102   -2.115102 (VIOLATED)
_06786_/S1                              0.750000    2.865101   -2.115101 (VIOLATED)
_06817_/S1                              0.750000    2.865103   -2.115102 (VIOLATED)
_06782_/S1                              0.750000    2.865098   -2.115098 (VIOLATED)
_06781_/S1                              0.750000    2.865095   -2.115095 (VIOLATED)
_06809_/S1                              0.750000    2.865095   -2.115095 (VIOLATED)
_06613_/S1                              0.750000    2.865093   -2.115093 (VIOLATED)
_06615_/S1                              0.750000    2.865094   -2.115094 (VIOLATED)
_06617_/S1                              0.750000    2.865095   -2.115095 (VIOLATED)
_06618_/S1                              0.750000    2.865094   -2.115094 (VIOLATED)
_06762_/S1                              0.750000    2.865091   -2.115091 (VIOLATED)
_06810_/S1                              0.750000    2.865092   -2.115092 (VIOLATED)
_06805_/S1                              0.750000    2.865089   -2.115089 (VIOLATED)
_06806_/S1                              0.750000    2.865086   -2.115086 (VIOLATED)
_06734_/S1                              0.750000    2.865082   -2.115082 (VIOLATED)
_06765_/S1                              0.750000    2.865082   -2.115082 (VIOLATED)
_06621_/S1                              0.750000    2.865078   -2.115078 (VIOLATED)
_06623_/S1                              0.750000    2.865078   -2.115078 (VIOLATED)
_06625_/S1                              0.750000    2.865078   -2.115078 (VIOLATED)
_06626_/S1                              0.750000    2.865078   -2.115078 (VIOLATED)
_06733_/S1                              0.750000    2.865078   -2.115078 (VIOLATED)
_06757_/S1                              0.750000    2.865078   -2.115078 (VIOLATED)
_06758_/S1                              0.750000    2.865078   -2.115078 (VIOLATED)
_06761_/S1                              0.750000    2.865078   -2.115078 (VIOLATED)
_13255_/Q                               0.750000    2.865078   -2.115078 (VIOLATED)
_12402_/A                               0.750000    2.173017   -1.423017 (VIOLATED)
_12454_/A1                              0.750000    2.173017   -1.423017 (VIOLATED)
_12458_/A                               0.750000    2.173018   -1.423018 (VIOLATED)
_12496_/A1                              0.750000    2.173018   -1.423018 (VIOLATED)
_12343_/A                               0.750000    2.173015   -1.423015 (VIOLATED)
_12398_/A1                              0.750000    2.173014   -1.423015 (VIOLATED)
_12275_/A                               0.750000    2.173012   -1.423012 (VIOLATED)
_12339_/A1                              0.750000    2.173011   -1.423011 (VIOLATED)
_12212_/A                               0.750000    2.173008   -1.423008 (VIOLATED)
_12271_/A1                              0.750000    2.173008   -1.423008 (VIOLATED)
_12140_/A                               0.750000    2.173005   -1.423005 (VIOLATED)
_12208_/A1                              0.750000    2.173004   -1.423004 (VIOLATED)
_12072_/A                               0.750000    2.173000   -1.423000 (VIOLATED)
_12136_/A1                              0.750000    2.173001   -1.423001 (VIOLATED)
_11995_/A                               0.750000    2.172997   -1.422997 (VIOLATED)
_12068_/A1                              0.750000    2.172996   -1.422996 (VIOLATED)
_11920_/A                               0.750000    2.172990   -1.422990 (VIOLATED)
_11991_/A1                              0.750000    2.172989   -1.422989 (VIOLATED)
_11667_/A                               0.750000    2.172981   -1.422981 (VIOLATED)
_11752_/A1                              0.750000    2.172979   -1.422979 (VIOLATED)
_11756_/A                               0.750000    2.172975   -1.422975 (VIOLATED)
_11831_/A1                              0.750000    2.172975   -1.422975 (VIOLATED)
_11835_/A                               0.750000    2.172976   -1.422976 (VIOLATED)
_11916_/A1                              0.750000    2.172975   -1.422975 (VIOLATED)
_11481_/A                               0.750000    2.172974   -1.422974 (VIOLATED)
_11577_/A1                              0.750000    2.172974   -1.422974 (VIOLATED)
_11581_/A                               0.750000    2.172974   -1.422974 (VIOLATED)
_11663_/A1                              0.750000    2.172974   -1.422974 (VIOLATED)
_11387_/A                               0.750000    2.172968   -1.422968 (VIOLATED)
_11477_/A1                              0.750000    2.172969   -1.422969 (VIOLATED)
_11283_/Y                               0.750000    2.172961   -1.422961 (VIOLATED)
_11287_/A                               0.750000    2.172961   -1.422961 (VIOLATED)
_11383_/A1                              0.750000    2.172961   -1.422961 (VIOLATED)
_07149_/S                               0.750000    2.095824   -1.345824 (VIOLATED)
_07134_/S                               0.750000    2.095822   -1.345822 (VIOLATED)
_07159_/S                               0.750000    2.095824   -1.345824 (VIOLATED)
_07130_/S                               0.750000    2.095821   -1.345821 (VIOLATED)
_07131_/S                               0.750000    2.095821   -1.345821 (VIOLATED)
_07136_/S                               0.750000    2.095819   -1.345819 (VIOLATED)
_07133_/S                               0.750000    2.095806   -1.345806 (VIOLATED)
_07128_/S                               0.750000    2.095802   -1.345802 (VIOLATED)
_07137_/S                               0.750000    2.095803   -1.345803 (VIOLATED)
_07140_/S                               0.750000    2.095779   -1.345779 (VIOLATED)
_07143_/S                               0.750000    2.095770   -1.345770 (VIOLATED)
_07146_/S                               0.750000    2.095754   -1.345754 (VIOLATED)
_07148_/S                               0.750000    2.095740   -1.345740 (VIOLATED)
_07158_/S                               0.750000    2.095740   -1.345740 (VIOLATED)
_07155_/S                               0.750000    2.095738   -1.345738 (VIOLATED)
_07132_/S                               0.750000    2.095736   -1.345736 (VIOLATED)
_07139_/S                               0.750000    2.095736   -1.345736 (VIOLATED)
_07153_/S                               0.750000    2.095732   -1.345733 (VIOLATED)
_07151_/S                               0.750000    2.095729   -1.345729 (VIOLATED)
_07152_/S                               0.750000    2.095729   -1.345729 (VIOLATED)
_07135_/S                               0.750000    2.095720   -1.345720 (VIOLATED)
_07154_/S                               0.750000    2.095721   -1.345721 (VIOLATED)
_07157_/S                               0.750000    2.095721   -1.345721 (VIOLATED)
_07142_/S                               0.750000    2.095712   -1.345712 (VIOLATED)
_07129_/S                               0.750000    2.095694   -1.345694 (VIOLATED)
_07145_/S                               0.750000    2.095691   -1.345691 (VIOLATED)
_07141_/S                               0.750000    2.095685   -1.345685 (VIOLATED)
_07147_/S                               0.750000    2.095679   -1.345679 (VIOLATED)
_07015_/Y                               0.750000    2.095676   -1.345676 (VIOLATED)
_07016_/S                               0.750000    2.095676   -1.345676 (VIOLATED)
_07138_/S                               0.750000    2.095676   -1.345676 (VIOLATED)
_07144_/S                               0.750000    2.095676   -1.345676 (VIOLATED)
_07150_/S                               0.750000    2.095676   -1.345676 (VIOLATED)
_07156_/S                               0.750000    2.095676   -1.345676 (VIOLATED)
_12982_/S                               0.750000    2.095676   -1.345676 (VIOLATED)
_07292_/S                               0.750000    2.095488   -1.345488 (VIOLATED)
_07302_/S                               0.750000    2.095487   -1.345487 (VIOLATED)
_07277_/S                               0.750000    2.095485   -1.345485 (VIOLATED)
_07273_/S                               0.750000    2.095484   -1.345484 (VIOLATED)
_07274_/S                               0.750000    2.095484   -1.345484 (VIOLATED)
_07279_/S                               0.750000    2.095482   -1.345482 (VIOLATED)
_07276_/S                               0.750000    2.095469   -1.345469 (VIOLATED)
_07271_/S                               0.750000    2.095466   -1.345466 (VIOLATED)
_07280_/S                               0.750000    2.095467   -1.345467 (VIOLATED)
_07283_/S                               0.750000    2.095443   -1.345443 (VIOLATED)
_07286_/S                               0.750000    2.095433   -1.345433 (VIOLATED)
_07289_/S                               0.750000    2.095417   -1.345417 (VIOLATED)
_07291_/S                               0.750000    2.095404   -1.345404 (VIOLATED)
_07301_/S                               0.750000    2.095404   -1.345404 (VIOLATED)
_07298_/S                               0.750000    2.095402   -1.345402 (VIOLATED)
_07275_/S                               0.750000    2.095400   -1.345400 (VIOLATED)
_07282_/S                               0.750000    2.095399   -1.345399 (VIOLATED)
_07296_/S                               0.750000    2.095397   -1.345397 (VIOLATED)
_07294_/S                               0.750000    2.095393   -1.345393 (VIOLATED)
_07295_/S                               0.750000    2.095393   -1.345393 (VIOLATED)
_07278_/S                               0.750000    2.095384   -1.345384 (VIOLATED)
_07297_/S                               0.750000    2.095386   -1.345386 (VIOLATED)
_07300_/S                               0.750000    2.095386   -1.345386 (VIOLATED)
_07285_/S                               0.750000    2.095376   -1.345376 (VIOLATED)
_07272_/S                               0.750000    2.095358   -1.345358 (VIOLATED)
_07288_/S                               0.750000    2.095356   -1.345356 (VIOLATED)
_07284_/S                               0.750000    2.095349   -1.345349 (VIOLATED)
_07290_/S                               0.750000    2.095343   -1.345343 (VIOLATED)
_06994_/Y                               0.750000    2.095340   -1.345340 (VIOLATED)
_06995_/S                               0.750000    2.095340   -1.345340 (VIOLATED)
_07119_/S                               0.750000    2.095340   -1.345340 (VIOLATED)
_07281_/S                               0.750000    2.095340   -1.345340 (VIOLATED)
_07287_/S                               0.750000    2.095340   -1.345340 (VIOLATED)
_07293_/S                               0.750000    2.095340   -1.345340 (VIOLATED)
_07299_/S                               0.750000    2.095340   -1.345340 (VIOLATED)
_07324_/S                               0.750000    2.073045   -1.323046 (VIOLATED)
_07334_/S                               0.750000    2.073045   -1.323045 (VIOLATED)
_07305_/S                               0.750000    2.073042   -1.323043 (VIOLATED)
_07306_/S                               0.750000    2.073043   -1.323043 (VIOLATED)
_07309_/S                               0.750000    2.073043   -1.323043 (VIOLATED)
_07311_/S                               0.750000    2.073041   -1.323041 (VIOLATED)
_07308_/S                               0.750000    2.073028   -1.323028 (VIOLATED)
_07303_/S                               0.750000    2.073025   -1.323025 (VIOLATED)
_07312_/S                               0.750000    2.073026   -1.323026 (VIOLATED)
_07315_/S                               0.750000    2.073004   -1.323004 (VIOLATED)
_07318_/S                               0.750000    2.072994   -1.322994 (VIOLATED)
_07321_/S                               0.750000    2.072982   -1.322982 (VIOLATED)
_07323_/S                               0.750000    2.072971   -1.322971 (VIOLATED)
_07333_/S                               0.750000    2.072970   -1.322970 (VIOLATED)
_07330_/S                               0.750000    2.072969   -1.322969 (VIOLATED)
_07307_/S                               0.750000    2.072967   -1.322967 (VIOLATED)
_07314_/S                               0.750000    2.072965   -1.322965 (VIOLATED)
_07328_/S                               0.750000    2.072963   -1.322963 (VIOLATED)
_07326_/S                               0.750000    2.072960   -1.322960 (VIOLATED)
_07327_/S                               0.750000    2.072960   -1.322960 (VIOLATED)
_07310_/S                               0.750000    2.072952   -1.322952 (VIOLATED)
_07329_/S                               0.750000    2.072953   -1.322953 (VIOLATED)
_07332_/S                               0.750000    2.072953   -1.322953 (VIOLATED)
_07317_/S                               0.750000    2.072944   -1.322944 (VIOLATED)
_07304_/S                               0.750000    2.072927   -1.322927 (VIOLATED)
_07320_/S                               0.750000    2.072927   -1.322927 (VIOLATED)
_07316_/S                               0.750000    2.072920   -1.322920 (VIOLATED)
_06989_/Y                               0.750000    2.072914   -1.322914 (VIOLATED)
_06990_/S                               0.750000    2.072914   -1.322914 (VIOLATED)
_07117_/S                               0.750000    2.072914   -1.322914 (VIOLATED)
_07313_/S                               0.750000    2.072914   -1.322914 (VIOLATED)
_07319_/S                               0.750000    2.072914   -1.322914 (VIOLATED)
_07322_/S                               0.750000    2.072914   -1.322914 (VIOLATED)
_07325_/S                               0.750000    2.072914   -1.322914 (VIOLATED)
_07331_/S                               0.750000    2.072914   -1.322914 (VIOLATED)
_07776_/S                               0.750000    2.069521   -1.319521 (VIOLATED)
_07779_/S                               0.750000    2.069520   -1.319520 (VIOLATED)
_07791_/S                               0.750000    2.069521   -1.319521 (VIOLATED)
_07801_/S                               0.750000    2.069521   -1.319521 (VIOLATED)
_07778_/S                               0.750000    2.069519   -1.319519 (VIOLATED)
_07770_/S                               0.750000    2.069517   -1.319517 (VIOLATED)
_07775_/S                               0.750000    2.069514   -1.319514 (VIOLATED)
_07782_/S                               0.750000    2.069506   -1.319506 (VIOLATED)
_07772_/S                               0.750000    2.069499   -1.319499 (VIOLATED)
_07773_/S                               0.750000    2.069500   -1.319500 (VIOLATED)
_07790_/S                               0.750000    2.069498   -1.319498 (VIOLATED)
_07800_/S                               0.750000    2.069494   -1.319494 (VIOLATED)
_07785_/S                               0.750000    2.069491   -1.319491 (VIOLATED)
_07797_/S                               0.750000    2.069490   -1.319490 (VIOLATED)
_07774_/S                               0.750000    2.069485   -1.319485 (VIOLATED)
_07795_/S                               0.750000    2.069478   -1.319478 (VIOLATED)
_07788_/S                               0.750000    2.069474   -1.319474 (VIOLATED)
_07794_/S                               0.750000    2.069453   -1.319453 (VIOLATED)
_07799_/S                               0.750000    2.069452   -1.319452 (VIOLATED)
_07793_/S                               0.750000    2.069450   -1.319450 (VIOLATED)
_07784_/S                               0.750000    2.069433   -1.319433 (VIOLATED)
_07789_/S                               0.750000    2.069427   -1.319427 (VIOLATED)
_07771_/S                               0.750000    2.069420   -1.319420 (VIOLATED)
_07781_/S                               0.750000    2.069420   -1.319420 (VIOLATED)
_07787_/S                               0.750000    2.069419   -1.319419 (VIOLATED)
_07001_/Y                               0.750000    2.069416   -1.319416 (VIOLATED)
_07002_/S                               0.750000    2.069416   -1.319416 (VIOLATED)
_07122_/S                               0.750000    2.069416   -1.319416 (VIOLATED)
_07777_/S                               0.750000    2.069416   -1.319416 (VIOLATED)
_07780_/S                               0.750000    2.069416   -1.319416 (VIOLATED)
_07783_/S                               0.750000    2.069416   -1.319416 (VIOLATED)
_07786_/S                               0.750000    2.069416   -1.319416 (VIOLATED)
_07792_/S                               0.750000    2.069416   -1.319416 (VIOLATED)
_07796_/S                               0.750000    2.069416   -1.319416 (VIOLATED)
_07798_/S                               0.750000    2.069416   -1.319416 (VIOLATED)
_07808_/S                               0.750000    2.061698   -1.311698 (VIOLATED)
_07833_/S                               0.750000    2.061699   -1.311699 (VIOLATED)
_07810_/S                               0.750000    2.061697   -1.311696 (VIOLATED)
_07804_/S                               0.750000    2.061694   -1.311695 (VIOLATED)
_07805_/S                               0.750000    2.061695   -1.311695 (VIOLATED)
_07822_/S                               0.750000    2.061689   -1.311689 (VIOLATED)
_07832_/S                               0.750000    2.061681   -1.311681 (VIOLATED)
_07811_/S                               0.750000    2.061679   -1.311679 (VIOLATED)
_07823_/S                               0.750000    2.061679   -1.311679 (VIOLATED)
_07802_/S                               0.750000    2.061675   -1.311675 (VIOLATED)
_07829_/S                               0.750000    2.061674   -1.311674 (VIOLATED)
_07807_/S                               0.750000    2.061671   -1.311671 (VIOLATED)
_07814_/S                               0.750000    2.061668   -1.311668 (VIOLATED)
_07806_/S                               0.750000    2.061665   -1.311665 (VIOLATED)
_07817_/S                               0.750000    2.061659   -1.311659 (VIOLATED)
_07827_/S                               0.750000    2.061655   -1.311655 (VIOLATED)
_07820_/S                               0.750000    2.061648   -1.311648 (VIOLATED)
_07826_/S                               0.750000    2.061627   -1.311627 (VIOLATED)
_07825_/S                               0.750000    2.061625   -1.311625 (VIOLATED)
_07831_/S                               0.750000    2.061626   -1.311626 (VIOLATED)
_07816_/S                               0.750000    2.061607   -1.311607 (VIOLATED)
_07821_/S                               0.750000    2.061601   -1.311601 (VIOLATED)
_07803_/S                               0.750000    2.061595   -1.311595 (VIOLATED)
_07813_/S                               0.750000    2.061595   -1.311595 (VIOLATED)
_07819_/S                               0.750000    2.061594   -1.311594 (VIOLATED)
_07003_/Y                               0.750000    2.061591   -1.311591 (VIOLATED)
_07004_/S                               0.750000    2.061591   -1.311591 (VIOLATED)
_07123_/S                               0.750000    2.061591   -1.311591 (VIOLATED)
_07809_/S                               0.750000    2.061591   -1.311591 (VIOLATED)
_07812_/S                               0.750000    2.061591   -1.311591 (VIOLATED)
_07815_/S                               0.750000    2.061591   -1.311591 (VIOLATED)
_07818_/S                               0.750000    2.061591   -1.311591 (VIOLATED)
_07824_/S                               0.750000    2.061591   -1.311591 (VIOLATED)
_07828_/S                               0.750000    2.061591   -1.311591 (VIOLATED)
_07830_/S                               0.750000    2.061591   -1.311591 (VIOLATED)
_07398_/S                               0.750000    2.058095   -1.308095 (VIOLATED)
_07369_/S                               0.750000    2.058094   -1.308094 (VIOLATED)
_07370_/S                               0.750000    2.058095   -1.308095 (VIOLATED)
_07373_/S                               0.750000    2.058095   -1.308095 (VIOLATED)
_07375_/S                               0.750000    2.058092   -1.308092 (VIOLATED)
_07376_/S                               0.750000    2.058089   -1.308089 (VIOLATED)
_07388_/S                               0.750000    2.058090   -1.308090 (VIOLATED)
_07367_/S                               0.750000    2.058086   -1.308086 (VIOLATED)
_07372_/S                               0.750000    2.058084   -1.308084 (VIOLATED)
_07379_/S                               0.750000    2.058073   -1.308073 (VIOLATED)
_07382_/S                               0.750000    2.058055   -1.308055 (VIOLATED)
_07387_/S                               0.750000    2.058049   -1.308049 (VIOLATED)
_07397_/S                               0.750000    2.058048   -1.308048 (VIOLATED)
_07394_/S                               0.750000    2.058046   -1.308046 (VIOLATED)
_07371_/S                               0.750000    2.058044   -1.308044 (VIOLATED)
_07392_/S                               0.750000    2.058040   -1.308040 (VIOLATED)
_07385_/S                               0.750000    2.058035   -1.308035 (VIOLATED)
_07391_/S                               0.750000    2.058015   -1.308015 (VIOLATED)
_07390_/S                               0.750000    2.058014   -1.308014 (VIOLATED)
_07396_/S                               0.750000    2.058015   -1.308015 (VIOLATED)
_07381_/S                               0.750000    2.057996   -1.307996 (VIOLATED)
_07386_/S                               0.750000    2.057991   -1.307991 (VIOLATED)
_07368_/S                               0.750000    2.057986   -1.307986 (VIOLATED)
_07378_/S                               0.750000    2.057986   -1.307986 (VIOLATED)
_07384_/S                               0.750000    2.057986   -1.307986 (VIOLATED)
_06999_/Y                               0.750000    2.057983   -1.307983 (VIOLATED)
_07000_/S                               0.750000    2.057983   -1.307983 (VIOLATED)
_07121_/S                               0.750000    2.057983   -1.307983 (VIOLATED)
_07374_/S                               0.750000    2.057983   -1.307983 (VIOLATED)
_07377_/S                               0.750000    2.057983   -1.307983 (VIOLATED)
_07380_/S                               0.750000    2.057983   -1.307983 (VIOLATED)
_07383_/S                               0.750000    2.057983   -1.307983 (VIOLATED)
_07389_/S                               0.750000    2.057983   -1.307983 (VIOLATED)
_07393_/S                               0.750000    2.057983   -1.307983 (VIOLATED)
_07395_/S                               0.750000    2.057983   -1.307983 (VIOLATED)
_07257_/S                               0.750000    2.056643   -1.306643 (VIOLATED)
_07267_/S                               0.750000    2.056642   -1.306642 (VIOLATED)
_07242_/S                               0.750000    2.056641   -1.306641 (VIOLATED)
_07244_/S                               0.750000    2.056638   -1.306638 (VIOLATED)
_07238_/S                               0.750000    2.056635   -1.306635 (VIOLATED)
_07239_/S                               0.750000    2.056635   -1.306635 (VIOLATED)
_07256_/S                               0.750000    2.056628   -1.306628 (VIOLATED)
_07241_/S                               0.750000    2.056620   -1.306620 (VIOLATED)
_07248_/S                               0.750000    2.056620   -1.306620 (VIOLATED)
_07266_/S                               0.750000    2.056619   -1.306619 (VIOLATED)
_07263_/S                               0.750000    2.056608   -1.306608 (VIOLATED)
_07251_/S                               0.750000    2.056589   -1.306589 (VIOLATED)
_07254_/S                               0.750000    2.056577   -1.306577 (VIOLATED)
_07236_/S                               0.750000    2.056561   -1.306561 (VIOLATED)
_07245_/S                               0.750000    2.056561   -1.306561 (VIOLATED)
_07247_/S                               0.750000    2.056561   -1.306561 (VIOLATED)
_07237_/S                               0.750000    2.056555   -1.306555 (VIOLATED)
_07250_/S                               0.750000    2.056543   -1.306543 (VIOLATED)
_07259_/S                               0.750000    2.056543   -1.306543 (VIOLATED)
_07253_/S                               0.750000    2.056541   -1.306541 (VIOLATED)
_07240_/S                               0.750000    2.056536   -1.306536 (VIOLATED)
_07260_/S                               0.750000    2.056536   -1.306536 (VIOLATED)
_07261_/S                               0.750000    2.056536   -1.306536 (VIOLATED)
_07243_/S                               0.750000    2.056534   -1.306534 (VIOLATED)
_07249_/S                               0.750000    2.056535   -1.306535 (VIOLATED)
_07265_/S                               0.750000    2.056535   -1.306535 (VIOLATED)
_07262_/S                               0.750000    2.056533   -1.306533 (VIOLATED)
_06992_/Y                               0.750000    2.056531   -1.306531 (VIOLATED)
_06993_/S                               0.750000    2.056531   -1.306531 (VIOLATED)
_07118_/S                               0.750000    2.056531   -1.306531 (VIOLATED)
_07246_/S                               0.750000    2.056531   -1.306531 (VIOLATED)
_07252_/S                               0.750000    2.056531   -1.306531 (VIOLATED)
_07255_/S                               0.750000    2.056531   -1.306531 (VIOLATED)
_07258_/S                               0.750000    2.056531   -1.306531 (VIOLATED)
_07264_/S                               0.750000    2.056531   -1.306531 (VIOLATED)
_12989_/S                               0.750000    2.045798   -1.295798 (VIOLATED)
_13014_/S                               0.750000    2.045798   -1.295798 (VIOLATED)
_12991_/S                               0.750000    2.045796   -1.295796 (VIOLATED)
_12985_/S                               0.750000    2.045794   -1.295794 (VIOLATED)
_12986_/S                               0.750000    2.045794   -1.295794 (VIOLATED)
_13003_/S                               0.750000    2.045789   -1.295789 (VIOLATED)
_12988_/S                               0.750000    2.045786   -1.295786 (VIOLATED)
_13013_/S                               0.750000    2.045782   -1.295782 (VIOLATED)
_13010_/S                               0.750000    2.045773   -1.295773 (VIOLATED)
_12987_/S                               0.750000    2.045761   -1.295761 (VIOLATED)
_13008_/S                               0.750000    2.045756   -1.295756 (VIOLATED)
_13007_/S                               0.750000    2.045749   -1.295749 (VIOLATED)
_13012_/S                               0.750000    2.045742   -1.295742 (VIOLATED)
_13004_/S                               0.750000    2.045740   -1.295740 (VIOLATED)
_12983_/S                               0.750000    2.045738   -1.295738 (VIOLATED)
_12992_/S                               0.750000    2.045739   -1.295739 (VIOLATED)
_12990_/S                               0.750000    2.045735   -1.295735 (VIOLATED)
_12995_/S                               0.750000    2.045735   -1.295735 (VIOLATED)
_12998_/S                               0.750000    2.045730   -1.295730 (VIOLATED)
_13001_/S                               0.750000    2.045727   -1.295727 (VIOLATED)
_13009_/S                               0.750000    2.045728   -1.295728 (VIOLATED)
_12993_/S                               0.750000    2.045723   -1.295723 (VIOLATED)
_12994_/S                               0.750000    2.045723   -1.295723 (VIOLATED)
_13011_/S                               0.750000    2.045723   -1.295723 (VIOLATED)
_07010_/S                               0.750000    2.045720   -1.295720 (VIOLATED)
_12984_/S                               0.750000    2.045721   -1.295721 (VIOLATED)
_12997_/S                               0.750000    2.045717   -1.295717 (VIOLATED)
_13000_/S                               0.750000    2.045717   -1.295717 (VIOLATED)
_13005_/S                               0.750000    2.045717   -1.295717 (VIOLATED)
_13006_/S                               0.750000    2.045717   -1.295717 (VIOLATED)
_07009_/Y                               0.750000    2.045715   -1.295715 (VIOLATED)
_07126_/S                               0.750000    2.045715   -1.295715 (VIOLATED)
_12996_/S                               0.750000    2.045715   -1.295715 (VIOLATED)
_12999_/S                               0.750000    2.045715   -1.295715 (VIOLATED)
_13002_/S                               0.750000    2.045715   -1.295715 (VIOLATED)
_07872_/S                               0.750000    2.041212   -1.291212 (VIOLATED)
_07868_/S                               0.750000    2.041210   -1.291210 (VIOLATED)
_07874_/S                               0.750000    2.041211   -1.291211 (VIOLATED)
_07869_/S                               0.750000    2.041209   -1.291209 (VIOLATED)
_07886_/S                               0.750000    2.041202   -1.291201 (VIOLATED)
_07896_/S                               0.750000    2.041194   -1.291194 (VIOLATED)
_07887_/S                               0.750000    2.041190   -1.291190 (VIOLATED)
_07893_/S                               0.750000    2.041189   -1.291189 (VIOLATED)
_07897_/S                               0.750000    2.041189   -1.291190 (VIOLATED)
_07870_/S                               0.750000    2.041186   -1.291186 (VIOLATED)
_07875_/S                               0.750000    2.041186   -1.291186 (VIOLATED)
_07871_/S                               0.750000    2.041184   -1.291184 (VIOLATED)
_07866_/S                               0.750000    2.041182   -1.291182 (VIOLATED)
_07878_/S                               0.750000    2.041178   -1.291178 (VIOLATED)
_07891_/S                               0.750000    2.041178   -1.291178 (VIOLATED)
_07881_/S                               0.750000    2.041174   -1.291174 (VIOLATED)
_07890_/S                               0.750000    2.041173   -1.291172 (VIOLATED)
_07895_/S                               0.750000    2.041169   -1.291170 (VIOLATED)
_07884_/S                               0.750000    2.041168   -1.291168 (VIOLATED)
_07873_/S                               0.750000    2.041161   -1.291161 (VIOLATED)
_07892_/S                               0.750000    2.041162   -1.291162 (VIOLATED)
_07889_/S                               0.750000    2.041158   -1.291158 (VIOLATED)
_07877_/S                               0.750000    2.041156   -1.291156 (VIOLATED)
_07880_/S                               0.750000    2.041155   -1.291155 (VIOLATED)
_07867_/S                               0.750000    2.041153   -1.291153 (VIOLATED)
_07883_/S                               0.750000    2.041151   -1.291151 (VIOLATED)
_07885_/S                               0.750000    2.041151   -1.291151 (VIOLATED)
_06980_/Y                               0.750000    2.041144   -1.291144 (VIOLATED)
_06981_/S                               0.750000    2.041144   -1.291144 (VIOLATED)
_07114_/S                               0.750000    2.041144   -1.291144 (VIOLATED)
_07876_/S                               0.750000    2.041144   -1.291144 (VIOLATED)
_07879_/S                               0.750000    2.041144   -1.291144 (VIOLATED)
_07882_/S                               0.750000    2.041144   -1.291144 (VIOLATED)
_07888_/S                               0.750000    2.041144   -1.291144 (VIOLATED)
_07894_/S                               0.750000    2.041144   -1.291144 (VIOLATED)
_07055_/S                               0.750000    2.034992   -1.284992 (VIOLATED)
_07051_/S                               0.750000    2.034990   -1.284990 (VIOLATED)
_07057_/S                               0.750000    2.034991   -1.284991 (VIOLATED)
_07052_/S                               0.750000    2.034989   -1.284989 (VIOLATED)
_07069_/S                               0.750000    2.034982   -1.284982 (VIOLATED)
_07079_/S                               0.750000    2.034976   -1.284976 (VIOLATED)
_07070_/S                               0.750000    2.034974   -1.284974 (VIOLATED)
_07076_/S                               0.750000    2.034972   -1.284972 (VIOLATED)
_07080_/S                               0.750000    2.034973   -1.284973 (VIOLATED)
_07049_/S                               0.750000    2.034969   -1.284969 (VIOLATED)
_07053_/S                               0.750000    2.034970   -1.284970 (VIOLATED)
_07058_/S                               0.750000    2.034971   -1.284971 (VIOLATED)
_07054_/S                               0.750000    2.034968   -1.284968 (VIOLATED)
_07061_/S                               0.750000    2.034962   -1.284962 (VIOLATED)
_07074_/S                               0.750000    2.034963   -1.284963 (VIOLATED)
_07064_/S                               0.750000    2.034960   -1.284960 (VIOLATED)
_07073_/S                               0.750000    2.034958   -1.284958 (VIOLATED)
_07067_/S                               0.750000    2.034955   -1.284955 (VIOLATED)
_07078_/S                               0.750000    2.034955   -1.284955 (VIOLATED)
_07056_/S                               0.750000    2.034949   -1.284948 (VIOLATED)
_07072_/S                               0.750000    2.034947   -1.284947 (VIOLATED)
_07060_/S                               0.750000    2.034945   -1.284945 (VIOLATED)
_07075_/S                               0.750000    2.034946   -1.284947 (VIOLATED)
_07050_/S                               0.750000    2.034944   -1.284944 (VIOLATED)
_07063_/S                               0.750000    2.034943   -1.284943 (VIOLATED)
_07066_/S                               0.750000    2.034942   -1.284942 (VIOLATED)
_07068_/S                               0.750000    2.034942   -1.284942 (VIOLATED)
_07013_/Y                               0.750000    2.034939   -1.284939 (VIOLATED)
_07014_/S                               0.750000    2.034939   -1.284939 (VIOLATED)
_07059_/S                               0.750000    2.034939   -1.284939 (VIOLATED)
_07062_/S                               0.750000    2.034939   -1.284939 (VIOLATED)
_07065_/S                               0.750000    2.034939   -1.284939 (VIOLATED)
_07071_/S                               0.750000    2.034939   -1.284939 (VIOLATED)
_07077_/S                               0.750000    2.034939   -1.284939 (VIOLATED)
_07127_/S                               0.750000    2.034939   -1.284939 (VIOLATED)
_07023_/S                               0.750000    2.033393   -1.283393 (VIOLATED)
_07019_/S                               0.750000    2.033391   -1.283392 (VIOLATED)
_07025_/S                               0.750000    2.033392   -1.283392 (VIOLATED)
_07020_/S                               0.750000    2.033390   -1.283390 (VIOLATED)
_07037_/S                               0.750000    2.033383   -1.283383 (VIOLATED)
_07047_/S                               0.750000    2.033376   -1.283376 (VIOLATED)
_07038_/S                               0.750000    2.033373   -1.283373 (VIOLATED)
_07044_/S                               0.750000    2.033371   -1.283372 (VIOLATED)
_07048_/S                               0.750000    2.033372   -1.283372 (VIOLATED)
_07017_/S                               0.750000    2.033368   -1.283368 (VIOLATED)
_07021_/S                               0.750000    2.033369   -1.283369 (VIOLATED)
_07026_/S                               0.750000    2.033369   -1.283369 (VIOLATED)
_07022_/S                               0.750000    2.033366   -1.283366 (VIOLATED)
_07042_/S                               0.750000    2.033361   -1.283362 (VIOLATED)
_07029_/S                               0.750000    2.033360   -1.283360 (VIOLATED)
_07032_/S                               0.750000    2.033358   -1.283358 (VIOLATED)
_07041_/S                               0.750000    2.033356   -1.283356 (VIOLATED)
_07035_/S                               0.750000    2.033352   -1.283352 (VIOLATED)
_07046_/S                               0.750000    2.033353   -1.283353 (VIOLATED)
_07024_/S                               0.750000    2.033345   -1.283345 (VIOLATED)
_07040_/S                               0.750000    2.033344   -1.283344 (VIOLATED)
_07043_/S                               0.750000    2.033343   -1.283343 (VIOLATED)
_07028_/S                               0.750000    2.033341   -1.283341 (VIOLATED)
_07018_/S                               0.750000    2.033339   -1.283339 (VIOLATED)
_07031_/S                               0.750000    2.033338   -1.283338 (VIOLATED)
_07034_/S                               0.750000    2.033338   -1.283338 (VIOLATED)
_07036_/S                               0.750000    2.033337   -1.283337 (VIOLATED)
_06977_/Y                               0.750000    2.033333   -1.283333 (VIOLATED)
_06978_/S                               0.750000    2.033333   -1.283333 (VIOLATED)
_07027_/S                               0.750000    2.033333   -1.283333 (VIOLATED)
_07030_/S                               0.750000    2.033333   -1.283333 (VIOLATED)
_07033_/S                               0.750000    2.033333   -1.283333 (VIOLATED)
_07039_/S                               0.750000    2.033333   -1.283333 (VIOLATED)
_07045_/S                               0.750000    2.033333   -1.283333 (VIOLATED)
_07113_/S                               0.750000    2.033333   -1.283333 (VIOLATED)
_07087_/S                               0.750000    2.026365   -1.276365 (VIOLATED)
_07112_/S                               0.750000    2.026366   -1.276366 (VIOLATED)
_07089_/S                               0.750000    2.026363   -1.276363 (VIOLATED)
_07083_/S                               0.750000    2.026361   -1.276361 (VIOLATED)
_07084_/S                               0.750000    2.026361   -1.276361 (VIOLATED)
_07101_/S                               0.750000    2.026355   -1.276355 (VIOLATED)
_07086_/S                               0.750000    2.026349   -1.276349 (VIOLATED)
_07093_/S                               0.750000    2.026349   -1.276348 (VIOLATED)
_07111_/S                               0.750000    2.026348   -1.276348 (VIOLATED)
_07108_/S                               0.750000    2.026336   -1.276336 (VIOLATED)
_07096_/S                               0.750000    2.026325   -1.276325 (VIOLATED)
_07085_/S                               0.750000    2.026320   -1.276320 (VIOLATED)
_07099_/S                               0.750000    2.026313   -1.276313 (VIOLATED)
_07106_/S                               0.750000    2.026313   -1.276313 (VIOLATED)
_07105_/S                               0.750000    2.026301   -1.276301 (VIOLATED)
_07110_/S                               0.750000    2.026292   -1.276292 (VIOLATED)
_07088_/S                               0.750000    2.026281   -1.276281 (VIOLATED)
_07107_/S                               0.750000    2.026271   -1.276271 (VIOLATED)
_07091_/S                               0.750000    2.026264   -1.276264 (VIOLATED)
_07109_/S                               0.750000    2.026264   -1.276264 (VIOLATED)
_07081_/S                               0.750000    2.026262   -1.276262 (VIOLATED)
_07090_/S                               0.750000    2.026262   -1.276262 (VIOLATED)
_07102_/S                               0.750000    2.026262   -1.276262 (VIOLATED)
_07008_/S                               0.750000    2.026260   -1.276260 (VIOLATED)
_07100_/S                               0.750000    2.026258   -1.276259 (VIOLATED)
_07082_/S                               0.750000    2.026257   -1.276257 (VIOLATED)
_07092_/S                               0.750000    2.026257   -1.276257 (VIOLATED)
_07095_/S                               0.750000    2.026255   -1.276255 (VIOLATED)
_07103_/S                               0.750000    2.026256   -1.276256 (VIOLATED)
_07104_/S                               0.750000    2.026255   -1.276255 (VIOLATED)
_07007_/Y                               0.750000    2.026253   -1.276253 (VIOLATED)
_07094_/S                               0.750000    2.026253   -1.276253 (VIOLATED)
_07097_/S                               0.750000    2.026253   -1.276253 (VIOLATED)
_07098_/S                               0.750000    2.026253   -1.276253 (VIOLATED)
_07125_/S                               0.750000    2.026253   -1.276253 (VIOLATED)
_07181_/S                               0.750000    2.000316   -1.250316 (VIOLATED)
_07191_/S                               0.750000    2.000315   -1.250316 (VIOLATED)
_07166_/S                               0.750000    2.000314   -1.250314 (VIOLATED)
_07168_/S                               0.750000    2.000312   -1.250312 (VIOLATED)
_07162_/S                               0.750000    2.000309   -1.250310 (VIOLATED)
_07163_/S                               0.750000    2.000306   -1.250306 (VIOLATED)
_07180_/S                               0.750000    2.000293   -1.250293 (VIOLATED)
_07190_/S                               0.750000    2.000281   -1.250281 (VIOLATED)
_07187_/S                               0.750000    2.000273   -1.250273 (VIOLATED)
_07164_/S                               0.750000    2.000269   -1.250269 (VIOLATED)
_07185_/S                               0.750000    2.000258   -1.250258 (VIOLATED)
_07184_/S                               0.750000    2.000250   -1.250250 (VIOLATED)
_07189_/S                               0.750000    2.000246   -1.250246 (VIOLATED)
_07160_/S                               0.750000    2.000240   -1.250240 (VIOLATED)
_07165_/S                               0.750000    2.000241   -1.250240 (VIOLATED)
_07169_/S                               0.750000    2.000241   -1.250240 (VIOLATED)
_07172_/S                               0.750000    2.000237   -1.250237 (VIOLATED)
_07167_/S                               0.750000    2.000234   -1.250234 (VIOLATED)
_07175_/S                               0.750000    2.000235   -1.250235 (VIOLATED)
_07178_/S                               0.750000    2.000232   -1.250232 (VIOLATED)
_07186_/S                               0.750000    2.000231   -1.250231 (VIOLATED)
_07183_/S                               0.750000    2.000226   -1.250226 (VIOLATED)
_07171_/S                               0.750000    2.000224   -1.250224 (VIOLATED)
_07161_/S                               0.750000    2.000222   -1.250222 (VIOLATED)
_07174_/S                               0.750000    2.000223   -1.250223 (VIOLATED)
_07179_/S                               0.750000    2.000222   -1.250222 (VIOLATED)
_07177_/S                               0.750000    2.000221   -1.250221 (VIOLATED)
_07173_/S                               0.750000    2.000215   -1.250215 (VIOLATED)
_06983_/Y                               0.750000    2.000213   -1.250213 (VIOLATED)
_06984_/S                               0.750000    2.000213   -1.250213 (VIOLATED)
_07115_/S                               0.750000    2.000213   -1.250213 (VIOLATED)
_07170_/S                               0.750000    2.000213   -1.250213 (VIOLATED)
_07176_/S                               0.750000    2.000213   -1.250213 (VIOLATED)
_07182_/S                               0.750000    2.000213   -1.250213 (VIOLATED)
_07188_/S                               0.750000    2.000213   -1.250213 (VIOLATED)
_12340_/A                               0.750000    1.954149   -1.204149 (VIOLATED)
_12341_/B1                              0.750000    1.954149   -1.204149 (VIOLATED)
_12399_/A                               0.750000    1.954150   -1.204150 (VIOLATED)
_12400_/B1                              0.750000    1.954150   -1.204150 (VIOLATED)
_12455_/A                               0.750000    1.954150   -1.204150 (VIOLATED)
_12456_/B1                              0.750000    1.954150   -1.204150 (VIOLATED)
_12272_/A                               0.750000    1.954148   -1.204148 (VIOLATED)
_12273_/B1                              0.750000    1.954148   -1.204148 (VIOLATED)
_12209_/A                               0.750000    1.954147   -1.204147 (VIOLATED)
_12210_/B1                              0.750000    1.954147   -1.204147 (VIOLATED)
_12137_/A                               0.750000    1.954145   -1.204145 (VIOLATED)
_12138_/B1                              0.750000    1.954145   -1.204145 (VIOLATED)
_12069_/A                               0.750000    1.954143   -1.204143 (VIOLATED)
_12070_/B1                              0.750000    1.954143   -1.204143 (VIOLATED)
_11992_/A                               0.750000    1.954141   -1.204141 (VIOLATED)
_11993_/B1                              0.750000    1.954141   -1.204141 (VIOLATED)
_11917_/A                               0.750000    1.954139   -1.204139 (VIOLATED)
_11918_/B1                              0.750000    1.954139   -1.204139 (VIOLATED)
_11579_/A                               0.750000    1.954133   -1.204133 (VIOLATED)
_11665_/A                               0.750000    1.954134   -1.204134 (VIOLATED)
_11666_/A                               0.750000    1.954134   -1.204134 (VIOLATED)
_11580_/A                               0.750000    1.954133   -1.204133 (VIOLATED)
_11754_/A                               0.750000    1.954134   -1.204134 (VIOLATED)
_11755_/A                               0.750000    1.954134   -1.204134 (VIOLATED)
_11832_/A                               0.750000    1.954135   -1.204135 (VIOLATED)
_11833_/B1                              0.750000    1.954135   -1.204135 (VIOLATED)
_11478_/A                               0.750000    1.954130   -1.204130 (VIOLATED)
_11479_/B1                              0.750000    1.954130   -1.204130 (VIOLATED)
_11384_/A                               0.750000    1.954127   -1.204127 (VIOLATED)
_11385_/B1                              0.750000    1.954127   -1.204127 (VIOLATED)
_11179_/Y                               0.750000    1.954124   -1.204124 (VIOLATED)
_11180_/B                               0.750000    1.954124   -1.204124 (VIOLATED)
_11282_/A2                              0.750000    1.954124   -1.204124 (VIOLATED)
_11284_/A                               0.750000    1.954124   -1.204124 (VIOLATED)
_11285_/B1                              0.750000    1.954124   -1.204124 (VIOLATED)
_07961_/S                               0.750000    1.937841   -1.187841 (VIOLATED)
_07971_/S                               0.750000    1.937841   -1.187841 (VIOLATED)
_07973_/A1                              0.750000    1.937842   -1.187842 (VIOLATED)
_07975_/A1                              0.750000    1.937842   -1.187842 (VIOLATED)
_07977_/A1                              0.750000    1.937842   -1.187842 (VIOLATED)
_07981_/A1                              0.750000    1.937838   -1.187838 (VIOLATED)
_07985_/A1                              0.750000    1.937839   -1.187839 (VIOLATED)
_07987_/A1                              0.750000    1.937837   -1.187837 (VIOLATED)
_07979_/A1                              0.750000    1.937834   -1.187834 (VIOLATED)
_07963_/S                               0.750000    1.937829   -1.187829 (VIOLATED)
_07969_/S                               0.750000    1.937829   -1.187829 (VIOLATED)
_07967_/S                               0.750000    1.937826   -1.187826 (VIOLATED)
_07406_/B                               0.750000    1.937820   -1.187820 (VIOLATED)
_07949_/A1                              0.750000    1.937817   -1.187817 (VIOLATED)
_07941_/C1                              0.750000    1.937804   -1.187804 (VIOLATED)
_07909_/A                               0.750000    1.937802   -1.187802 (VIOLATED)
_07905_/A                               0.750000    1.937800   -1.187800 (VIOLATED)
_07906_/A                               0.750000    1.937801   -1.187801 (VIOLATED)
_07907_/A                               0.750000    1.937801   -1.187801 (VIOLATED)
_07908_/A                               0.750000    1.937801   -1.187801 (VIOLATED)
_07910_/A                               0.750000    1.937802   -1.187802 (VIOLATED)
_07911_/A                               0.750000    1.937802   -1.187802 (VIOLATED)
_07912_/A                               0.750000    1.937801   -1.187801 (VIOLATED)
_07938_/C1                              0.750000    1.937800   -1.187800 (VIOLATED)
_07932_/C1                              0.750000    1.937798   -1.187798 (VIOLATED)
_07935_/B1                              0.750000    1.937798   -1.187798 (VIOLATED)
_12808_/A                               0.750000    1.937783   -1.187783 (VIOLATED)
_12822_/A                               0.750000    1.937771   -1.187771 (VIOLATED)
_12806_/A                               0.750000    1.937765   -1.187765 (VIOLATED)
_12821_/A                               0.750000    1.937765   -1.187765 (VIOLATED)
_12807_/A                               0.750000    1.937763   -1.187763 (VIOLATED)
_12809_/A                               0.750000    1.937761   -1.187761 (VIOLATED)
_12823_/A                               0.750000    1.937754   -1.187754 (VIOLATED)
_12824_/A                               0.750000    1.937753   -1.187753 (VIOLATED)
_12825_/A                               0.750000    1.937750   -1.187750 (VIOLATED)
_12820_/A                               0.750000    1.937743   -1.187743 (VIOLATED)
_12819_/A                               0.750000    1.937738   -1.187738 (VIOLATED)
_12818_/A                               0.750000    1.937737   -1.187737 (VIOLATED)
_12816_/A                               0.750000    1.937732   -1.187732 (VIOLATED)
_12810_/A                               0.750000    1.937730   -1.187730 (VIOLATED)
_12815_/A                               0.750000    1.937730   -1.187730 (VIOLATED)
_12817_/A                               0.750000    1.937729   -1.187729 (VIOLATED)
_12813_/A                               0.750000    1.937724   -1.187724 (VIOLATED)
_12814_/A                               0.750000    1.937723   -1.187723 (VIOLATED)
_12827_/A                               0.750000    1.937719   -1.187719 (VIOLATED)
_12812_/A                               0.750000    1.937718   -1.187718 (VIOLATED)
_12826_/A                               0.750000    1.937714   -1.187714 (VIOLATED)
_12828_/A                               0.750000    1.937712   -1.187712 (VIOLATED)
_12811_/A                               0.750000    1.937709   -1.187709 (VIOLATED)
_07904_/A                               0.750000    1.937704   -1.187705 (VIOLATED)
_08246_/A                               0.750000    1.937676   -1.187676 (VIOLATED)
_12526_/A                               0.750000    1.937669   -1.187669 (VIOLATED)
_12551_/B1                              0.750000    1.937669   -1.187669 (VIOLATED)
_12206_/B1                              0.750000    1.937666   -1.187666 (VIOLATED)
_12396_/A                               0.750000    1.937667   -1.187667 (VIOLATED)
_12452_/B1                              0.750000    1.937668   -1.187668 (VIOLATED)
_08679_/A                               0.750000    1.937666   -1.187666 (VIOLATED)
_12835_/A                               0.750000    1.937667   -1.187667 (VIOLATED)
_12134_/B1                              0.750000    1.937664   -1.187664 (VIOLATED)
_11662_/A                               0.750000    1.937654   -1.187654 (VIOLATED)
_12574_/A                               0.750000    1.937649   -1.187649 (VIOLATED)
_10928_/A                               0.750000    1.937638   -1.187638 (VIOLATED)
_10811_/A                               0.750000    1.937633   -1.187634 (VIOLATED)
_12569_/A                               0.750000    1.937633   -1.187633 (VIOLATED)
_12567_/A                               0.750000    1.937624   -1.187624 (VIOLATED)
_10222_/A                               0.750000    1.937622   -1.187622 (VIOLATED)
_07270_/A                               0.750000    1.937618   -1.187618 (VIOLATED)
_12564_/A                               0.750000    1.937617   -1.187618 (VIOLATED)
_12565_/A                               0.750000    1.937618   -1.187618 (VIOLATED)
_12566_/A                               0.750000    1.937617   -1.187618 (VIOLATED)
_12568_/A                               0.750000    1.937617   -1.187618 (VIOLATED)
_12570_/A                               0.750000    1.937618   -1.187618 (VIOLATED)
_12571_/A                               0.750000    1.937618   -1.187618 (VIOLATED)
_12572_/A                               0.750000    1.937618   -1.187618 (VIOLATED)
_12573_/A                               0.750000    1.937618   -1.187618 (VIOLATED)
_12563_/A                               0.750000    1.937616   -1.187616 (VIOLATED)
_12681_/B                               0.750000    1.937616   -1.187616 (VIOLATED)
_12682_/B                               0.750000    1.937616   -1.187616 (VIOLATED)
_12697_/A1                              0.750000    1.937615   -1.187615 (VIOLATED)
_12706_/A1                              0.750000    1.937616   -1.187616 (VIOLATED)
_12711_/A1                              0.750000    1.937616   -1.187616 (VIOLATED)
_12833_/S                               0.750000    1.937616   -1.187616 (VIOLATED)
_07953_/A                               0.750000    1.937613   -1.187613 (VIOLATED)
_08262_/B1                              0.750000    1.937613   -1.187613 (VIOLATED)
_08265_/B1                              0.750000    1.937613   -1.187613 (VIOLATED)
_10110_/A                               0.750000    1.937614   -1.187614 (VIOLATED)
_12562_/A                               0.750000    1.937613   -1.187613 (VIOLATED)
_12831_/S                               0.750000    1.937614   -1.187614 (VIOLATED)
_12832_/S                               0.750000    1.937615   -1.187615 (VIOLATED)
_12829_/S                               0.750000    1.937612   -1.187612 (VIOLATED)
_12830_/S                               0.750000    1.937613   -1.187613 (VIOLATED)
_12892_/A                               0.750000    1.937612   -1.187612 (VIOLATED)
_12561_/A                               0.750000    1.937607   -1.187608 (VIOLATED)
_12676_/B                               0.750000    1.937608   -1.187608 (VIOLATED)
_08247_/A                               0.750000    1.937607   -1.187607 (VIOLATED)
_12755_/A                               0.750000    1.937607   -1.187608 (VIOLATED)
_12891_/A                               0.750000    1.937608   -1.187608 (VIOLATED)
_08252_/B1                              0.750000    1.937606   -1.187606 (VIOLATED)
_08255_/B1                              0.750000    1.937605   -1.187605 (VIOLATED)
_09878_/A                               0.750000    1.937605   -1.187605 (VIOLATED)
_08014_/A                               0.750000    1.937604   -1.187604 (VIOLATED)
_12893_/A                               0.750000    1.937603   -1.187603 (VIOLATED)
_12890_/A                               0.750000    1.937601   -1.187601 (VIOLATED)
_08244_/A                               0.750000    1.937597   -1.187597 (VIOLATED)
_12560_/A                               0.750000    1.937598   -1.187598 (VIOLATED)
_12559_/A                               0.750000    1.937593   -1.187593 (VIOLATED)
_12928_/A                               0.750000    1.937594   -1.187594 (VIOLATED)
_12558_/A                               0.750000    1.937589   -1.187589 (VIOLATED)
_07898_/A                               0.750000    1.937587   -1.187587 (VIOLATED)
_12556_/A                               0.750000    1.937587   -1.187587 (VIOLATED)
_12557_/A                               0.750000    1.937584   -1.187584 (VIOLATED)
_07269_/B                               0.750000    1.937583   -1.187583 (VIOLATED)
_07899_/A                               0.750000    1.937583   -1.187583 (VIOLATED)
_12922_/C1                              0.750000    1.937582   -1.187582 (VIOLATED)
_12933_/C1                              0.750000    1.937582   -1.187582 (VIOLATED)
_12939_/C1                              0.750000    1.937583   -1.187583 (VIOLATED)
_07900_/A                               0.750000    1.937579   -1.187579 (VIOLATED)
_08363_/A                               0.750000    1.937578   -1.187578 (VIOLATED)
_12834_/A                               0.750000    1.937578   -1.187578 (VIOLATED)
_12888_/A                               0.750000    1.937574   -1.187574 (VIOLATED)
_12889_/A                               0.750000    1.937575   -1.187575 (VIOLATED)
_12894_/A                               0.750000    1.937575   -1.187575 (VIOLATED)
_12895_/A                               0.750000    1.937573   -1.187573 (VIOLATED)
_12887_/A                               0.750000    1.937572   -1.187572 (VIOLATED)
_06504_/Y                               0.750000    1.937566   -1.187566 (VIOLATED)
_07229_/B1                              0.750000    1.937566   -1.187566 (VIOLATED)
_07232_/B1                              0.750000    1.937566   -1.187566 (VIOLATED)
_09375_/A                               0.750000    1.937566   -1.187566 (VIOLATED)
_12678_/A                               0.750000    1.937566   -1.187566 (VIOLATED)
_12757_/A                               0.750000    1.937566   -1.187566 (VIOLATED)
_12805_/A                               0.750000    1.937566   -1.187566 (VIOLATED)
_12850_/C1                              0.750000    1.937566   -1.187566 (VIOLATED)
_12880_/A                               0.750000    1.937566   -1.187566 (VIOLATED)
_12881_/A                               0.750000    1.937566   -1.187566 (VIOLATED)
_12882_/A                               0.750000    1.937566   -1.187566 (VIOLATED)
_12883_/A                               0.750000    1.937566   -1.187566 (VIOLATED)
_12884_/A                               0.750000    1.937566   -1.187566 (VIOLATED)
_12885_/A                               0.750000    1.937566   -1.187566 (VIOLATED)
_12886_/A                               0.750000    1.937566   -1.187566 (VIOLATED)
_12896_/A                               0.750000    1.937566   -1.187566 (VIOLATED)
_12897_/A                               0.750000    1.937566   -1.187566 (VIOLATED)
_12898_/A                               0.750000    1.937566   -1.187566 (VIOLATED)
_12899_/A                               0.750000    1.937566   -1.187566 (VIOLATED)
_12900_/A                               0.750000    1.937566   -1.187566 (VIOLATED)
_12901_/A                               0.750000    1.937566   -1.187566 (VIOLATED)
_12902_/A                               0.750000    1.937566   -1.187566 (VIOLATED)
_12909_/A                               0.750000    1.937566   -1.187566 (VIOLATED)
_12955_/C1                              0.750000    1.937566   -1.187566 (VIOLATED)
_12961_/C1                              0.750000    1.937566   -1.187566 (VIOLATED)
_12968_/C1                              0.750000    1.937566   -1.187566 (VIOLATED)
_12975_/C1                              0.750000    1.937566   -1.187566 (VIOLATED)
_12277_/A                               0.750000    1.866690   -1.116690 (VIOLATED)
_12404_/A                               0.750000    1.866691   -1.116691 (VIOLATED)
_12405_/A                               0.750000    1.866691   -1.116691 (VIOLATED)
_12278_/A                               0.750000    1.866690   -1.116690 (VIOLATED)
_12345_/A                               0.750000    1.866690   -1.116690 (VIOLATED)
_12346_/A                               0.750000    1.866691   -1.116691 (VIOLATED)
_12214_/A                               0.750000    1.866688   -1.116688 (VIOLATED)
_12215_/A                               0.750000    1.866687   -1.116687 (VIOLATED)
_12142_/A                               0.750000    1.866685   -1.116685 (VIOLATED)
_12143_/A                               0.750000    1.866684   -1.116684 (VIOLATED)
_12074_/A                               0.750000    1.866681   -1.116681 (VIOLATED)
_12075_/A                               0.750000    1.866681   -1.116681 (VIOLATED)
_11997_/A                               0.750000    1.866678   -1.116678 (VIOLATED)
_11998_/A                               0.750000    1.866678   -1.116678 (VIOLATED)
_11922_/A                               0.750000    1.866675   -1.116676 (VIOLATED)
_11923_/A                               0.750000    1.866675   -1.116675 (VIOLATED)
_11759_/A                               0.750000    1.866673   -1.116673 (VIOLATED)
_11760_/A                               0.750000    1.866673   -1.116673 (VIOLATED)
_11837_/A                               0.750000    1.866672   -1.116672 (VIOLATED)
_11838_/A                               0.750000    1.866672   -1.116672 (VIOLATED)
_11671_/Y                               0.750000    1.866667   -1.116667 (VIOLATED)
_11672_/C                               0.750000    1.866667   -1.116667 (VIOLATED)
_11673_/B1                              0.750000    1.866667   -1.116667 (VIOLATED)
_07769_/B                               0.750000    1.433084   -0.683084 (VIOLATED)
_07748_/Y                               0.750000    1.433083   -0.683083 (VIOLATED)
_07749_/B1                              0.750000    1.433083   -0.683083 (VIOLATED)
_07752_/B1                              0.750000    1.433083   -0.683083 (VIOLATED)
_07755_/B1                              0.750000    1.433083   -0.683083 (VIOLATED)
_07758_/B1                              0.750000    1.433083   -0.683083 (VIOLATED)
_07762_/A                               0.750000    1.433083   -0.683083 (VIOLATED)
_07765_/B                               0.750000    1.433083   -0.683083 (VIOLATED)
_07766_/B                               0.750000    1.433083   -0.683083 (VIOLATED)
_07767_/B1                              0.750000    1.433083   -0.683083 (VIOLATED)
_12760_/B1                              0.750000    1.433083   -0.683083 (VIOLATED)
_12762_/B                               0.750000    1.433083   -0.683083 (VIOLATED)
_12763_/B1                              0.750000    1.433083   -0.683083 (VIOLATED)
_12765_/B1                              0.750000    1.433083   -0.683083 (VIOLATED)
_12767_/B1                              0.750000    1.433083   -0.683083 (VIOLATED)
_12769_/B1                              0.750000    1.433083   -0.683083 (VIOLATED)
_12771_/B1                              0.750000    1.433083   -0.683083 (VIOLATED)
_12774_/B                               0.750000    1.433083   -0.683083 (VIOLATED)
_12775_/B1                              0.750000    1.433083   -0.683083 (VIOLATED)
_12777_/B1                              0.750000    1.433083   -0.683083 (VIOLATED)
_12780_/B                               0.750000    1.433083   -0.683083 (VIOLATED)
_12781_/B1                              0.750000    1.433083   -0.683083 (VIOLATED)
_12783_/B1                              0.750000    1.433083   -0.683083 (VIOLATED)
_12786_/B                               0.750000    1.433083   -0.683083 (VIOLATED)
_12787_/B1                              0.750000    1.433083   -0.683083 (VIOLATED)
_12789_/B1                              0.750000    1.433083   -0.683083 (VIOLATED)
_12792_/B                               0.750000    1.433083   -0.683083 (VIOLATED)
_12793_/B1                              0.750000    1.433083   -0.683083 (VIOLATED)
_12795_/B1                              0.750000    1.433083   -0.683083 (VIOLATED)
_12798_/B                               0.750000    1.433083   -0.683083 (VIOLATED)
_12799_/B1                              0.750000    1.433083   -0.683083 (VIOLATED)
_12801_/B1                              0.750000    1.433083   -0.683083 (VIOLATED)
_12804_/B                               0.750000    1.433083   -0.683083 (VIOLATED)
_06654_/A                               0.750000    1.422567   -0.672567 (VIOLATED)
_06659_/S                               0.750000    1.422567   -0.672567 (VIOLATED)
_06646_/A                               0.750000    1.422566   -0.672566 (VIOLATED)
_06651_/S                               0.750000    1.422566   -0.672566 (VIOLATED)
_06678_/A                               0.750000    1.422564   -0.672564 (VIOLATED)
_06683_/S                               0.750000    1.422564   -0.672564 (VIOLATED)
_06696_/A1                              0.750000    1.422563   -0.672563 (VIOLATED)
_06699_/S                               0.750000    1.422561   -0.672561 (VIOLATED)
_06803_/S                               0.750000    1.422558   -0.672558 (VIOLATED)
_06798_/A                               0.750000    1.422557   -0.672557 (VIOLATED)
_06879_/A                               0.750000    1.422556   -0.672556 (VIOLATED)
_06883_/S                               0.750000    1.422555   -0.672555 (VIOLATED)
_06707_/S                               0.750000    1.422551   -0.672551 (VIOLATED)
_06702_/A                               0.750000    1.422549   -0.672549 (VIOLATED)
_06792_/A1                              0.750000    1.422548   -0.672548 (VIOLATED)
_06672_/A1                              0.750000    1.422547   -0.672547 (VIOLATED)
_06795_/S                               0.750000    1.422547   -0.672547 (VIOLATED)
_06635_/S                               0.750000    1.422543   -0.672543 (VIOLATED)
_06630_/A                               0.750000    1.422540   -0.672540 (VIOLATED)
_06675_/S                               0.750000    1.422538   -0.672538 (VIOLATED)
_06731_/S                               0.750000    1.422519   -0.672520 (VIOLATED)
_06726_/A                               0.750000    1.422504   -0.672504 (VIOLATED)
_06750_/A                               0.750000    1.422472   -0.672472 (VIOLATED)
_06755_/S                               0.750000    1.422461   -0.672461 (VIOLATED)
_06779_/S                               0.750000    1.422440   -0.672440 (VIOLATED)
_06774_/A                               0.750000    1.422428   -0.672428 (VIOLATED)
_06720_/A1                              0.750000    1.422390   -0.672390 (VIOLATED)
_06723_/S                               0.750000    1.422378   -0.672378 (VIOLATED)
_06643_/S                               0.750000    1.422360   -0.672360 (VIOLATED)
_06639_/A                               0.750000    1.422355   -0.672355 (VIOLATED)
_06870_/A                               0.750000    1.422347   -0.672347 (VIOLATED)
_06875_/S                               0.750000    1.422347   -0.672347 (VIOLATED)
_06846_/A                               0.750000    1.422346   -0.672346 (VIOLATED)
_06851_/S                               0.750000    1.422346   -0.672346 (VIOLATED)
_06663_/A                               0.750000    1.422343   -0.672343 (VIOLATED)
_06667_/S                               0.750000    1.422342   -0.672342 (VIOLATED)
_06831_/A                               0.750000    1.422340   -0.672340 (VIOLATED)
_06835_/S                               0.750000    1.422339   -0.672339 (VIOLATED)
_06822_/A                               0.750000    1.422336   -0.672336 (VIOLATED)
_06827_/S                               0.750000    1.422335   -0.672335 (VIOLATED)
_06771_/S                               0.750000    1.422335   -0.672335 (VIOLATED)
_06867_/S                               0.750000    1.422331   -0.672331 (VIOLATED)
_06687_/A                               0.750000    1.422328   -0.672328 (VIOLATED)
_06864_/A1                              0.750000    1.422328   -0.672328 (VIOLATED)
_06507_/A                               0.750000    1.422326   -0.672326 (VIOLATED)
_06614_/A                               0.750000    1.422326   -0.672326 (VIOLATED)
_06619_/S                               0.750000    1.422326   -0.672326 (VIOLATED)
_06622_/A                               0.750000    1.422326   -0.672326 (VIOLATED)
_06627_/S                               0.750000    1.422326   -0.672326 (VIOLATED)
_06691_/S                               0.750000    1.422326   -0.672326 (VIOLATED)
_06711_/A                               0.750000    1.422326   -0.672326 (VIOLATED)
_06715_/S                               0.750000    1.422326   -0.672326 (VIOLATED)
_06735_/A                               0.750000    1.422326   -0.672326 (VIOLATED)
_06739_/S                               0.750000    1.422326   -0.672326 (VIOLATED)
_06744_/A1                              0.750000    1.422326   -0.672326 (VIOLATED)
_06747_/S                               0.750000    1.422326   -0.672326 (VIOLATED)
_06759_/A                               0.750000    1.422326   -0.672326 (VIOLATED)
_06763_/S                               0.750000    1.422326   -0.672326 (VIOLATED)
_06768_/A1                              0.750000    1.422326   -0.672326 (VIOLATED)
_06783_/A                               0.750000    1.422326   -0.672326 (VIOLATED)
_06787_/S                               0.750000    1.422326   -0.672326 (VIOLATED)
_06807_/A                               0.750000    1.422326   -0.672326 (VIOLATED)
_06811_/S                               0.750000    1.422326   -0.672326 (VIOLATED)
_06816_/A1                              0.750000    1.422326   -0.672326 (VIOLATED)
_06819_/S                               0.750000    1.422326   -0.672326 (VIOLATED)
_06840_/A1                              0.750000    1.422326   -0.672326 (VIOLATED)
_06843_/S                               0.750000    1.422326   -0.672326 (VIOLATED)
_06855_/A                               0.750000    1.422326   -0.672326 (VIOLATED)
_06859_/S                               0.750000    1.422326   -0.672326 (VIOLATED)
_13256_/Q                               0.750000    1.422326   -0.672326 (VIOLATED)
_07399_/Y                               0.750000    1.384439   -0.634439 (VIOLATED)
_07405_/B1                              0.750000    1.384439   -0.634439 (VIOLATED)
_07534_/B1                              0.750000    1.384439   -0.634439 (VIOLATED)
_07535_/B1                              0.750000    1.384439   -0.634439 (VIOLATED)
_07536_/B1                              0.750000    1.384439   -0.634439 (VIOLATED)
_07537_/B1                              0.750000    1.384439   -0.634439 (VIOLATED)
_07538_/B1                              0.750000    1.384439   -0.634439 (VIOLATED)
_07539_/B1                              0.750000    1.384439   -0.634439 (VIOLATED)
_07540_/B1                              0.750000    1.384439   -0.634439 (VIOLATED)
_07541_/B1                              0.750000    1.384439   -0.634439 (VIOLATED)
_07542_/B1                              0.750000    1.384439   -0.634439 (VIOLATED)
_07547_/B1                              0.750000    1.384439   -0.634439 (VIOLATED)
_07551_/B1                              0.750000    1.384439   -0.634439 (VIOLATED)
_07555_/B1                              0.750000    1.384439   -0.634439 (VIOLATED)
_07559_/B1                              0.750000    1.384439   -0.634439 (VIOLATED)
_07563_/B1                              0.750000    1.384439   -0.634439 (VIOLATED)
_07568_/B1                              0.750000    1.384439   -0.634439 (VIOLATED)
_07571_/B1                              0.750000    1.384439   -0.634439 (VIOLATED)
_07573_/B1                              0.750000    1.384439   -0.634439 (VIOLATED)
_07575_/B1                              0.750000    1.384439   -0.634439 (VIOLATED)
_07577_/B1                              0.750000    1.384439   -0.634439 (VIOLATED)
_07579_/B1                              0.750000    1.384439   -0.634439 (VIOLATED)
_07581_/B1                              0.750000    1.384439   -0.634439 (VIOLATED)
_07583_/B1                              0.750000    1.384439   -0.634439 (VIOLATED)
_07584_/A2                              0.750000    1.384439   -0.634439 (VIOLATED)
_07586_/B1                              0.750000    1.384439   -0.634439 (VIOLATED)
_07588_/B1                              0.750000    1.384439   -0.634439 (VIOLATED)
_07590_/B1                              0.750000    1.384439   -0.634439 (VIOLATED)
_07591_/A2                              0.750000    1.384439   -0.634439 (VIOLATED)
_07592_/A2                              0.750000    1.384439   -0.634439 (VIOLATED)
_07594_/B1                              0.750000    1.384439   -0.634439 (VIOLATED)
_07596_/B1                              0.750000    1.384439   -0.634439 (VIOLATED)
_07598_/B1                              0.750000    1.384439   -0.634439 (VIOLATED)
_07955_/B                               0.750000    1.384439   -0.634439 (VIOLATED)
_07988_/B                               0.750000    1.384439   -0.634439 (VIOLATED)
_07991_/A2                              0.750000    1.384439   -0.634439 (VIOLATED)
_07995_/A2                              0.750000    1.384439   -0.634439 (VIOLATED)
_07999_/A2                              0.750000    1.384439   -0.634439 (VIOLATED)
_08002_/A2                              0.750000    1.384439   -0.634439 (VIOLATED)
_08005_/A2                              0.750000    1.384439   -0.634439 (VIOLATED)
_08008_/A2                              0.750000    1.384439   -0.634439 (VIOLATED)
_08366_/A                               0.750000    1.366936   -0.616936 (VIOLATED)
_08367_/A                               0.750000    1.366937   -0.616937 (VIOLATED)
_08520_/B1                              0.750000    1.366936   -0.616936 (VIOLATED)
_08365_/A                               0.750000    1.366935   -0.616935 (VIOLATED)
_08525_/A1                              0.750000    1.366935   -0.616935 (VIOLATED)
_08533_/A1                              0.750000    1.366936   -0.616936 (VIOLATED)
_08522_/B1                              0.750000    1.366932   -0.616932 (VIOLATED)
_08370_/A                               0.750000    1.366931   -0.616931 (VIOLATED)
_08371_/A                               0.750000    1.366931   -0.616931 (VIOLATED)
_08509_/A                               0.750000    1.366928   -0.616928 (VIOLATED)
_08510_/A                               0.750000    1.366928   -0.616928 (VIOLATED)
_08512_/A                               0.750000    1.366928   -0.616928 (VIOLATED)
_08518_/B1                              0.750000    1.366928   -0.616928 (VIOLATED)
_08506_/A                               0.750000    1.366927   -0.616927 (VIOLATED)
_08507_/A                               0.750000    1.366927   -0.616927 (VIOLATED)
_08513_/A                               0.750000    1.366927   -0.616927 (VIOLATED)
_08514_/A                               0.750000    1.366927   -0.616927 (VIOLATED)
_08500_/A                               0.750000    1.366924   -0.616924 (VIOLATED)
_08501_/A                               0.750000    1.366924   -0.616924 (VIOLATED)
_08502_/A                               0.750000    1.366924   -0.616924 (VIOLATED)
_08364_/B                               0.750000    1.366923   -0.616923 (VIOLATED)
_08521_/B                               0.750000    1.366923   -0.616923 (VIOLATED)
_08517_/B1                              0.750000    1.366922   -0.616922 (VIOLATED)
_08372_/A                               0.750000    1.366918   -0.616918 (VIOLATED)
_08373_/A                               0.750000    1.366918   -0.616918 (VIOLATED)
_08375_/A                               0.750000    1.366919   -0.616919 (VIOLATED)
_08376_/A                               0.750000    1.366919   -0.616919 (VIOLATED)
_08545_/A1                              0.750000    1.366917   -0.616917 (VIOLATED)
_08490_/A                               0.750000    1.366915   -0.616915 (VIOLATED)
_08484_/A                               0.750000    1.366914   -0.616914 (VIOLATED)
_08486_/A                               0.750000    1.366914   -0.616914 (VIOLATED)
_08487_/A                               0.750000    1.366914   -0.616914 (VIOLATED)
_08495_/B1                              0.750000    1.366914   -0.616914 (VIOLATED)
_08485_/A                               0.750000    1.366912   -0.616913 (VIOLATED)
_08496_/B1                              0.750000    1.366910   -0.616910 (VIOLATED)
_08494_/A1                              0.750000    1.366894   -0.616894 (VIOLATED)
_08476_/A                               0.750000    1.366893   -0.616893 (VIOLATED)
_08481_/A                               0.750000    1.366893   -0.616893 (VIOLATED)
_08480_/A                               0.750000    1.366892   -0.616892 (VIOLATED)
_08493_/B1                              0.750000    1.366884   -0.616884 (VIOLATED)
_08477_/A                               0.750000    1.366883   -0.616883 (VIOLATED)
_08479_/A                               0.750000    1.366883   -0.616883 (VIOLATED)
_08656_/A1                              0.750000    1.366883   -0.616883 (VIOLATED)
_08379_/A                               0.750000    1.366880   -0.616880 (VIOLATED)
_08451_/A                               0.750000    1.366880   -0.616880 (VIOLATED)
_08452_/A                               0.750000    1.366880   -0.616880 (VIOLATED)
_08454_/A                               0.750000    1.366880   -0.616880 (VIOLATED)
_08455_/A                               0.750000    1.366880   -0.616880 (VIOLATED)
_08456_/A                               0.750000    1.366880   -0.616880 (VIOLATED)
_08463_/A                               0.750000    1.366880   -0.616880 (VIOLATED)
_08464_/A                               0.750000    1.366880   -0.616880 (VIOLATED)
_08467_/A                               0.750000    1.366880   -0.616880 (VIOLATED)
_08468_/A                               0.750000    1.366880   -0.616880 (VIOLATED)
_08469_/A                               0.750000    1.366880   -0.616880 (VIOLATED)
_08472_/B1                              0.750000    1.366880   -0.616880 (VIOLATED)
_08474_/B1                              0.750000    1.366880   -0.616880 (VIOLATED)
_13862_/Q                               0.750000    1.366880   -0.616880 (VIOLATED)
_08176_/B1                              0.750000    1.286811   -0.536811 (VIOLATED)
_08181_/B1                              0.750000    1.286811   -0.536811 (VIOLATED)
_08195_/B1                              0.750000    1.286811   -0.536811 (VIOLATED)
_08200_/B1                              0.750000    1.286811   -0.536811 (VIOLATED)
_08157_/B1                              0.750000    1.286810   -0.536810 (VIOLATED)
_08162_/B1                              0.750000    1.286810   -0.536810 (VIOLATED)
_08169_/B1                              0.750000    1.286809   -0.536809 (VIOLATED)
_08188_/B1                              0.750000    1.286810   -0.536810 (VIOLATED)
_08207_/B1                              0.750000    1.286810   -0.536810 (VIOLATED)
_08150_/B1                              0.750000    1.286808   -0.536808 (VIOLATED)
_08143_/B1                              0.750000    1.286807   -0.536807 (VIOLATED)
_08138_/B1                              0.750000    1.286807   -0.536807 (VIOLATED)
_08065_/B1                              0.750000    1.286806   -0.536806 (VIOLATED)
_08077_/B1                              0.750000    1.286806   -0.536806 (VIOLATED)
_08083_/B1                              0.750000    1.286806   -0.536806 (VIOLATED)
_08089_/B1                              0.750000    1.286806   -0.536806 (VIOLATED)
_08040_/Y                               0.750000    1.286804   -0.536804 (VIOLATED)
_08096_/B1                              0.750000    1.286804   -0.536804 (VIOLATED)
_08102_/B1                              0.750000    1.286804   -0.536804 (VIOLATED)
_08107_/B1                              0.750000    1.286804   -0.536804 (VIOLATED)
_08114_/B1                              0.750000    1.286804   -0.536804 (VIOLATED)
_08119_/B1                              0.750000    1.286804   -0.536804 (VIOLATED)
_08125_/B1                              0.750000    1.286804   -0.536804 (VIOLATED)
_08131_/B1                              0.750000    1.286804   -0.536804 (VIOLATED)
_11757_/A1                              0.750000    1.283784   -0.533784 (VIOLATED)
_11492_/A                               0.750000    1.283784   -0.533784 (VIOLATED)
_11582_/A1                              0.750000    1.283784   -0.533784 (VIOLATED)
_11587_/A                               0.750000    1.283784   -0.533784 (VIOLATED)
_11669_/A1                              0.750000    1.283784   -0.533784 (VIOLATED)
_11671_/A                               0.750000    1.283784   -0.533784 (VIOLATED)
_10969_/A                               0.750000    1.283783   -0.533783 (VIOLATED)
_11068_/A1                              0.750000    1.283783   -0.533783 (VIOLATED)
_11082_/A                               0.750000    1.283783   -0.533783 (VIOLATED)
_11398_/A_N                             0.750000    1.283783   -0.533783 (VIOLATED)
_11399_/A                               0.750000    1.283783   -0.533783 (VIOLATED)
_10955_/Y                               0.750000    1.283781   -0.533781 (VIOLATED)
_11184_/A1                              0.750000    1.283781   -0.533781 (VIOLATED)
_11197_/A_N                             0.750000    1.283781   -0.533781 (VIOLATED)
_11198_/A                               0.750000    1.283781   -0.533781 (VIOLATED)
_11298_/A_N                             0.750000    1.283781   -0.533781 (VIOLATED)
_11299_/A                               0.750000    1.283781   -0.533781 (VIOLATED)
_10103_/B1                              0.750000    1.279192   -0.529192 (VIOLATED)
_10104_/A                               0.750000    1.279192   -0.529192 (VIOLATED)
_10212_/A                               0.750000    1.279191   -0.529191 (VIOLATED)
_10224_/A1                              0.750000    1.279191   -0.529191 (VIOLATED)
_10325_/B1                              0.750000    1.279191   -0.529191 (VIOLATED)
_10326_/A                               0.750000    1.279191   -0.529191 (VIOLATED)
_12544_/A                               0.750000    1.279191   -0.529191 (VIOLATED)
_10685_/A1                              0.750000    1.279189   -0.529189 (VIOLATED)
_10684_/A                               0.750000    1.279189   -0.529189 (VIOLATED)
_10805_/A                               0.750000    1.279188   -0.529188 (VIOLATED)
_11824_/A                               0.750000    1.279189   -0.529189 (VIOLATED)
_09999_/Y                               0.750000    1.279186   -0.529186 (VIOLATED)
_10919_/A                               0.750000    1.279186   -0.529186 (VIOLATED)
_10929_/A1                              0.750000    1.279186   -0.529186 (VIOLATED)
_11043_/A                               0.750000    1.279186   -0.529186 (VIOLATED)
_12292_/A                               0.750000    1.231251   -0.481251 (VIOLATED)
_12293_/A                               0.750000    1.231251   -0.481251 (VIOLATED)
_12355_/A_N                             0.750000    1.231250   -0.481250 (VIOLATED)
_12233_/A                               0.750000    1.231249   -0.481250 (VIOLATED)
_12297_/A1                              0.750000    1.231250   -0.481250 (VIOLATED)
_12091_/A1                              0.750000    1.231244   -0.481244 (VIOLATED)
_12092_/B                               0.750000    1.231244   -0.481244 (VIOLATED)
_12158_/B2                              0.750000    1.231244   -0.481244 (VIOLATED)
_12160_/A1                              0.750000    1.231244   -0.481244 (VIOLATED)
_12223_/A1_N                            0.750000    1.231243   -0.481243 (VIOLATED)
_12021_/A                               0.750000    1.231234   -0.481234 (VIOLATED)
_11935_/B2                              0.750000    1.231232   -0.481232 (VIOLATED)
_11937_/A                               0.750000    1.231232   -0.481232 (VIOLATED)
_11854_/A1                              0.750000    1.231225   -0.481225 (VIOLATED)
_11855_/B                               0.750000    1.231224   -0.481224 (VIOLATED)
_11779_/A                               0.750000    1.231217   -0.481217 (VIOLATED)
_11680_/A                               0.750000    1.231200   -0.481200 (VIOLATED)
_11681_/B2                              0.750000    1.231199   -0.481199 (VIOLATED)
_11504_/A                               0.750000    1.231197   -0.481197 (VIOLATED)
_11593_/B                               0.750000    1.231191   -0.481191 (VIOLATED)
_11594_/A1                              0.750000    1.231189   -0.481190 (VIOLATED)
_11486_/A1_N                            0.750000    1.231180   -0.481180 (VIOLATED)
_11407_/A1                              0.750000    1.231179   -0.481179 (VIOLATED)
_11405_/B2                              0.750000    1.231176   -0.481176 (VIOLATED)
_11307_/A1                              0.750000    1.231172   -0.481172 (VIOLATED)
_11306_/B                               0.750000    1.231170   -0.481170 (VIOLATED)
_11205_/A                               0.750000    1.231164   -0.481164 (VIOLATED)
_11072_/A2                              0.750000    1.231159   -0.481159 (VIOLATED)
_11074_/C                               0.750000    1.231159   -0.481159 (VIOLATED)
_10958_/D                               0.750000    1.231158   -0.481158 (VIOLATED)
_10959_/B1                              0.750000    1.231157   -0.481157 (VIOLATED)
_10956_/A2                              0.750000    1.231148   -0.481148 (VIOLATED)
_10835_/B                               0.750000    1.231146   -0.481146 (VIOLATED)
_08901_/D                               0.750000    1.231133   -0.481133 (VIOLATED)
_08903_/B2                              0.750000    1.231133   -0.481133 (VIOLATED)
_09412_/A2                              0.750000    1.231132   -0.481132 (VIOLATED)
_09415_/A                               0.750000    1.231132   -0.481132 (VIOLATED)
_09474_/B                               0.750000    1.231132   -0.481132 (VIOLATED)
_09611_/A2                              0.750000    1.231131   -0.481131 (VIOLATED)
_09613_/D                               0.750000    1.231131   -0.481131 (VIOLATED)
_09614_/B1                              0.750000    1.231131   -0.481131 (VIOLATED)
_09717_/C                               0.750000    1.231130   -0.481130 (VIOLATED)
_09718_/A2                              0.750000    1.231130   -0.481130 (VIOLATED)
_09792_/A2                              0.750000    1.231130   -0.481130 (VIOLATED)
_09793_/B                               0.750000    1.231130   -0.481130 (VIOLATED)
_09885_/B1                              0.750000    1.231130   -0.481130 (VIOLATED)
_09886_/D                               0.750000    1.231130   -0.481130 (VIOLATED)
_10010_/A2                              0.750000    1.231130   -0.481130 (VIOLATED)
_10012_/C                               0.750000    1.231130   -0.481130 (VIOLATED)
_10137_/B                               0.750000    1.231130   -0.481130 (VIOLATED)
_10230_/A2                              0.750000    1.231130   -0.481130 (VIOLATED)
_10251_/D                               0.750000    1.231130   -0.481130 (VIOLATED)
_10252_/B1                              0.750000    1.231130   -0.481130 (VIOLATED)
_10359_/A2                              0.750000    1.231130   -0.481130 (VIOLATED)
_10361_/A1                              0.750000    1.231130   -0.481130 (VIOLATED)
_10458_/B2                              0.750000    1.231130   -0.481130 (VIOLATED)
_10481_/B                               0.750000    1.231130   -0.481130 (VIOLATED)
_10597_/D                               0.750000    1.231130   -0.481130 (VIOLATED)
_10598_/B1                              0.750000    1.231130   -0.481130 (VIOLATED)
_10716_/C                               0.750000    1.231130   -0.481130 (VIOLATED)
_10717_/A2                              0.750000    1.231130   -0.481130 (VIOLATED)
_13495_/Q                               0.750000    1.231130   -0.481130 (VIOLATED)
_12229_/A_N                             0.750000    1.181513   -0.431513 (VIOLATED)
_12164_/A                               0.750000    1.181512   -0.431512 (VIOLATED)
_12165_/A                               0.750000    1.181512   -0.431513 (VIOLATED)
_12096_/A                               0.750000    1.181505   -0.431505 (VIOLATED)
_12168_/A1                              0.750000    1.181504   -0.431504 (VIOLATED)
_12018_/A                               0.750000    1.181495   -0.431495 (VIOLATED)
_12019_/B2                              0.750000    1.181495   -0.431495 (VIOLATED)
_11944_/B                               0.750000    1.181486   -0.431486 (VIOLATED)
_11945_/A1                              0.750000    1.181486   -0.431486 (VIOLATED)
_11865_/A                               0.750000    1.181473   -0.431473 (VIOLATED)
_11778_/A                               0.750000    1.181456   -0.431456 (VIOLATED)
_11777_/B2                              0.750000    1.181455   -0.431455 (VIOLATED)
_11693_/B                               0.750000    1.181450   -0.431450 (VIOLATED)
_11694_/A1                              0.750000    1.181445   -0.431445 (VIOLATED)
_11614_/C                               0.750000    1.181423   -0.431423 (VIOLATED)
_11613_/A1                              0.750000    1.181421   -0.431421 (VIOLATED)
_11312_/A1                              0.750000    1.181356   -0.431356 (VIOLATED)
_11313_/A                               0.750000    1.181352   -0.431352 (VIOLATED)
_10977_/A                               0.750000    1.181336   -0.431336 (VIOLATED)
_11071_/A1                              0.750000    1.181336   -0.431336 (VIOLATED)
_11089_/B                               0.750000    1.181334   -0.431334 (VIOLATED)
_11090_/A1                              0.750000    1.181334   -0.431334 (VIOLATED)
_11502_/A                               0.750000    1.181331   -0.431331 (VIOLATED)
_11503_/B2                              0.750000    1.181331   -0.431331 (VIOLATED)
_11410_/B                               0.750000    1.181329   -0.431329 (VIOLATED)
_11411_/A1                              0.750000    1.181329   -0.431329 (VIOLATED)
_11206_/A                               0.750000    1.181323   -0.431323 (VIOLATED)
_11207_/B2                              0.750000    1.181322   -0.431322 (VIOLATED)
_10836_/C                               0.750000    1.181257   -0.431257 (VIOLATED)
_10837_/A2                              0.750000    1.181256   -0.431256 (VIOLATED)
_10725_/D                               0.750000    1.181218   -0.431218 (VIOLATED)
_10726_/B1                              0.750000    1.181215   -0.431215 (VIOLATED)
_10609_/A2                              0.750000    1.181174   -0.431174 (VIOLATED)
_10610_/B                               0.750000    1.181172   -0.431172 (VIOLATED)
_10479_/C                               0.750000    1.181103   -0.431103 (VIOLATED)
_10480_/A2                              0.750000    1.181089   -0.431089 (VIOLATED)
_10364_/D                               0.750000    1.181059   -0.431059 (VIOLATED)
_10365_/B1                              0.750000    1.181057   -0.431057 (VIOLATED)
_10255_/B                               0.750000    1.181024   -0.431024 (VIOLATED)
_10138_/C                               0.750000    1.180954   -0.430954 (VIOLATED)
_10139_/A2                              0.750000    1.180952   -0.430953 (VIOLATED)
_10056_/B1                              0.750000    1.180914   -0.430914 (VIOLATED)
_10055_/D                               0.750000    1.180912   -0.430912 (VIOLATED)
_10009_/A2                              0.750000    1.180875   -0.430875 (VIOLATED)
_09935_/B                               0.750000    1.180873   -0.430873 (VIOLATED)
_08703_/B2                              0.750000    1.180848   -0.430848 (VIOLATED)
_08704_/B                               0.750000    1.180848   -0.430848 (VIOLATED)
_08680_/A                               0.750000    1.180847   -0.430847 (VIOLATED)
_08681_/A1                              0.750000    1.180847   -0.430847 (VIOLATED)
_08905_/B                               0.750000    1.180846   -0.430846 (VIOLATED)
_09422_/A2                              0.750000    1.180845   -0.430845 (VIOLATED)
_09417_/D                               0.750000    1.180841   -0.430841 (VIOLATED)
_09418_/B1                              0.750000    1.180841   -0.430841 (VIOLATED)
_09475_/C                               0.750000    1.180840   -0.430840 (VIOLATED)
_09476_/A2                              0.750000    1.180840   -0.430840 (VIOLATED)
_09790_/C                               0.750000    1.180839   -0.430839 (VIOLATED)
_09791_/A2                              0.750000    1.180837   -0.430837 (VIOLATED)
_09630_/A2                              0.750000    1.180830   -0.430830 (VIOLATED)
_09631_/B                               0.750000    1.180830   -0.430830 (VIOLATED)
_09731_/D                               0.750000    1.180825   -0.430825 (VIOLATED)
_09732_/B1                              0.750000    1.180825   -0.430825 (VIOLATED)
_13497_/Q                               0.750000    1.180813   -0.430813 (VIOLATED)
_09024_/B                               0.750000    1.180352   -0.430352 (VIOLATED)
_09033_/B2                              0.750000    1.180352   -0.430352 (VIOLATED)
_08978_/A                               0.750000    1.180349   -0.430349 (VIOLATED)
_08986_/A1                              0.750000    1.180349   -0.430349 (VIOLATED)
_08698_/A                               0.750000    1.180345   -0.430345 (VIOLATED)
_08701_/A1                              0.750000    1.180340   -0.430340 (VIOLATED)
_08690_/B2                              0.750000    1.180337   -0.430337 (VIOLATED)
_08689_/B                               0.750000    1.180337   -0.430337 (VIOLATED)
_08685_/A1                              0.750000    1.180330   -0.430330 (VIOLATED)
_08684_/A                               0.750000    1.180329   -0.430329 (VIOLATED)
_08910_/A1                              0.750000    1.180323   -0.430323 (VIOLATED)
_08923_/A2                              0.750000    1.180292   -0.430292 (VIOLATED)
_08924_/B                               0.750000    1.180292   -0.430292 (VIOLATED)
_09432_/D                               0.750000    1.180277   -0.430277 (VIOLATED)
_09433_/B1                              0.750000    1.180277   -0.430277 (VIOLATED)
_09491_/A2                              0.750000    1.180265   -0.430266 (VIOLATED)
_09490_/C                               0.750000    1.180264   -0.430265 (VIOLATED)
_11951_/A                               0.750000    1.180245   -0.430245 (VIOLATED)
_11952_/A                               0.750000    1.180245   -0.430245 (VIOLATED)
_12024_/A_N                             0.750000    1.180246   -0.430246 (VIOLATED)
_11955_/A1                              0.750000    1.180244   -0.430244 (VIOLATED)
_11870_/A                               0.750000    1.180243   -0.430243 (VIOLATED)
_11788_/A                               0.750000    1.180240   -0.430240 (VIOLATED)
_11789_/B2                              0.750000    1.180240   -0.430240 (VIOLATED)
_11704_/A1                              0.750000    1.180238   -0.430238 (VIOLATED)
_11703_/B                               0.750000    1.180237   -0.430237 (VIOLATED)
_11620_/A                               0.750000    1.180231   -0.430231 (VIOLATED)
_09730_/A2                              0.750000    1.180225   -0.430226 (VIOLATED)
_09573_/B                               0.750000    1.180220   -0.430220 (VIOLATED)
_11518_/A                               0.750000    1.180219   -0.430219 (VIOLATED)
_11519_/B2                              0.750000    1.180218   -0.430218 (VIOLATED)
_11424_/B                               0.750000    1.180215   -0.430215 (VIOLATED)
_11425_/A1                              0.750000    1.180215   -0.430215 (VIOLATED)
_09677_/B1                              0.750000    1.180208   -0.430208 (VIOLATED)
_09676_/D                               0.750000    1.180207   -0.430207 (VIOLATED)
_11422_/A1                              0.750000    1.180202   -0.430202 (VIOLATED)
_11325_/A                               0.750000    1.180201   -0.430201 (VIOLATED)
_09827_/A2                              0.750000    1.180192   -0.430192 (VIOLATED)
_09826_/C                               0.750000    1.180191   -0.430191 (VIOLATED)
_11094_/B                               0.750000    1.180191   -0.430191 (VIOLATED)
_11095_/A1                              0.750000    1.180190   -0.430190 (VIOLATED)
_11212_/B2                              0.750000    1.180178   -0.430178 (VIOLATED)
_11211_/A                               0.750000    1.180176   -0.430176 (VIOLATED)
_09940_/B                               0.750000    1.180157   -0.430157 (VIOLATED)
_10853_/A                               0.750000    1.180156   -0.430156 (VIOLATED)
_10854_/B2                              0.750000    1.180155   -0.430155 (VIOLATED)
_10984_/A1_N                            0.750000    1.180155   -0.430155 (VIOLATED)
_10985_/C                               0.750000    1.180155   -0.430155 (VIOLATED)
_10747_/B                               0.750000    1.180138   -0.430138 (VIOLATED)
_10061_/B1                              0.750000    1.180137   -0.430137 (VIOLATED)
_10748_/A1                              0.750000    1.180137   -0.430137 (VIOLATED)
_10060_/D                               0.750000    1.180136   -0.430136 (VIOLATED)
_10724_/A1                              0.750000    1.180123   -0.430123 (VIOLATED)
_10627_/A                               0.750000    1.180118   -0.430118 (VIOLATED)
_10144_/A2                              0.750000    1.180117   -0.430117 (VIOLATED)
_10143_/C                               0.750000    1.180115   -0.430115 (VIOLATED)
_10493_/C                               0.750000    1.180102   -0.430102 (VIOLATED)
_10494_/A2                              0.750000    1.180100   -0.430100 (VIOLATED)
_10376_/D                               0.750000    1.180086   -0.430086 (VIOLATED)
_10377_/B1                              0.750000    1.180086   -0.430086 (VIOLATED)
_10270_/A2                              0.750000    1.180083   -0.430083 (VIOLATED)
_10271_/B                               0.750000    1.180084   -0.430084 (VIOLATED)
_13500_/Q                               0.750000    1.180043   -0.430043 (VIOLATED)
_12163_/A_N                             0.750000    1.164390   -0.414390 (VIOLATED)
_12098_/A                               0.750000    1.164388   -0.414388 (VIOLATED)
_12099_/A                               0.750000    1.164388   -0.414388 (VIOLATED)
_12102_/A1                              0.750000    1.164387   -0.414387 (VIOLATED)
_12023_/A                               0.750000    1.164386   -0.414386 (VIOLATED)
_11866_/B                               0.750000    1.164380   -0.414380 (VIOLATED)
_11867_/A1                              0.750000    1.164379   -0.414379 (VIOLATED)
_11944_/A                               0.750000    1.164376   -0.414377 (VIOLATED)
_11945_/B2                              0.750000    1.164377   -0.414377 (VIOLATED)
_11853_/A1                              0.750000    1.164375   -0.414375 (VIOLATED)
_11787_/A                               0.750000    1.164374   -0.414374 (VIOLATED)
_11693_/A                               0.750000    1.164369   -0.414369 (VIOLATED)
_11694_/B2                              0.750000    1.164365   -0.414365 (VIOLATED)
_11610_/B                               0.750000    1.164357   -0.414357 (VIOLATED)
_11612_/A1                              0.750000    1.164357   -0.414357 (VIOLATED)
_11520_/A1                              0.750000    1.164346   -0.414346 (VIOLATED)
_11521_/A                               0.750000    1.164345   -0.414345 (VIOLATED)
_11410_/A                               0.750000    1.164332   -0.414332 (VIOLATED)
_11411_/B2                              0.750000    1.164331   -0.414331 (VIOLATED)
_11310_/B                               0.750000    1.164327   -0.414327 (VIOLATED)
_11311_/A1                              0.750000    1.164327   -0.414327 (VIOLATED)
_10978_/B                               0.750000    1.164313   -0.414313 (VIOLATED)
_10979_/A1                              0.750000    1.164313   -0.414313 (VIOLATED)
_11089_/A                               0.750000    1.164313   -0.414313 (VIOLATED)
_11210_/A                               0.750000    1.164313   -0.414313 (VIOLATED)
_11090_/B2                              0.750000    1.164313   -0.414313 (VIOLATED)
_10856_/A1                              0.750000    1.164302   -0.414302 (VIOLATED)
_10857_/C                               0.750000    1.164300   -0.414300 (VIOLATED)
_10725_/C                               0.750000    1.164278   -0.414278 (VIOLATED)
_10726_/A2                              0.750000    1.164277   -0.414277 (VIOLATED)
_10607_/D                               0.750000    1.164267   -0.414267 (VIOLATED)
_10608_/B1                              0.750000    1.164267   -0.414267 (VIOLATED)
_08821_/B                               0.750000    1.164257   -0.414257 (VIOLATED)
_08830_/B2                              0.750000    1.164257   -0.414257 (VIOLATED)
_08703_/A1                              0.750000    1.164256   -0.414256 (VIOLATED)
_08704_/A                               0.750000    1.164256   -0.414256 (VIOLATED)
_08686_/A1                              0.750000    1.164255   -0.414255 (VIOLATED)
_08687_/A                               0.750000    1.164255   -0.414255 (VIOLATED)
_10496_/B                               0.750000    1.164254   -0.414254 (VIOLATED)
_09417_/C                               0.750000    1.164253   -0.414254 (VIOLATED)
_09418_/A2                              0.750000    1.164253   -0.414254 (VIOLATED)
_10495_/A2                              0.750000    1.164254   -0.414254 (VIOLATED)
_08906_/D                               0.750000    1.164252   -0.414252 (VIOLATED)
_08907_/B2                              0.750000    1.164252   -0.414252 (VIOLATED)
_09492_/A2                              0.750000    1.164243   -0.414243 (VIOLATED)
_09493_/B                               0.750000    1.164243   -0.414243 (VIOLATED)
_09628_/D                               0.750000    1.164239   -0.414239 (VIOLATED)
_09629_/B1                              0.750000    1.164239   -0.414239 (VIOLATED)
_09731_/C                               0.750000    1.164237   -0.414237 (VIOLATED)
_09732_/A2                              0.750000    1.164236   -0.414236 (VIOLATED)
_10256_/D                               0.750000    1.164235   -0.414235 (VIOLATED)
_10257_/B1                              0.750000    1.164235   -0.414235 (VIOLATED)
_10364_/C                               0.750000    1.164235   -0.414236 (VIOLATED)
_10365_/A2                              0.750000    1.164235   -0.414236 (VIOLATED)
_10142_/B                               0.750000    1.164234   -0.414234 (VIOLATED)
_09825_/B                               0.750000    1.164233   -0.414233 (VIOLATED)
_09883_/A2                              0.750000    1.164233   -0.414233 (VIOLATED)
_09936_/D                               0.750000    1.164233   -0.414233 (VIOLATED)
_09937_/B1                              0.750000    1.164233   -0.414233 (VIOLATED)
_10055_/C                               0.750000    1.164233   -0.414233 (VIOLATED)
_10056_/A2                              0.750000    1.164233   -0.414233 (VIOLATED)
_13498_/Q                               0.750000    1.164233   -0.414233 (VIOLATED)
_12025_/A                               0.750000    1.161218   -0.411218 (VIOLATED)
_12026_/A                               0.750000    1.161218   -0.411218 (VIOLATED)
_12097_/A_N                             0.750000    1.161219   -0.411219 (VIOLATED)
_11949_/A                               0.750000    1.161217   -0.411217 (VIOLATED)
_12029_/A1                              0.750000    1.161217   -0.411217 (VIOLATED)
_11866_/A                               0.750000    1.161214   -0.411214 (VIOLATED)
_11867_/B2                              0.750000    1.161214   -0.411215 (VIOLATED)
_11788_/B                               0.750000    1.161212   -0.411212 (VIOLATED)
_11789_/A1                              0.750000    1.161212   -0.411212 (VIOLATED)
_11702_/A                               0.750000    1.161207   -0.411207 (VIOLATED)
_11610_/A                               0.750000    1.161201   -0.411201 (VIOLATED)
_11612_/B2                              0.750000    1.161200   -0.411200 (VIOLATED)
_11426_/A1                              0.750000    1.161194   -0.411194 (VIOLATED)
_11427_/A                               0.750000    1.161194   -0.411194 (VIOLATED)
_11518_/B                               0.750000    1.161193   -0.411193 (VIOLATED)
_11519_/A1                              0.750000    1.161193   -0.411193 (VIOLATED)
_11310_/A                               0.750000    1.161179   -0.411179 (VIOLATED)
_11311_/B2                              0.750000    1.161178   -0.411178 (VIOLATED)
_11093_/A                               0.750000    1.161171   -0.411171 (VIOLATED)
_11211_/B                               0.750000    1.161171   -0.411171 (VIOLATED)
_11215_/A1                              0.750000    1.161171   -0.411171 (VIOLATED)
_11212_/A1                              0.750000    1.161170   -0.411171 (VIOLATED)
_10978_/A                               0.750000    1.161162   -0.411162 (VIOLATED)
_10979_/B2                              0.750000    1.161162   -0.411162 (VIOLATED)
_10853_/B                               0.750000    1.161153   -0.411153 (VIOLATED)
_10854_/A1                              0.750000    1.161152   -0.411152 (VIOLATED)
_10834_/A1                              0.750000    1.161140   -0.411140 (VIOLATED)
_10746_/A                               0.750000    1.161137   -0.411137 (VIOLATED)
_10607_/C                               0.750000    1.161124   -0.411124 (VIOLATED)
_10608_/A2                              0.750000    1.161124   -0.411124 (VIOLATED)
_10493_/D                               0.750000    1.161116   -0.411116 (VIOLATED)
_10494_/B1                              0.750000    1.161115   -0.411115 (VIOLATED)
_08821_/A                               0.750000    1.161106   -0.411106 (VIOLATED)
_08830_/A1                              0.750000    1.161106   -0.411106 (VIOLATED)
_08978_/B                               0.750000    1.161107   -0.411107 (VIOLATED)
_08986_/B2                              0.750000    1.161107   -0.411107 (VIOLATED)
_08691_/C                               0.750000    1.161106   -0.411106 (VIOLATED)
_08696_/A1_N                            0.750000    1.161106   -0.411106 (VIOLATED)
_10378_/A2                              0.750000    1.161106   -0.411106 (VIOLATED)
_10379_/B                               0.750000    1.161106   -0.411106 (VIOLATED)
_08684_/C                               0.750000    1.161105   -0.411105 (VIOLATED)
_08685_/B1                              0.750000    1.161105   -0.411105 (VIOLATED)
_08910_/A3                              0.750000    1.161104   -0.411104 (VIOLATED)
_08906_/B                               0.750000    1.161103   -0.411103 (VIOLATED)
_08907_/A2                              0.750000    1.161103   -0.411103 (VIOLATED)
_09434_/A2                              0.750000    1.161103   -0.411103 (VIOLATED)
_09435_/B                               0.750000    1.161103   -0.411103 (VIOLATED)
_09490_/D                               0.750000    1.161103   -0.411103 (VIOLATED)
_09491_/B1                              0.750000    1.161103   -0.411103 (VIOLATED)
_09628_/C                               0.750000    1.161103   -0.411103 (VIOLATED)
_09629_/A2                              0.750000    1.161103   -0.411103 (VIOLATED)
_09675_/B                               0.750000    1.161103   -0.411103 (VIOLATED)
_09789_/A2                              0.750000    1.161103   -0.411103 (VIOLATED)
_09826_/D                               0.750000    1.161103   -0.411103 (VIOLATED)
_09827_/B1                              0.750000    1.161103   -0.411103 (VIOLATED)
_09936_/C                               0.750000    1.161103   -0.411103 (VIOLATED)
_09937_/A2                              0.750000    1.161103   -0.411103 (VIOLATED)
_10059_/B                               0.750000    1.161103   -0.411103 (VIOLATED)
_10143_/D                               0.750000    1.161103   -0.411103 (VIOLATED)
_10144_/B1                              0.750000    1.161103   -0.411103 (VIOLATED)
_10256_/C                               0.750000    1.161103   -0.411103 (VIOLATED)
_10257_/A2                              0.750000    1.161103   -0.411103 (VIOLATED)
_13499_/Q                               0.750000    1.161103   -0.411103 (VIOLATED)
_12550_/A1                              0.750000    1.133737   -0.383737 (VIOLATED)
_12553_/A                               0.750000    1.133737   -0.383737 (VIOLATED)
_12552_/A1                              0.750000    1.133736   -0.383736 (VIOLATED)
_12520_/A                               0.750000    1.133735   -0.383735 (VIOLATED)
_12521_/A1                              0.750000    1.133731   -0.383731 (VIOLATED)
_12487_/A                               0.750000    1.133729   -0.383729 (VIOLATED)
_12440_/A                               0.750000    1.133725   -0.383725 (VIOLATED)
_12439_/A                               0.750000    1.133724   -0.383724 (VIOLATED)
_12389_/A                               0.750000    1.133717   -0.383717 (VIOLATED)
_12388_/A                               0.750000    1.133717   -0.383717 (VIOLATED)
_12325_/A                               0.750000    1.133711   -0.383711 (VIOLATED)
_12326_/A                               0.750000    1.133711   -0.383711 (VIOLATED)
_12263_/A                               0.750000    1.133703   -0.383703 (VIOLATED)
_12262_/A                               0.750000    1.133703   -0.383703 (VIOLATED)
_12195_/A                               0.750000    1.133696   -0.383696 (VIOLATED)
_12196_/A                               0.750000    1.133697   -0.383697 (VIOLATED)
_12198_/A1                              0.750000    1.133691   -0.383691 (VIOLATED)
_12129_/A                               0.750000    1.133685   -0.383685 (VIOLATED)
_12056_/A                               0.750000    1.133679   -0.383679 (VIOLATED)
_12057_/A                               0.750000    1.133679   -0.383679 (VIOLATED)
_12059_/A1                              0.750000    1.133674   -0.383674 (VIOLATED)
_11984_/A                               0.750000    1.133669   -0.383669 (VIOLATED)
_11902_/A                               0.750000    1.133661   -0.383661 (VIOLATED)
_11901_/A                               0.750000    1.133661   -0.383661 (VIOLATED)
_11904_/A1                              0.750000    1.133652   -0.383652 (VIOLATED)
_11739_/A                               0.750000    1.133642   -0.383642 (VIOLATED)
_11751_/A1                              0.750000    1.133640   -0.383640 (VIOLATED)
_11740_/A1                              0.750000    1.133632   -0.383632 (VIOLATED)
_11658_/A                               0.750000    1.133629   -0.383629 (VIOLATED)
_11576_/A1                              0.750000    1.133622   -0.383622 (VIOLATED)
_11565_/A                               0.750000    1.133621   -0.383621 (VIOLATED)
_11566_/A1                              0.750000    1.133614   -0.383614 (VIOLATED)
_11471_/A                               0.750000    1.133609   -0.383609 (VIOLATED)
_11382_/A1                              0.750000    1.133603   -0.383603 (VIOLATED)
_11373_/A                               0.750000    1.133602   -0.383602 (VIOLATED)
_10441_/A                               0.750000    1.133577   -0.383577 (VIOLATED)
_10452_/B2                              0.750000    1.133577   -0.383577 (VIOLATED)
_10565_/A                               0.750000    1.133577   -0.383577 (VIOLATED)
_11160_/A1                              0.750000    1.133576   -0.383576 (VIOLATED)
_10683_/A                               0.750000    1.133576   -0.383576 (VIOLATED)
_10920_/B2                              0.750000    1.133575   -0.383575 (VIOLATED)
_10000_/X                               0.750000    1.133571   -0.383571 (VIOLATED)
_12291_/A_N                             0.750000    1.125928   -0.375928 (VIOLATED)
_12230_/A                               0.750000    1.125927   -0.375928 (VIOLATED)
_12231_/A                               0.750000    1.125927   -0.375928 (VIOLATED)
_12235_/A1                              0.750000    1.125925   -0.375925 (VIOLATED)
_12162_/A                               0.750000    1.125924   -0.375924 (VIOLATED)
_12091_/B2                              0.750000    1.125909   -0.375909 (VIOLATED)
_12092_/A                               0.750000    1.125907   -0.375907 (VIOLATED)
_12019_/A1                              0.750000    1.125898   -0.375898 (VIOLATED)
_12018_/B                               0.750000    1.125894   -0.375894 (VIOLATED)
_11947_/A                               0.750000    1.125882   -0.375882 (VIOLATED)
_12008_/A1                              0.750000    1.125881   -0.375881 (VIOLATED)
_11854_/B2                              0.750000    1.125856   -0.375856 (VIOLATED)
_11855_/A                               0.750000    1.125856   -0.375856 (VIOLATED)
_11777_/A1                              0.750000    1.125854   -0.375854 (VIOLATED)
_11778_/B                               0.750000    1.125854   -0.375854 (VIOLATED)
_11695_/A1                              0.750000    1.125843   -0.375843 (VIOLATED)
_11696_/A                               0.750000    1.125843   -0.375843 (VIOLATED)
_11502_/B                               0.750000    1.125788   -0.375788 (VIOLATED)
_11503_/A1                              0.750000    1.125783   -0.375784 (VIOLATED)
_11593_/A                               0.750000    1.125769   -0.375769 (VIOLATED)
_11594_/B2                              0.750000    1.125769   -0.375769 (VIOLATED)
_11409_/A                               0.750000    1.125747   -0.375747 (VIOLATED)
_11306_/A                               0.750000    1.125719   -0.375719 (VIOLATED)
_11307_/B2                              0.750000    1.125719   -0.375719 (VIOLATED)
_11207_/A1                              0.750000    1.125713   -0.375713 (VIOLATED)
_11206_/B                               0.750000    1.125712   -0.375712 (VIOLATED)
_11088_/A                               0.750000    1.125698   -0.375698 (VIOLATED)
_11187_/A1                              0.750000    1.125698   -0.375698 (VIOLATED)
_10958_/C                               0.750000    1.125683   -0.375683 (VIOLATED)
_10959_/A2                              0.750000    1.125682   -0.375682 (VIOLATED)
_10836_/D                               0.750000    1.125645   -0.375645 (VIOLATED)
_10837_/B1                              0.750000    1.125645   -0.375645 (VIOLATED)
_10728_/B                               0.750000    1.125598   -0.375598 (VIOLATED)
_10727_/A2                              0.750000    1.125596   -0.375596 (VIOLATED)
_10597_/C                               0.750000    1.125504   -0.375505 (VIOLATED)
_10598_/A2                              0.750000    1.125504   -0.375504 (VIOLATED)
_10479_/D                               0.750000    1.125484   -0.375484 (VIOLATED)
_10480_/B1                              0.750000    1.125468   -0.375468 (VIOLATED)
_10363_/B                               0.750000    1.125433   -0.375433 (VIOLATED)
_10251_/C                               0.750000    1.125373   -0.375374 (VIOLATED)
_10252_/A2                              0.750000    1.125369   -0.375369 (VIOLATED)
_10139_/B1                              0.750000    1.125330   -0.375330 (VIOLATED)
_10138_/D                               0.750000    1.125328   -0.375328 (VIOLATED)
_10054_/B                               0.750000    1.125289   -0.375289 (VIOLATED)
_10119_/A2                              0.750000    1.125282   -0.375282 (VIOLATED)
_09885_/A2                              0.750000    1.125224   -0.375224 (VIOLATED)
_09886_/C                               0.750000    1.125222   -0.375222 (VIOLATED)
_09790_/D                               0.750000    1.125210   -0.375210 (VIOLATED)
_08680_/C                               0.750000    1.125209   -0.375209 (VIOLATED)
_08681_/B1                              0.750000    1.125209   -0.375209 (VIOLATED)
_08901_/B                               0.750000    1.125208   -0.375208 (VIOLATED)
_08903_/A2                              0.750000    1.125208   -0.375208 (VIOLATED)
_09791_/B1                              0.750000    1.125207   -0.375207 (VIOLATED)
_09419_/A2_N                            0.750000    1.125206   -0.375206 (VIOLATED)
_09420_/D                               0.750000    1.125206   -0.375206 (VIOLATED)
_09475_/D                               0.750000    1.125205   -0.375205 (VIOLATED)
_09476_/B1                              0.750000    1.125205   -0.375205 (VIOLATED)
_09614_/A2                              0.750000    1.125203   -0.375204 (VIOLATED)
_09613_/C                               0.750000    1.125203   -0.375203 (VIOLATED)
_09733_/A2                              0.750000    1.125195   -0.375195 (VIOLATED)
_09734_/B                               0.750000    1.125195   -0.375195 (VIOLATED)
_13496_/Q                               0.750000    1.125182   -0.375182 (VIOLATED)
_09284_/B                               0.750000    1.123650   -0.373650 (VIOLATED)
_09293_/B2                              0.750000    1.123650   -0.373650 (VIOLATED)
_09252_/A                               0.750000    1.123649   -0.373649 (VIOLATED)
_09261_/A1                              0.750000    1.123648   -0.373648 (VIOLATED)
_09170_/A                               0.750000    1.123645   -0.373645 (VIOLATED)
_09127_/B                               0.750000    1.123644   -0.373644 (VIOLATED)
_09129_/B2                              0.750000    1.123644   -0.373644 (VIOLATED)
_09077_/A                               0.750000    1.123641   -0.373641 (VIOLATED)
_09079_/A1                              0.750000    1.123641   -0.373641 (VIOLATED)
_08966_/A                               0.750000    1.123636   -0.373636 (VIOLATED)
_08810_/B2                              0.750000    1.123633   -0.373633 (VIOLATED)
_08808_/B                               0.750000    1.123632   -0.373632 (VIOLATED)
_08751_/A                               0.750000    1.123627   -0.373627 (VIOLATED)
_08753_/A1                              0.750000    1.123627   -0.373627 (VIOLATED)
_08722_/A                               0.750000    1.123618   -0.373618 (VIOLATED)
_08733_/A1                              0.750000    1.123617   -0.373617 (VIOLATED)
_08769_/B                               0.750000    1.123609   -0.373609 (VIOLATED)
_08770_/B2                              0.750000    1.123609   -0.373609 (VIOLATED)
_08845_/A                               0.750000    1.123603   -0.373602 (VIOLATED)
_08846_/A1                              0.750000    1.123603   -0.373602 (VIOLATED)
_08883_/B                               0.750000    1.123597   -0.373597 (VIOLATED)
_09384_/B1                              0.750000    1.123587   -0.373587 (VIOLATED)
_09383_/D                               0.750000    1.123586   -0.373586 (VIOLATED)
_09531_/C                               0.750000    1.123578   -0.373578 (VIOLATED)
_09532_/A2                              0.750000    1.123578   -0.373578 (VIOLATED)
_11341_/A                               0.750000    1.123566   -0.373566 (VIOLATED)
_11439_/A                               0.750000    1.123566   -0.373566 (VIOLATED)
_11440_/A                               0.750000    1.123566   -0.373566 (VIOLATED)
_11533_/A_N                             0.750000    1.123566   -0.373566 (VIOLATED)
_11443_/A1                              0.750000    1.123566   -0.373566 (VIOLATED)
_09590_/B                               0.750000    1.123565   -0.373565 (VIOLATED)
_09691_/A2                              0.750000    1.123565   -0.373565 (VIOLATED)
_11238_/A                               0.750000    1.123564   -0.373564 (VIOLATED)
_11239_/B2                              0.750000    1.123564   -0.373564 (VIOLATED)
_11122_/B                               0.750000    1.123562   -0.373562 (VIOLATED)
_11123_/A1                              0.750000    1.123562   -0.373562 (VIOLATED)
_11109_/A1                              0.750000    1.123560   -0.373560 (VIOLATED)
_11008_/A                               0.750000    1.123559   -0.373559 (VIOLATED)
_09693_/D                               0.750000    1.123556   -0.373556 (VIOLATED)
_09694_/B1                              0.750000    1.123556   -0.373556 (VIOLATED)
_10875_/A                               0.750000    1.123554   -0.373554 (VIOLATED)
_10876_/B2                              0.750000    1.123554   -0.373554 (VIOLATED)
_09843_/C                               0.750000    1.123552   -0.373552 (VIOLATED)
_09844_/A2                              0.750000    1.123552   -0.373552 (VIOLATED)
_09916_/A                               0.750000    1.123552   -0.373552 (VIOLATED)
_10035_/B                               0.750000    1.123552   -0.373552 (VIOLATED)
_10036_/A1                              0.750000    1.123552   -0.373552 (VIOLATED)
_10071_/A1                              0.750000    1.123552   -0.373552 (VIOLATED)
_10176_/A                               0.750000    1.123552   -0.373552 (VIOLATED)
_10177_/B2                              0.750000    1.123552   -0.373552 (VIOLATED)
_10298_/A                               0.750000    1.123552   -0.373552 (VIOLATED)
_10411_/B                               0.750000    1.123552   -0.373552 (VIOLATED)
_10412_/A1                              0.750000    1.123552   -0.373552 (VIOLATED)
_10415_/A1                              0.750000    1.123552   -0.373552 (VIOLATED)
_10517_/A                               0.750000    1.123552   -0.373552 (VIOLATED)
_10518_/B2                              0.750000    1.123552   -0.373552 (VIOLATED)
_10654_/A1                              0.750000    1.123552   -0.373552 (VIOLATED)
_10655_/A                               0.750000    1.123552   -0.373552 (VIOLATED)
_10774_/B                               0.750000    1.123552   -0.373552 (VIOLATED)
_10775_/A1                              0.750000    1.123552   -0.373552 (VIOLATED)
_13506_/Q                               0.750000    1.123552   -0.373552 (VIOLATED)
_11343_/A                               0.750000    1.120453   -0.370453 (VIOLATED)
_11344_/A                               0.750000    1.120453   -0.370453 (VIOLATED)
_11438_/A_N                             0.750000    1.120454   -0.370454 (VIOLATED)
_11242_/A                               0.750000    1.120453   -0.370453 (VIOLATED)
_11347_/A1                              0.750000    1.120453   -0.370453 (VIOLATED)
_09315_/B                               0.750000    1.120451   -0.370451 (VIOLATED)
_09320_/B2                              0.750000    1.120451   -0.370451 (VIOLATED)
_09284_/A                               0.750000    1.120450   -0.370450 (VIOLATED)
_09293_/A1                              0.750000    1.120450   -0.370450 (VIOLATED)
_11122_/A                               0.750000    1.120450   -0.370450 (VIOLATED)
_11123_/B2                              0.750000    1.120450   -0.370450 (VIOLATED)
_09210_/A                               0.750000    1.120448   -0.370448 (VIOLATED)
_11009_/B                               0.750000    1.120448   -0.370448 (VIOLATED)
_11010_/A1                              0.750000    1.120448   -0.370448 (VIOLATED)
_09169_/B                               0.750000    1.120447   -0.370447 (VIOLATED)
_09171_/B2                              0.750000    1.120447   -0.370447 (VIOLATED)
_09127_/A                               0.750000    1.120446   -0.370446 (VIOLATED)
_09129_/A1                              0.750000    1.120446   -0.370446 (VIOLATED)
_09013_/A                               0.750000    1.120443   -0.370443 (VIOLATED)
_09016_/A1                              0.750000    1.120443   -0.370443 (VIOLATED)
_10883_/A                               0.750000    1.120442   -0.370442 (VIOLATED)
_08965_/B                               0.750000    1.120440   -0.370440 (VIOLATED)
_08967_/B2                              0.750000    1.120440   -0.370440 (VIOLATED)
_08808_/A                               0.750000    1.120438   -0.370438 (VIOLATED)
_08810_/A1                              0.750000    1.120438   -0.370438 (VIOLATED)
_10774_/A                               0.750000    1.120437   -0.370437 (VIOLATED)
_10652_/B                               0.750000    1.120436   -0.370436 (VIOLATED)
_10653_/A1                              0.750000    1.120436   -0.370436 (VIOLATED)
_10775_/B2                              0.750000    1.120437   -0.370437 (VIOLATED)
_08745_/A                               0.750000    1.120434   -0.370434 (VIOLATED)
_08748_/A1                              0.750000    1.120433   -0.370433 (VIOLATED)
_10651_/A1                              0.750000    1.120431   -0.370431 (VIOLATED)
_10534_/A                               0.750000    1.120430   -0.370430 (VIOLATED)
_08723_/B                               0.750000    1.120428   -0.370428 (VIOLATED)
_08724_/B2                              0.750000    1.120428   -0.370428 (VIOLATED)
_08769_/A                               0.750000    1.120423   -0.370423 (VIOLATED)
_08770_/A1                              0.750000    1.120423   -0.370423 (VIOLATED)
_10411_/A                               0.750000    1.120422   -0.370422 (VIOLATED)
_10412_/B2                              0.750000    1.120422   -0.370422 (VIOLATED)
_08849_/A                               0.750000    1.120417   -0.370417 (VIOLATED)
_08884_/D                               0.750000    1.120417   -0.370417 (VIOLATED)
_08885_/B2                              0.750000    1.120417   -0.370417 (VIOLATED)
_10299_/B                               0.750000    1.120417   -0.370417 (VIOLATED)
_10300_/A1                              0.750000    1.120417   -0.370417 (VIOLATED)
_10303_/A1                              0.750000    1.120413   -0.370413 (VIOLATED)
_10180_/A                               0.750000    1.120412   -0.370412 (VIOLATED)
_09384_/A2                              0.750000    1.120412   -0.370412 (VIOLATED)
_09383_/C                               0.750000    1.120411   -0.370411 (VIOLATED)
_09515_/B                               0.750000    1.120410   -0.370410 (VIOLATED)
_09589_/A2                              0.750000    1.120410   -0.370410 (VIOLATED)
_09591_/D                               0.750000    1.120410   -0.370410 (VIOLATED)
_09592_/B1                              0.750000    1.120410   -0.370410 (VIOLATED)
_09693_/C                               0.750000    1.120410   -0.370410 (VIOLATED)
_09694_/A2                              0.750000    1.120410   -0.370410 (VIOLATED)
_09815_/A                               0.750000    1.120410   -0.370410 (VIOLATED)
_09917_/B                               0.750000    1.120410   -0.370410 (VIOLATED)
_09918_/A1                              0.750000    1.120410   -0.370410 (VIOLATED)
_09952_/A1                              0.750000    1.120410   -0.370410 (VIOLATED)
_10035_/A                               0.750000    1.120410   -0.370410 (VIOLATED)
_10036_/B2                              0.750000    1.120410   -0.370410 (VIOLATED)
_13507_/Q                               0.750000    1.120410   -0.370410 (VIOLATED)
_09074_/B                               0.750000    1.119498   -0.369498 (VIOLATED)
_09083_/B2                              0.750000    1.119498   -0.369498 (VIOLATED)
_09024_/A                               0.750000    1.119496   -0.369496 (VIOLATED)
_09033_/A1                              0.750000    1.119496   -0.369496 (VIOLATED)
_08825_/A                               0.750000    1.119492   -0.369492 (VIOLATED)
_08828_/A1                              0.750000    1.119491   -0.369491 (VIOLATED)
_08697_/B                               0.750000    1.119485   -0.369485 (VIOLATED)
_08699_/B2                              0.750000    1.119485   -0.369485 (VIOLATED)
_08689_/A                               0.750000    1.119483   -0.369483 (VIOLATED)
_08690_/A1                              0.750000    1.119483   -0.369483 (VIOLATED)
_08781_/A                               0.750000    1.119462   -0.369462 (VIOLATED)
_08780_/A1                              0.750000    1.119460   -0.369460 (VIOLATED)
_08922_/B2                              0.750000    1.119454   -0.369454 (VIOLATED)
_08921_/D                               0.750000    1.119453   -0.369453 (VIOLATED)
_11872_/A                               0.750000    1.119448   -0.369448 (VIOLATED)
_11873_/A                               0.750000    1.119448   -0.369448 (VIOLATED)
_11950_/A_N                             0.750000    1.119448   -0.369448 (VIOLATED)
_11792_/A                               0.750000    1.119446   -0.369446 (VIOLATED)
_11876_/A1                              0.750000    1.119447   -0.369447 (VIOLATED)
_09433_/A2                              0.750000    1.119446   -0.369446 (VIOLATED)
_09432_/C                               0.750000    1.119446   -0.369446 (VIOLATED)
_11704_/B2                              0.750000    1.119444   -0.369444 (VIOLATED)
_11703_/A                               0.750000    1.119444   -0.369444 (VIOLATED)
_11622_/A1                              0.750000    1.119441   -0.369441 (VIOLATED)
_11621_/B                               0.750000    1.119440   -0.369440 (VIOLATED)
_11527_/A                               0.750000    1.119436   -0.369436 (VIOLATED)
_11609_/A1                              0.750000    1.119435   -0.369435 (VIOLATED)
_11424_/A                               0.750000    1.119431   -0.369431 (VIOLATED)
_09627_/A2                              0.750000    1.119430   -0.369430 (VIOLATED)
_11425_/B2                              0.750000    1.119429   -0.369429 (VIOLATED)
_09525_/B                               0.750000    1.119427   -0.369427 (VIOLATED)
_11226_/A                               0.750000    1.119422   -0.369422 (VIOLATED)
_11323_/A1                              0.750000    1.119422   -0.369422 (VIOLATED)
_11326_/B                               0.750000    1.119420   -0.369420 (VIOLATED)
_11327_/A1                              0.750000    1.119420   -0.369420 (VIOLATED)
_09574_/D                               0.750000    1.119413   -0.369413 (VIOLATED)
_11094_/A                               0.750000    1.119414   -0.369414 (VIOLATED)
_11095_/B2                              0.750000    1.119414   -0.369414 (VIOLATED)
_09575_/B1                              0.750000    1.119413   -0.369413 (VIOLATED)
_09677_/A2                              0.750000    1.119404   -0.369405 (VIOLATED)
_09676_/C                               0.750000    1.119404   -0.369404 (VIOLATED)
_10982_/B                               0.750000    1.119401   -0.369401 (VIOLATED)
_10983_/A1                              0.750000    1.119400   -0.369400 (VIOLATED)
_10859_/A                               0.750000    1.119395   -0.369395 (VIOLATED)
_09830_/B                               0.750000    1.119389   -0.369389 (VIOLATED)
_10747_/A                               0.750000    1.119382   -0.369382 (VIOLATED)
_10748_/B2                              0.750000    1.119382   -0.369382 (VIOLATED)
_09942_/B1                              0.750000    1.119377   -0.369377 (VIOLATED)
_09941_/D                               0.750000    1.119377   -0.369377 (VIOLATED)
_10628_/B                               0.750000    1.119375   -0.369375 (VIOLATED)
_10629_/A1                              0.750000    1.119374   -0.369374 (VIOLATED)
_10061_/A2                              0.750000    1.119368   -0.369368 (VIOLATED)
_10606_/A1                              0.750000    1.119368   -0.369368 (VIOLATED)
_10060_/C                               0.750000    1.119368   -0.369368 (VIOLATED)
_10511_/A                               0.750000    1.119366   -0.369366 (VIOLATED)
_10376_/C                               0.750000    1.119357   -0.369357 (VIOLATED)
_10377_/A2                              0.750000    1.119357   -0.369357 (VIOLATED)
_10157_/A2                              0.750000    1.119354   -0.369354 (VIOLATED)
_10158_/B                               0.750000    1.119354   -0.369354 (VIOLATED)
_10268_/D                               0.750000    1.119354   -0.369354 (VIOLATED)
_10269_/B1                              0.750000    1.119354   -0.369354 (VIOLATED)
_13501_/Q                               0.750000    1.119354   -0.369354 (VIOLATED)
_08824_/B                               0.750000    1.099623   -0.349623 (VIOLATED)
_08826_/B2                              0.750000    1.099623   -0.349623 (VIOLATED)
_08981_/A                               0.750000    1.099622   -0.349622 (VIOLATED)
_09074_/A                               0.750000    1.099620   -0.349620 (VIOLATED)
_09083_/A1                              0.750000    1.099620   -0.349620 (VIOLATED)
_09124_/B                               0.750000    1.099617   -0.349618 (VIOLATED)
_09133_/B2                              0.750000    1.099617   -0.349617 (VIOLATED)
_11794_/A                               0.750000    1.099612   -0.349612 (VIOLATED)
_11795_/A                               0.750000    1.099612   -0.349612 (VIOLATED)
_11871_/A_N                             0.750000    1.099612   -0.349612 (VIOLATED)
_11707_/A                               0.750000    1.099611   -0.349611 (VIOLATED)
_11798_/A1                              0.750000    1.099611   -0.349611 (VIOLATED)
_11621_/A                               0.750000    1.099610   -0.349610 (VIOLATED)
_11622_/B2                              0.750000    1.099610   -0.349610 (VIOLATED)
_08697_/A                               0.750000    1.099607   -0.349607 (VIOLATED)
_08699_/A1                              0.750000    1.099607   -0.349607 (VIOLATED)
_11528_/B                               0.750000    1.099607   -0.349607 (VIOLATED)
_11529_/A1                              0.750000    1.099607   -0.349607 (VIOLATED)
_08736_/A1                              0.750000    1.099605   -0.349605 (VIOLATED)
_08737_/A                               0.750000    1.099605   -0.349605 (VIOLATED)
_11432_/A                               0.750000    1.099605   -0.349605 (VIOLATED)
_08778_/C                               0.750000    1.099601   -0.349601 (VIOLATED)
_08779_/B1                              0.750000    1.099600   -0.349600 (VIOLATED)
_08922_/A2                              0.750000    1.099597   -0.349597 (VIOLATED)
_11326_/A                               0.750000    1.099597   -0.349597 (VIOLATED)
_11327_/B2                              0.750000    1.099597   -0.349597 (VIOLATED)
_08921_/B                               0.750000    1.099597   -0.349597 (VIOLATED)
_11227_/B                               0.750000    1.099590   -0.349590 (VIOLATED)
_11228_/A1                              0.750000    1.099590   -0.349590 (VIOLATED)
_11110_/A                               0.750000    1.099589   -0.349589 (VIOLATED)
_11224_/A1                              0.750000    1.099589   -0.349589 (VIOLATED)
_09489_/A2                              0.750000    1.099586   -0.349586 (VIOLATED)
_10982_/A                               0.750000    1.099586   -0.349586 (VIOLATED)
_10983_/B2                              0.750000    1.099586   -0.349586 (VIOLATED)
_09377_/B                               0.750000    1.099585   -0.349585 (VIOLATED)
_10860_/B                               0.750000    1.099582   -0.349582 (VIOLATED)
_10861_/A1                              0.750000    1.099582   -0.349582 (VIOLATED)
_09526_/D                               0.750000    1.099579   -0.349579 (VIOLATED)
_09527_/B1                              0.750000    1.099579   -0.349579 (VIOLATED)
_10754_/C_N                             0.750000    1.099577   -0.349577 (VIOLATED)
_10753_/B1                              0.750000    1.099575   -0.349575 (VIOLATED)
_09574_/C                               0.750000    1.099570   -0.349570 (VIOLATED)
_09575_/A2                              0.750000    1.099571   -0.349571 (VIOLATED)
_10628_/A                               0.750000    1.099566   -0.349566 (VIOLATED)
_10629_/B2                              0.750000    1.099566   -0.349566 (VIOLATED)
_09680_/B                               0.750000    1.099563   -0.349564 (VIOLATED)
_10512_/B                               0.750000    1.099561   -0.349561 (VIOLATED)
_10513_/A1                              0.750000    1.099561   -0.349561 (VIOLATED)
_09831_/D                               0.750000    1.099557   -0.349557 (VIOLATED)
_09832_/B1                              0.750000    1.099558   -0.349557 (VIOLATED)
_10492_/A1                              0.750000    1.099556   -0.349556 (VIOLATED)
_09941_/C                               0.750000    1.099555   -0.349555 (VIOLATED)
_09942_/A2                              0.750000    1.099555   -0.349555 (VIOLATED)
_10074_/A2                              0.750000    1.099555   -0.349555 (VIOLATED)
_10075_/B                               0.750000    1.099555   -0.349555 (VIOLATED)
_10155_/D                               0.750000    1.099555   -0.349555 (VIOLATED)
_10156_/B1                              0.750000    1.099555   -0.349555 (VIOLATED)
_10268_/C                               0.750000    1.099555   -0.349555 (VIOLATED)
_10269_/A2                              0.750000    1.099555   -0.349555 (VIOLATED)
_10405_/A                               0.750000    1.099555   -0.349555 (VIOLATED)
_13502_/Q                               0.750000    1.099555   -0.349555 (VIOLATED)
_11534_/A                               0.750000    1.094241   -0.344241 (VIOLATED)
_11535_/A                               0.750000    1.094241   -0.344241 (VIOLATED)
_11626_/A_N                             0.750000    1.094241   -0.344241 (VIOLATED)
_11437_/A                               0.750000    1.094240   -0.344240 (VIOLATED)
_11538_/A1                              0.750000    1.094240   -0.344240 (VIOLATED)
_11338_/B2                              0.750000    1.094238   -0.344238 (VIOLATED)
_11337_/A                               0.750000    1.094238   -0.344238 (VIOLATED)
_11239_/A1                              0.750000    1.094235   -0.344235 (VIOLATED)
_11238_/B                               0.750000    1.094235   -0.344235 (VIOLATED)
_11225_/A1                              0.750000    1.094231   -0.344231 (VIOLATED)
_11121_/A                               0.750000    1.094230   -0.344230 (VIOLATED)
_09252_/B                               0.750000    1.094229   -0.344229 (VIOLATED)
_09261_/B2                              0.750000    1.094229   -0.344229 (VIOLATED)
_09206_/A                               0.750000    1.094229   -0.344229 (VIOLATED)
_09215_/A1                              0.750000    1.094229   -0.344229 (VIOLATED)
_09128_/A                               0.750000    1.094227   -0.344227 (VIOLATED)
_09077_/B                               0.750000    1.094226   -0.344226 (VIOLATED)
_09079_/B2                              0.750000    1.094226   -0.344226 (VIOLATED)
_09026_/A                               0.750000    1.094225   -0.344225 (VIOLATED)
_09028_/A1                              0.750000    1.094225   -0.344225 (VIOLATED)
_11000_/A                               0.750000    1.094223   -0.344223 (VIOLATED)
_11001_/B2                              0.750000    1.094223   -0.344223 (VIOLATED)
_08809_/A                               0.750000    1.094221   -0.344221 (VIOLATED)
_08751_/B                               0.750000    1.094217   -0.344217 (VIOLATED)
_08753_/B2                              0.750000    1.094217   -0.344217 (VIOLATED)
_10875_/B                               0.750000    1.094217   -0.344217 (VIOLATED)
_10876_/A1                              0.750000    1.094216   -0.344216 (VIOLATED)
_08728_/A                               0.750000    1.094215   -0.344215 (VIOLATED)
_08730_/A1                              0.750000    1.094215   -0.344215 (VIOLATED)
_10776_/A1                              0.750000    1.094210   -0.344210 (VIOLATED)
_10777_/A                               0.750000    1.094209   -0.344209 (VIOLATED)
_08777_/A1                              0.750000    1.094207   -0.344207 (VIOLATED)
_08768_/A                               0.750000    1.094207   -0.344207 (VIOLATED)
_10633_/A                               0.750000    1.094204   -0.344204 (VIOLATED)
_10634_/B2                              0.750000    1.094205   -0.344205 (VIOLATED)
_08880_/A2                              0.750000    1.094203   -0.344203 (VIOLATED)
_08879_/B                               0.750000    1.094202   -0.344202 (VIOLATED)
_10517_/B                               0.750000    1.094200   -0.344201 (VIOLATED)
_10518_/A1                              0.750000    1.094200   -0.344200 (VIOLATED)
_08845_/C                               0.750000    1.094199   -0.344199 (VIOLATED)
_08846_/B1                              0.750000    1.094199   -0.344199 (VIOLATED)
_10410_/A                               0.750000    1.094197   -0.344197 (VIOLATED)
_09382_/B                               0.750000    1.094195   -0.344195 (VIOLATED)
_10294_/A                               0.750000    1.094193   -0.344193 (VIOLATED)
_10295_/B2                              0.750000    1.094193   -0.344193 (VIOLATED)
_09531_/D                               0.750000    1.094192   -0.344192 (VIOLATED)
_09532_/B1                              0.750000    1.094192   -0.344192 (VIOLATED)
_09579_/C                               0.750000    1.094192   -0.344192 (VIOLATED)
_09580_/A2                              0.750000    1.094192   -0.344192 (VIOLATED)
_09695_/A2                              0.750000    1.094192   -0.344192 (VIOLATED)
_09696_/B                               0.750000    1.094192   -0.344192 (VIOLATED)
_09843_/D                               0.750000    1.094192   -0.344192 (VIOLATED)
_09844_/B1                              0.750000    1.094192   -0.344192 (VIOLATED)
_09953_/C                               0.750000    1.094192   -0.344192 (VIOLATED)
_09954_/A2                              0.750000    1.094192   -0.344192 (VIOLATED)
_10034_/A                               0.750000    1.094192   -0.344192 (VIOLATED)
_10154_/A1                              0.750000    1.094192   -0.344192 (VIOLATED)
_10176_/B                               0.750000    1.094192   -0.344192 (VIOLATED)
_10177_/A1                              0.750000    1.094192   -0.344192 (VIOLATED)
_13505_/Q                               0.750000    1.094192   -0.344192 (VIOLATED)
_09206_/B                               0.750000    1.084864   -0.334864 (VIOLATED)
_09215_/B2                              0.750000    1.084864   -0.334864 (VIOLATED)
_09166_/A                               0.750000    1.084863   -0.334863 (VIOLATED)
_09175_/A1                              0.750000    1.084863   -0.334863 (VIOLATED)
_08980_/A                               0.750000    1.084862   -0.334862 (VIOLATED)
_08982_/A1                              0.750000    1.084862   -0.334862 (VIOLATED)
_09026_/B                               0.750000    1.084861   -0.334861 (VIOLATED)
_09078_/A                               0.750000    1.084861   -0.334861 (VIOLATED)
_09028_/B2                              0.750000    1.084861   -0.334861 (VIOLATED)
_08752_/A                               0.750000    1.084852   -0.334852 (VIOLATED)
_08728_/B                               0.750000    1.084847   -0.334847 (VIOLATED)
_08730_/B2                              0.750000    1.084847   -0.334847 (VIOLATED)
_08734_/A                               0.750000    1.084844   -0.334844 (VIOLATED)
_08735_/A1                              0.750000    1.084844   -0.334844 (VIOLATED)
_08879_/D                               0.750000    1.084830   -0.334830 (VIOLATED)
_08880_/B2                              0.750000    1.084830   -0.334830 (VIOLATED)
_09378_/C                               0.750000    1.084824   -0.334824 (VIOLATED)
_09379_/A2                              0.750000    1.084824   -0.334824 (VIOLATED)
_09530_/B                               0.750000    1.084813   -0.334813 (VIOLATED)
_11627_/A                               0.750000    1.084810   -0.334810 (VIOLATED)
_11628_/A                               0.750000    1.084810   -0.334810 (VIOLATED)
_11708_/A_N                             0.750000    1.084810   -0.334810 (VIOLATED)
_11532_/A                               0.750000    1.084809   -0.334809 (VIOLATED)
_11631_/A1                              0.750000    1.084809   -0.334809 (VIOLATED)
_11433_/A                               0.750000    1.084808   -0.334808 (VIOLATED)
_11434_/B2                              0.750000    1.084808   -0.334808 (VIOLATED)
_09580_/B1                              0.750000    1.084806   -0.334806 (VIOLATED)
_11338_/A1                              0.750000    1.084806   -0.334806 (VIOLATED)
_08844_/A                               0.750000    1.084806   -0.334806 (VIOLATED)
_08920_/A1                              0.750000    1.084806   -0.334806 (VIOLATED)
_09579_/D                               0.750000    1.084806   -0.334806 (VIOLATED)
_11337_/B                               0.750000    1.084806   -0.334806 (VIOLATED)
_11237_/A                               0.750000    1.084804   -0.334804 (VIOLATED)
_11324_/A1                              0.750000    1.084804   -0.334804 (VIOLATED)
_09682_/A2                              0.750000    1.084801   -0.334801 (VIOLATED)
_09681_/C                               0.750000    1.084800   -0.334800 (VIOLATED)
_11111_/A                               0.750000    1.084801   -0.334801 (VIOLATED)
_11112_/B2                              0.750000    1.084801   -0.334801 (VIOLATED)
_11000_/B                               0.750000    1.084798   -0.334798 (VIOLATED)
_11001_/A1                              0.750000    1.084798   -0.334798 (VIOLATED)
_10874_/A                               0.750000    1.084795   -0.334795 (VIOLATED)
_09845_/A2                              0.750000    1.084794   -0.334794 (VIOLATED)
_09846_/B                               0.750000    1.084794   -0.334794 (VIOLATED)
_09953_/D                               0.750000    1.084794   -0.334794 (VIOLATED)
_09954_/B1                              0.750000    1.084794   -0.334794 (VIOLATED)
_10072_/C                               0.750000    1.084794   -0.334794 (VIOLATED)
_10073_/A2                              0.750000    1.084794   -0.334794 (VIOLATED)
_10175_/A                               0.750000    1.084794   -0.334794 (VIOLATED)
_10267_/A1                              0.750000    1.084794   -0.334794 (VIOLATED)
_10294_/B                               0.750000    1.084794   -0.334794 (VIOLATED)
_10295_/A1                              0.750000    1.084794   -0.334794 (VIOLATED)
_10406_/A                               0.750000    1.084794   -0.334794 (VIOLATED)
_10407_/B2                              0.750000    1.084794   -0.334794 (VIOLATED)
_10516_/A                               0.750000    1.084794   -0.334794 (VIOLATED)
_10633_/B                               0.750000    1.084794   -0.334794 (VIOLATED)
_10634_/A1                              0.750000    1.084794   -0.334794 (VIOLATED)
_10751_/A                               0.750000    1.084794   -0.334794 (VIOLATED)
_10752_/B2                              0.750000    1.084794   -0.334794 (VIOLATED)
_13504_/Q                               0.750000    1.084794   -0.334794 (VIOLATED)
_08824_/A                               0.750000    1.077156   -0.327156 (VIOLATED)
_08826_/A1                              0.750000    1.077156   -0.327156 (VIOLATED)
_08980_/B                               0.750000    1.077154   -0.327154 (VIOLATED)
_08982_/B2                              0.750000    1.077154   -0.327154 (VIOLATED)
_09027_/A                               0.750000    1.077153   -0.327153 (VIOLATED)
_09166_/B                               0.750000    1.077153   -0.327153 (VIOLATED)
_09175_/B2                              0.750000    1.077153   -0.327153 (VIOLATED)
_09124_/A                               0.750000    1.077152   -0.327152 (VIOLATED)
_09133_/A1                              0.750000    1.077152   -0.327152 (VIOLATED)
_11709_/A                               0.750000    1.077142   -0.327142 (VIOLATED)
_11710_/A                               0.750000    1.077142   -0.327142 (VIOLATED)
_11793_/A_N                             0.750000    1.077142   -0.327142 (VIOLATED)
_11713_/A1                              0.750000    1.077141   -0.327141 (VIOLATED)
_11625_/A                               0.750000    1.077141   -0.327141 (VIOLATED)
_08729_/A                               0.750000    1.077139   -0.327139 (VIOLATED)
_11528_/A                               0.750000    1.077138   -0.327138 (VIOLATED)
_11529_/B2                              0.750000    1.077138   -0.327138 (VIOLATED)
_11434_/A1                              0.750000    1.077136   -0.327136 (VIOLATED)
_11433_/B                               0.750000    1.077135   -0.327135 (VIOLATED)
_08734_/B                               0.750000    1.077134   -0.327134 (VIOLATED)
_08735_/B2                              0.750000    1.077133   -0.327133 (VIOLATED)
_11336_/A                               0.750000    1.077132   -0.327132 (VIOLATED)
_08778_/A                               0.750000    1.077129   -0.327129 (VIOLATED)
_08779_/A1                              0.750000    1.077129   -0.327130 (VIOLATED)
_11227_/A                               0.750000    1.077127   -0.327127 (VIOLATED)
_11228_/B2                              0.750000    1.077127   -0.327127 (VIOLATED)
_08878_/B                               0.750000    1.077121   -0.327121 (VIOLATED)
_09431_/A2                              0.750000    1.077119   -0.327119 (VIOLATED)
_11111_/B                               0.750000    1.077119   -0.327119 (VIOLATED)
_11112_/A1                              0.750000    1.077119   -0.327119 (VIOLATED)
_09379_/B1                              0.750000    1.077113   -0.327113 (VIOLATED)
_11108_/A1                              0.750000    1.077113   -0.327113 (VIOLATED)
_09378_/D                               0.750000    1.077112   -0.327112 (VIOLATED)
_10999_/A                               0.750000    1.077111   -0.327111 (VIOLATED)
_09527_/A2                              0.750000    1.077105   -0.327105 (VIOLATED)
_09526_/C                               0.750000    1.077105   -0.327105 (VIOLATED)
_10860_/A                               0.750000    1.077102   -0.327102 (VIOLATED)
_10861_/B2                              0.750000    1.077101   -0.327101 (VIOLATED)
_10751_/B                               0.750000    1.077097   -0.327097 (VIOLATED)
_10752_/A1                              0.750000    1.077096   -0.327096 (VIOLATED)
_09578_/B                               0.750000    1.077091   -0.327090 (VIOLATED)
_10632_/A                               0.750000    1.077087   -0.327087 (VIOLATED)
_09681_/D                               0.750000    1.077087   -0.327087 (VIOLATED)
_09682_/B1                              0.750000    1.077087   -0.327087 (VIOLATED)
_10512_/A                               0.750000    1.077081   -0.327081 (VIOLATED)
_10513_/B2                              0.750000    1.077081   -0.327081 (VIOLATED)
_09831_/C                               0.750000    1.077079   -0.327079 (VIOLATED)
_09832_/A2                              0.750000    1.077079   -0.327079 (VIOLATED)
_10406_/B                               0.750000    1.077076   -0.327076 (VIOLATED)
_10407_/A1                              0.750000    1.077075   -0.327075 (VIOLATED)
_09955_/A2                              0.750000    1.077072   -0.327072 (VIOLATED)
_09956_/B                               0.750000    1.077072   -0.327072 (VIOLATED)
_10072_/D                               0.750000    1.077072   -0.327072 (VIOLATED)
_10073_/B1                              0.750000    1.077072   -0.327072 (VIOLATED)
_10155_/C                               0.750000    1.077072   -0.327072 (VIOLATED)
_10156_/A2                              0.750000    1.077072   -0.327072 (VIOLATED)
_10293_/A                               0.750000    1.077073   -0.327073 (VIOLATED)
_10375_/A1                              0.750000    1.077073   -0.327073 (VIOLATED)
_13503_/Q                               0.750000    1.077072   -0.327072 (VIOLATED)
_12354_/A                               0.750000    1.069002   -0.319002 (VIOLATED)
_12356_/A                               0.750000    1.069002   -0.319002 (VIOLATED)
_12358_/A                               0.750000    1.069002   -0.319002 (VIOLATED)
_12410_/A1                              0.750000    1.069002   -0.319002 (VIOLATED)
_12295_/A                               0.750000    1.069001   -0.319001 (VIOLATED)
_12360_/A1                              0.750000    1.068999   -0.318999 (VIOLATED)
_12227_/C                               0.750000    1.068979   -0.318979 (VIOLATED)
_12158_/A1                              0.750000    1.068975   -0.318975 (VIOLATED)
_12094_/A                               0.750000    1.068974   -0.318975 (VIOLATED)
_12286_/A1                              0.750000    1.068975   -0.318975 (VIOLATED)
_12159_/A                               0.750000    1.068974   -0.318974 (VIOLATED)
_12152_/A1                              0.750000    1.068970   -0.318970 (VIOLATED)
_12010_/A1                              0.750000    1.068952   -0.318952 (VIOLATED)
_12011_/A                               0.750000    1.068952   -0.318952 (VIOLATED)
_11936_/A                               0.750000    1.068948   -0.318948 (VIOLATED)
_11857_/A                               0.750000    1.068947   -0.318947 (VIOLATED)
_11935_/A1                              0.750000    1.068943   -0.318943 (VIOLATED)
_11937_/B                               0.750000    1.068942   -0.318942 (VIOLATED)
_11766_/B1                              0.750000    1.068862   -0.318862 (VIOLATED)
_11679_/A                               0.750000    1.068860   -0.318860 (VIOLATED)
_11680_/B                               0.750000    1.068860   -0.318860 (VIOLATED)
_11681_/A1                              0.750000    1.068860   -0.318860 (VIOLATED)
_11595_/A                               0.750000    1.068837   -0.318837 (VIOLATED)
_11499_/B1                              0.750000    1.068804   -0.318804 (VIOLATED)
_11406_/A                               0.750000    1.068799   -0.318799 (VIOLATED)
_11405_/A1                              0.750000    1.068797   -0.318797 (VIOLATED)
_11305_/B                               0.750000    1.068782   -0.318782 (VIOLATED)
_10957_/B                               0.750000    1.068769   -0.318769 (VIOLATED)
_11072_/B1                              0.750000    1.068766   -0.318766 (VIOLATED)
_11074_/D                               0.750000    1.068766   -0.318766 (VIOLATED)
_11073_/C                               0.750000    1.068749   -0.318749 (VIOLATED)
_11188_/B1                              0.750000    1.068746   -0.318746 (VIOLATED)
_10828_/C                               0.750000    1.068651   -0.318651 (VIOLATED)
_10827_/B1                              0.750000    1.068647   -0.318647 (VIOLATED)
_10596_/B                               0.750000    1.068642   -0.318642 (VIOLATED)
_10717_/B1                              0.750000    1.068639   -0.318639 (VIOLATED)
_10716_/D                               0.750000    1.068634   -0.318634 (VIOLATED)
_10359_/B1                              0.750000    1.068543   -0.318543 (VIOLATED)
_10360_/C                               0.750000    1.068543   -0.318543 (VIOLATED)
_10477_/C                               0.750000    1.068543   -0.318543 (VIOLATED)
_10576_/A2                              0.750000    1.068543   -0.318543 (VIOLATED)
_10250_/B                               0.750000    1.068537   -0.318538 (VIOLATED)
_10249_/B                               0.750000    1.068528   -0.318528 (VIOLATED)
_09412_/B1                              0.750000    1.068446   -0.318446 (VIOLATED)
_09413_/C                               0.750000    1.068446   -0.318446 (VIOLATED)
_09473_/A                               0.750000    1.068445   -0.318445 (VIOLATED)
_09612_/B                               0.750000    1.068443   -0.318443 (VIOLATED)
_09717_/D                               0.750000    1.068443   -0.318443 (VIOLATED)
_09718_/B1                              0.750000    1.068443   -0.318443 (VIOLATED)
_09778_/B1                              0.750000    1.068442   -0.318442 (VIOLATED)
_09779_/C                               0.750000    1.068441   -0.318441 (VIOLATED)
_10118_/A1                              0.750000    1.068428   -0.318428 (VIOLATED)
_10117_/B                               0.750000    1.068428   -0.318428 (VIOLATED)
_10011_/C                               0.750000    1.068426   -0.318426 (VIOLATED)
_10012_/D                               0.750000    1.068424   -0.318424 (VIOLATED)
_10010_/B1                              0.750000    1.068424   -0.318424 (VIOLATED)
_09884_/B                               0.750000    1.068423   -0.318423 (VIOLATED)
_13494_/Q                               0.750000    1.068386   -0.318386 (VIOLATED)
_09209_/A                               0.750000    1.054524   -0.304524 (VIOLATED)
_09211_/A1                              0.750000    1.054524   -0.304524 (VIOLATED)
_09255_/B                               0.750000    1.054524   -0.304524 (VIOLATED)
_09257_/B2                              0.750000    1.054524   -0.304524 (VIOLATED)
_09334_/A                               0.750000    1.054523   -0.304523 (VIOLATED)
_09335_/A1                              0.750000    1.054523   -0.304523 (VIOLATED)
_09340_/B                               0.750000    1.054523   -0.304523 (VIOLATED)
_09343_/A1                              0.750000    1.054523   -0.304523 (VIOLATED)
_09288_/A                               0.750000    1.054523   -0.304523 (VIOLATED)
_09012_/A                               0.750000    1.054520   -0.304520 (VIOLATED)
_09014_/A1                              0.750000    1.054520   -0.304520 (VIOLATED)
_09116_/A                               0.750000    1.054520   -0.304520 (VIOLATED)
_09064_/B                               0.750000    1.054520   -0.304520 (VIOLATED)
_09065_/B2                              0.750000    1.054520   -0.304520 (VIOLATED)
_09119_/A1                              0.750000    1.054519   -0.304519 (VIOLATED)
_08959_/A                               0.750000    1.054516   -0.304516 (VIOLATED)
_08962_/A1                              0.750000    1.054516   -0.304516 (VIOLATED)
_08744_/A                               0.750000    1.054516   -0.304516 (VIOLATED)
_08746_/A1                              0.750000    1.054516   -0.304516 (VIOLATED)
_08801_/B                               0.750000    1.054515   -0.304515 (VIOLATED)
_08803_/B2                              0.750000    1.054515   -0.304515 (VIOLATED)
_08714_/A                               0.750000    1.054505   -0.304506 (VIOLATED)
_08762_/B                               0.750000    1.054505   -0.304505 (VIOLATED)
_08763_/B2                              0.750000    1.054505   -0.304505 (VIOLATED)
_08850_/A                               0.750000    1.054504   -0.304504 (VIOLATED)
_08851_/A1                              0.750000    1.054502   -0.304502 (VIOLATED)
_08871_/B                               0.750000    1.054486   -0.304486 (VIOLATED)
_09398_/A2                              0.750000    1.054484   -0.304484 (VIOLATED)
_09394_/D                               0.750000    1.054478   -0.304478 (VIOLATED)
_09395_/B1                              0.750000    1.054478   -0.304478 (VIOLATED)
_09517_/A2                              0.750000    1.054473   -0.304473 (VIOLATED)
_09516_/C                               0.750000    1.054473   -0.304473 (VIOLATED)
_11128_/A                               0.750000    1.054473   -0.304473 (VIOLATED)
_11129_/A                               0.750000    1.054473   -0.304473 (VIOLATED)
_11243_/A_N                             0.750000    1.054473   -0.304473 (VIOLATED)
_11013_/A                               0.750000    1.054471   -0.304471 (VIOLATED)
_11132_/A1                              0.750000    1.054471   -0.304471 (VIOLATED)
_10884_/A                               0.750000    1.054471   -0.304471 (VIOLATED)
_10885_/B2                              0.750000    1.054471   -0.304471 (VIOLATED)
_10766_/B                               0.750000    1.054469   -0.304469 (VIOLATED)
_10767_/A1                              0.750000    1.054469   -0.304469 (VIOLATED)
_09568_/A                               0.750000    1.054468   -0.304468 (VIOLATED)
_09669_/B                               0.750000    1.054468   -0.304468 (VIOLATED)
_09670_/A1                              0.750000    1.054468   -0.304468 (VIOLATED)
_09692_/A1                              0.750000    1.054468   -0.304468 (VIOLATED)
_09816_/A                               0.750000    1.054468   -0.304468 (VIOLATED)
_09817_/B2                              0.750000    1.054468   -0.304468 (VIOLATED)
_09922_/A                               0.750000    1.054468   -0.304468 (VIOLATED)
_10040_/B                               0.750000    1.054468   -0.304468 (VIOLATED)
_10041_/A1                              0.750000    1.054468   -0.304468 (VIOLATED)
_10044_/A1                              0.750000    1.054468   -0.304468 (VIOLATED)
_10181_/A                               0.750000    1.054468   -0.304468 (VIOLATED)
_10182_/B2                              0.750000    1.054468   -0.304468 (VIOLATED)
_10287_/A1_N                            0.750000    1.054468   -0.304468 (VIOLATED)
_10288_/C                               0.750000    1.054468   -0.304468 (VIOLATED)
_10395_/B                               0.750000    1.054468   -0.304468 (VIOLATED)
_10396_/A1                              0.750000    1.054468   -0.304468 (VIOLATED)
_10535_/A                               0.750000    1.054468   -0.304468 (VIOLATED)
_10536_/B2                              0.750000    1.054468   -0.304468 (VIOLATED)
_10646_/A                               0.750000    1.054468   -0.304468 (VIOLATED)
_10773_/A1                              0.750000    1.054468   -0.304468 (VIOLATED)
_13509_/Q                               0.750000    1.054468   -0.304468 (VIOLATED)
_08248_/A1                              0.750000    1.044386   -0.294386 (VIOLATED)
_08249_/A1                              0.750000    1.044386   -0.294386 (VIOLATED)
_08251_/B1                              0.750000    1.044386   -0.294386 (VIOLATED)
_08254_/B1                              0.750000    1.044386   -0.294386 (VIOLATED)
_08258_/A1                              0.750000    1.044382   -0.294383 (VIOLATED)
_08259_/A1                              0.750000    1.044383   -0.294383 (VIOLATED)
_08261_/B1                              0.750000    1.044381   -0.294381 (VIOLATED)
_08264_/B1                              0.750000    1.044380   -0.294380 (VIOLATED)
_08269_/A1                              0.750000    1.044375   -0.294375 (VIOLATED)
_08268_/A1                              0.750000    1.044374   -0.294374 (VIOLATED)
_08273_/A1                              0.750000    1.044371   -0.294371 (VIOLATED)
_08272_/A1                              0.750000    1.044371   -0.294371 (VIOLATED)
_08277_/A1                              0.750000    1.044367   -0.294367 (VIOLATED)
_08276_/A1                              0.750000    1.044366   -0.294366 (VIOLATED)
_08281_/A1                              0.750000    1.044363   -0.294363 (VIOLATED)
_08280_/A1                              0.750000    1.044362   -0.294362 (VIOLATED)
_08285_/A1                              0.750000    1.044358   -0.294358 (VIOLATED)
_08284_/A1                              0.750000    1.044357   -0.294357 (VIOLATED)
_08288_/A1                              0.750000    1.044352   -0.294352 (VIOLATED)
_08289_/A1                              0.750000    1.044352   -0.294352 (VIOLATED)
_08292_/A1                              0.750000    1.044347   -0.294347 (VIOLATED)
_08293_/A1                              0.750000    1.044347   -0.294347 (VIOLATED)
_08297_/A1                              0.750000    1.044341   -0.294341 (VIOLATED)
_08296_/A1                              0.750000    1.044340   -0.294340 (VIOLATED)
_08300_/A1                              0.750000    1.044336   -0.294336 (VIOLATED)
_08301_/A1                              0.750000    1.044335   -0.294336 (VIOLATED)
_08304_/A1                              0.750000    1.044330   -0.294330 (VIOLATED)
_08305_/A1                              0.750000    1.044330   -0.294330 (VIOLATED)
_08308_/A1                              0.750000    1.044327   -0.294327 (VIOLATED)
_08309_/A1                              0.750000    1.044326   -0.294326 (VIOLATED)
_08312_/A1                              0.750000    1.044320   -0.294320 (VIOLATED)
_08313_/A1                              0.750000    1.044319   -0.294319 (VIOLATED)
_08316_/A1                              0.750000    1.044316   -0.294316 (VIOLATED)
_08317_/A1                              0.750000    1.044315   -0.294315 (VIOLATED)
_08320_/A1                              0.750000    1.044311   -0.294311 (VIOLATED)
_08321_/A1                              0.750000    1.044310   -0.294310 (VIOLATED)
_08324_/A1                              0.750000    1.044307   -0.294307 (VIOLATED)
_08325_/A1                              0.750000    1.044306   -0.294306 (VIOLATED)
_08328_/A1                              0.750000    1.044302   -0.294302 (VIOLATED)
_08329_/A1                              0.750000    1.044302   -0.294302 (VIOLATED)
_08332_/A1                              0.750000    1.044299   -0.294299 (VIOLATED)
_08333_/A1                              0.750000    1.044298   -0.294298 (VIOLATED)
_08336_/A1                              0.750000    1.044296   -0.294296 (VIOLATED)
_08337_/A1                              0.750000    1.044295   -0.294295 (VIOLATED)
_08340_/A1                              0.750000    1.044295   -0.294295 (VIOLATED)
_08341_/A1                              0.750000    1.044295   -0.294295 (VIOLATED)
_08344_/A1                              0.750000    1.044295   -0.294295 (VIOLATED)
_08345_/A1                              0.750000    1.044295   -0.294295 (VIOLATED)
_08348_/A1                              0.750000    1.044295   -0.294295 (VIOLATED)
_08349_/A1                              0.750000    1.044295   -0.294295 (VIOLATED)
_08352_/A1                              0.750000    1.044295   -0.294295 (VIOLATED)
_08353_/A1                              0.750000    1.044295   -0.294295 (VIOLATED)
_08356_/A1                              0.750000    1.044295   -0.294295 (VIOLATED)
_08357_/A1                              0.750000    1.044295   -0.294295 (VIOLATED)
_08360_/A1                              0.750000    1.044295   -0.294295 (VIOLATED)
_08361_/A1                              0.750000    1.044295   -0.294295 (VIOLATED)
_12835_/B                               0.750000    1.044295   -0.294295 (VIOLATED)
_12836_/B                               0.750000    1.044295   -0.294295 (VIOLATED)
_13797_/Q                               0.750000    1.044295   -0.294295 (VIOLATED)
_09334_/B                               0.750000    1.018370   -0.268370 (VIOLATED)
_09335_/B2                              0.750000    1.018370   -0.268370 (VIOLATED)
_09320_/A1                              0.750000    1.018369   -0.268369 (VIOLATED)
_09315_/A                               0.750000    1.018369   -0.268369 (VIOLATED)
_09256_/A                               0.750000    1.018367   -0.268367 (VIOLATED)
_09209_/B                               0.750000    1.018367   -0.268367 (VIOLATED)
_09211_/B2                              0.750000    1.018366   -0.268366 (VIOLATED)
_09169_/A                               0.750000    1.018365   -0.268365 (VIOLATED)
_09171_/A1                              0.750000    1.018365   -0.268365 (VIOLATED)
_09120_/A1                              0.750000    1.018362   -0.268362 (VIOLATED)
_09066_/A                               0.750000    1.018361   -0.268361 (VIOLATED)
_08965_/A                               0.750000    1.018360   -0.268361 (VIOLATED)
_08967_/A1                              0.750000    1.018360   -0.268361 (VIOLATED)
_09012_/B                               0.750000    1.018360   -0.268360 (VIOLATED)
_09014_/B2                              0.750000    1.018360   -0.268360 (VIOLATED)
_08802_/A                               0.750000    1.018355   -0.268355 (VIOLATED)
_08805_/A1                              0.750000    1.018355   -0.268355 (VIOLATED)
_11244_/A                               0.750000    1.018352   -0.268352 (VIOLATED)
_11245_/A                               0.750000    1.018352   -0.268352 (VIOLATED)
_11342_/A_N                             0.750000    1.018352   -0.268352 (VIOLATED)
_11126_/A                               0.750000    1.018351   -0.268351 (VIOLATED)
_11248_/A1                              0.750000    1.018352   -0.268352 (VIOLATED)
_08744_/B                               0.750000    1.018349   -0.268349 (VIOLATED)
_08746_/B2                              0.750000    1.018349   -0.268349 (VIOLATED)
_11009_/A                               0.750000    1.018349   -0.268349 (VIOLATED)
_11010_/B2                              0.750000    1.018349   -0.268349 (VIOLATED)
_08723_/A                               0.750000    1.018349   -0.268349 (VIOLATED)
_08724_/A1                              0.750000    1.018349   -0.268349 (VIOLATED)
_08850_/C                               0.750000    1.018345   -0.268345 (VIOLATED)
_08851_/B1                              0.750000    1.018345   -0.268345 (VIOLATED)
_10884_/B                               0.750000    1.018345   -0.268345 (VIOLATED)
_10885_/A1                              0.750000    1.018345   -0.268345 (VIOLATED)
_08761_/A                               0.750000    1.018344   -0.268344 (VIOLATED)
_10765_/A                               0.750000    1.018342   -0.268342 (VIOLATED)
_10652_/A                               0.750000    1.018340   -0.268340 (VIOLATED)
_10653_/B2                              0.750000    1.018339   -0.268339 (VIOLATED)
_08884_/B                               0.750000    1.018336   -0.268336 (VIOLATED)
_08885_/A2                              0.750000    1.018336   -0.268336 (VIOLATED)
_10535_/B                               0.750000    1.018335   -0.268335 (VIOLATED)
_10536_/A1                              0.750000    1.018334   -0.268334 (VIOLATED)
_10394_/A                               0.750000    1.018331   -0.268331 (VIOLATED)
_10299_/A                               0.750000    1.018323   -0.268323 (VIOLATED)
_10300_/B2                              0.750000    1.018323   -0.268323 (VIOLATED)
_09393_/B                               0.750000    1.018323   -0.268323 (VIOLATED)
_10181_/B                               0.750000    1.018320   -0.268320 (VIOLATED)
_10182_/A1                              0.750000    1.018320   -0.268320 (VIOLATED)
_09516_/D                               0.750000    1.018319   -0.268319 (VIOLATED)
_09517_/B1                              0.750000    1.018319   -0.268319 (VIOLATED)
_09591_/C                               0.750000    1.018317   -0.268317 (VIOLATED)
_09592_/A2                              0.750000    1.018317   -0.268317 (VIOLATED)
_09668_/A                               0.750000    1.018317   -0.268317 (VIOLATED)
_09816_/B                               0.750000    1.018317   -0.268317 (VIOLATED)
_09817_/A1                              0.750000    1.018317   -0.268317 (VIOLATED)
_09842_/A1                              0.750000    1.018317   -0.268317 (VIOLATED)
_09917_/A                               0.750000    1.018317   -0.268317 (VIOLATED)
_09918_/B2                              0.750000    1.018317   -0.268317 (VIOLATED)
_10039_/A                               0.750000    1.018317   -0.268317 (VIOLATED)
_13508_/Q                               0.750000    1.018317   -0.268317 (VIOLATED)
_07213_/S                               0.750000    0.970370   -0.220370 (VIOLATED)
_07223_/S                               0.750000    0.970369   -0.220369 (VIOLATED)
_07198_/S                               0.750000    0.970365   -0.220365 (VIOLATED)
_07195_/S                               0.750000    0.970365   -0.220365 (VIOLATED)
_07194_/S                               0.750000    0.970363   -0.220363 (VIOLATED)
_07200_/S                               0.750000    0.970360   -0.220360 (VIOLATED)
_07197_/S                               0.750000    0.970333   -0.220333 (VIOLATED)
_07201_/S                               0.750000    0.970328   -0.220328 (VIOLATED)
_07192_/S                               0.750000    0.970326   -0.220326 (VIOLATED)
_07204_/S                               0.750000    0.970279   -0.220279 (VIOLATED)
_07207_/S                               0.750000    0.970263   -0.220263 (VIOLATED)
_07210_/S                               0.750000    0.970233   -0.220233 (VIOLATED)
_07212_/S                               0.750000    0.970208   -0.220208 (VIOLATED)
_07222_/S                               0.750000    0.970207   -0.220207 (VIOLATED)
_07203_/S                               0.750000    0.970206   -0.220206 (VIOLATED)
_07219_/S                               0.750000    0.970204   -0.220204 (VIOLATED)
_07196_/S                               0.750000    0.970200   -0.220200 (VIOLATED)
_07217_/S                               0.750000    0.970192   -0.220192 (VIOLATED)
_07215_/S                               0.750000    0.970186   -0.220186 (VIOLATED)
_07216_/S                               0.750000    0.970185   -0.220185 (VIOLATED)
_07221_/S                               0.750000    0.970171   -0.220171 (VIOLATED)
_07218_/S                               0.750000    0.970169   -0.220169 (VIOLATED)
_07199_/S                               0.750000    0.970167   -0.220167 (VIOLATED)
_07206_/S                               0.750000    0.970150   -0.220150 (VIOLATED)
_07193_/S                               0.750000    0.970113   -0.220113 (VIOLATED)
_07209_/S                               0.750000    0.970113   -0.220113 (VIOLATED)
_07205_/S                               0.750000    0.970100   -0.220100 (VIOLATED)
_07211_/S                               0.750000    0.970089   -0.220090 (VIOLATED)
_07202_/S                               0.750000    0.970089   -0.220089 (VIOLATED)
_07220_/S                               0.750000    0.970089   -0.220089 (VIOLATED)
_06988_/S                               0.750000    0.970088   -0.220088 (VIOLATED)
_07214_/S                               0.750000    0.970088   -0.220088 (VIOLATED)
_06987_/X                               0.750000    0.970087   -0.220087 (VIOLATED)
_07116_/S                               0.750000    0.970087   -0.220087 (VIOLATED)
_07208_/S                               0.750000    0.970087   -0.220087 (VIOLATED)
_09255_/A                               0.750000    0.968036   -0.218036 (VIOLATED)
_09257_/A1                              0.750000    0.968036   -0.218036 (VIOLATED)
_09161_/B                               0.750000    0.968036   -0.218036 (VIOLATED)
_09302_/B2                              0.750000    0.968036   -0.218036 (VIOLATED)
_09341_/A                               0.750000    0.968036   -0.218036 (VIOLATED)
_09344_/A1                              0.750000    0.968036   -0.218036 (VIOLATED)
_09318_/B                               0.750000    0.968036   -0.218036 (VIOLATED)
_09337_/B2                              0.750000    0.968036   -0.218036 (VIOLATED)
_09287_/B                               0.750000    0.968035   -0.218035 (VIOLATED)
_09064_/A                               0.750000    0.968035   -0.218035 (VIOLATED)
_09289_/B2                              0.750000    0.968035   -0.218035 (VIOLATED)
_09065_/A1                              0.750000    0.968035   -0.218035 (VIOLATED)
_09117_/B2                              0.750000    0.968034   -0.218034 (VIOLATED)
_09115_/B                               0.750000    0.968033   -0.218033 (VIOLATED)
_08801_/A                               0.750000    0.968029   -0.218029 (VIOLATED)
_09009_/B                               0.750000    0.968029   -0.218029 (VIOLATED)
_09229_/B2                              0.750000    0.968029   -0.218029 (VIOLATED)
_08803_/A1                              0.750000    0.968029   -0.218029 (VIOLATED)
_08958_/B                               0.750000    0.968028   -0.218028 (VIOLATED)
_08960_/B2                              0.750000    0.968028   -0.218028 (VIOLATED)
_08795_/B2                              0.750000    0.968024   -0.218024 (VIOLATED)
_08713_/B                               0.750000    0.968023   -0.218023 (VIOLATED)
_08715_/B                               0.750000    0.968021   -0.218021 (VIOLATED)
_08716_/B2                              0.750000    0.968021   -0.218021 (VIOLATED)
_08762_/A                               0.750000    0.968016   -0.218016 (VIOLATED)
_08763_/A1                              0.750000    0.968016   -0.218016 (VIOLATED)
_08860_/B1                              0.750000    0.968000   -0.218000 (VIOLATED)
_08861_/B                               0.750000    0.967999   -0.217999 (VIOLATED)
_08873_/D                               0.750000    0.967997   -0.217997 (VIOLATED)
_09395_/A2                              0.750000    0.967993   -0.217993 (VIOLATED)
_09394_/C                               0.750000    0.967992   -0.217992 (VIOLATED)
_11127_/A_N                             0.750000    0.967986   -0.217986 (VIOLATED)
_10530_/A1                              0.750000    0.967985   -0.217985 (VIOLATED)
_10531_/B                               0.750000    0.967985   -0.217985 (VIOLATED)
_10532_/B                               0.750000    0.967985   -0.217985 (VIOLATED)
_10647_/B                               0.750000    0.967985   -0.217985 (VIOLATED)
_10648_/A1                              0.750000    0.967985   -0.217985 (VIOLATED)
_10766_/A                               0.750000    0.967985   -0.217985 (VIOLATED)
_10767_/B2                              0.750000    0.967985   -0.217985 (VIOLATED)
_10888_/A1                              0.750000    0.967985   -0.217985 (VIOLATED)
_10889_/A                               0.750000    0.967986   -0.217986 (VIOLATED)
_11015_/A                               0.750000    0.967986   -0.217986 (VIOLATED)
_09512_/A1                              0.750000    0.967985   -0.217985 (VIOLATED)
_09513_/B                               0.750000    0.967985   -0.217985 (VIOLATED)
_09569_/B                               0.750000    0.967985   -0.217985 (VIOLATED)
_09570_/A1                              0.750000    0.967985   -0.217985 (VIOLATED)
_09669_/A                               0.750000    0.967985   -0.217985 (VIOLATED)
_09670_/B2                              0.750000    0.967985   -0.217985 (VIOLATED)
_09812_/A1                              0.750000    0.967985   -0.217985 (VIOLATED)
_09813_/B                               0.750000    0.967985   -0.217985 (VIOLATED)
_09923_/B                               0.750000    0.967985   -0.217985 (VIOLATED)
_09924_/A1                              0.750000    0.967985   -0.217985 (VIOLATED)
_10040_/A                               0.750000    0.967985   -0.217985 (VIOLATED)
_10041_/B2                              0.750000    0.967985   -0.217985 (VIOLATED)
_10172_/A1                              0.750000    0.967985   -0.217985 (VIOLATED)
_10173_/B                               0.750000    0.967985   -0.217985 (VIOLATED)
_10285_/B                               0.750000    0.967985   -0.217985 (VIOLATED)
_10286_/A1                              0.750000    0.967985   -0.217985 (VIOLATED)
_10395_/A                               0.750000    0.967985   -0.217985 (VIOLATED)
_10396_/B2                              0.750000    0.967985   -0.217985 (VIOLATED)
_13510_/Q                               0.750000    0.967985   -0.217985 (VIOLATED)
_07366_/S                               0.750000    0.962474   -0.212474 (VIOLATED)
_07356_/S                               0.750000    0.962472   -0.212472 (VIOLATED)
_07341_/S                               0.750000    0.962472   -0.212472 (VIOLATED)
_07344_/S                               0.750000    0.962471   -0.212471 (VIOLATED)
_07343_/S                               0.750000    0.962468   -0.212468 (VIOLATED)
_07335_/S                               0.750000    0.962464   -0.212464 (VIOLATED)
_07340_/S                               0.750000    0.962458   -0.212458 (VIOLATED)
_07347_/S                               0.750000    0.962441   -0.212441 (VIOLATED)
_07338_/S                               0.750000    0.962432   -0.212432 (VIOLATED)
_07337_/S                               0.750000    0.962431   -0.212431 (VIOLATED)
_07355_/S                               0.750000    0.962427   -0.212427 (VIOLATED)
_07365_/S                               0.750000    0.962420   -0.212420 (VIOLATED)
_07362_/S                               0.750000    0.962411   -0.212411 (VIOLATED)
_07350_/S                               0.750000    0.962411   -0.212411 (VIOLATED)
_07339_/S                               0.750000    0.962401   -0.212401 (VIOLATED)
_07360_/S                               0.750000    0.962387   -0.212387 (VIOLATED)
_07353_/S                               0.750000    0.962375   -0.212375 (VIOLATED)
_07359_/S                               0.750000    0.962331   -0.212331 (VIOLATED)
_07364_/S                               0.750000    0.962330   -0.212330 (VIOLATED)
_07358_/S                               0.750000    0.962328   -0.212328 (VIOLATED)
_07349_/S                               0.750000    0.962291   -0.212291 (VIOLATED)
_07354_/S                               0.750000    0.962279   -0.212279 (VIOLATED)
_07346_/S                               0.750000    0.962269   -0.212269 (VIOLATED)
_07336_/S                               0.750000    0.962269   -0.212269 (VIOLATED)
_07352_/S                               0.750000    0.962268   -0.212268 (VIOLATED)
_07348_/S                               0.750000    0.962267   -0.212267 (VIOLATED)
_07342_/S                               0.750000    0.962265   -0.212265 (VIOLATED)
_07361_/S                               0.750000    0.962264   -0.212264 (VIOLATED)
_07363_/S                               0.750000    0.962264   -0.212264 (VIOLATED)
_07345_/S                               0.750000    0.962264   -0.212264 (VIOLATED)
_06998_/S                               0.750000    0.962263   -0.212263 (VIOLATED)
_06997_/X                               0.750000    0.962262   -0.212262 (VIOLATED)
_07120_/S                               0.750000    0.962262   -0.212262 (VIOLATED)
_07351_/S                               0.750000    0.962262   -0.212262 (VIOLATED)
_07357_/S                               0.750000    0.962262   -0.212262 (VIOLATED)
_08053_/S                               0.750000    0.949771   -0.199771 (VIOLATED)
_08059_/S                               0.750000    0.949771   -0.199771 (VIOLATED)
_08070_/S                               0.750000    0.949771   -0.199771 (VIOLATED)
_08065_/A1                              0.750000    0.949770   -0.199770 (VIOLATED)
_08077_/A1                              0.750000    0.949769   -0.199769 (VIOLATED)
_08083_/A1                              0.750000    0.949769   -0.199769 (VIOLATED)
_08089_/A1                              0.750000    0.949767   -0.199767 (VIOLATED)
_08096_/A1                              0.750000    0.949766   -0.199766 (VIOLATED)
_08102_/A1                              0.750000    0.949764   -0.199764 (VIOLATED)
_08107_/A1                              0.750000    0.949763   -0.199763 (VIOLATED)
_08114_/A1                              0.750000    0.949760   -0.199760 (VIOLATED)
_08119_/A1                              0.750000    0.949759   -0.199759 (VIOLATED)
_08040_/B                               0.750000    0.949758   -0.199758 (VIOLATED)
_08125_/A1                              0.750000    0.949755   -0.199755 (VIOLATED)
_08131_/A1                              0.750000    0.949753   -0.199753 (VIOLATED)
_08138_/A1                              0.750000    0.949748   -0.199748 (VIOLATED)
_08143_/A1                              0.750000    0.949745   -0.199745 (VIOLATED)
_08150_/A1                              0.750000    0.949742   -0.199742 (VIOLATED)
_08157_/A1                              0.750000    0.949739   -0.199739 (VIOLATED)
_08169_/A1                              0.750000    0.949738   -0.199738 (VIOLATED)
_08188_/A1                              0.750000    0.949736   -0.199736 (VIOLATED)
_08207_/A1                              0.750000    0.949734   -0.199734 (VIOLATED)
_08162_/A1                              0.750000    0.949734   -0.199734 (VIOLATED)
_08176_/A1                              0.750000    0.949734   -0.199734 (VIOLATED)
_08181_/A1                              0.750000    0.949734   -0.199734 (VIOLATED)
_08195_/A1                              0.750000    0.949734   -0.199734 (VIOLATED)
_08200_/A1                              0.750000    0.949734   -0.199734 (VIOLATED)
_08219_/A                               0.750000    0.949734   -0.199734 (VIOLATED)
_08224_/A                               0.750000    0.949734   -0.199734 (VIOLATED)
_08230_/A                               0.750000    0.949734   -0.199734 (VIOLATED)
_08243_/A1                              0.750000    0.949734   -0.199734 (VIOLATED)
_08236_/A                               0.750000    0.949733   -0.199733 (VIOLATED)
_08039_/X                               0.750000    0.949731   -0.199731 (VIOLATED)
_08211_/B                               0.750000    0.949731   -0.199731 (VIOLATED)
_07855_/S                               0.750000    0.948217   -0.198217 (VIOLATED)
_07865_/S                               0.750000    0.948215   -0.198215 (VIOLATED)
_07840_/S                               0.750000    0.948211   -0.198211 (VIOLATED)
_07842_/S                               0.750000    0.948204   -0.198204 (VIOLATED)
_07837_/S                               0.750000    0.948199   -0.198199 (VIOLATED)
_07836_/S                               0.750000    0.948198   -0.198198 (VIOLATED)
_07843_/S                               0.750000    0.948183   -0.198183 (VIOLATED)
_07834_/S                               0.750000    0.948182   -0.198182 (VIOLATED)
_07854_/S                               0.750000    0.948182   -0.198182 (VIOLATED)
_07839_/S                               0.750000    0.948173   -0.198173 (VIOLATED)
_07846_/S                               0.750000    0.948169   -0.198169 (VIOLATED)
_07864_/S                               0.750000    0.948163   -0.198163 (VIOLATED)
_07861_/S                               0.750000    0.948130   -0.198130 (VIOLATED)
_07849_/S                               0.750000    0.948081   -0.198081 (VIOLATED)
_07852_/S                               0.750000    0.948049   -0.198049 (VIOLATED)
_07857_/S                               0.750000    0.947996   -0.197996 (VIOLATED)
_07848_/S                               0.750000    0.947986   -0.197987 (VIOLATED)
_07838_/S                               0.750000    0.947985   -0.197985 (VIOLATED)
_07859_/S                               0.750000    0.947985   -0.197985 (VIOLATED)
_07858_/S                               0.750000    0.947984   -0.197984 (VIOLATED)
_07863_/S                               0.750000    0.947982   -0.197982 (VIOLATED)
_07841_/S                               0.750000    0.947979   -0.197979 (VIOLATED)
_07860_/S                               0.750000    0.947976   -0.197976 (VIOLATED)
_07862_/S                               0.750000    0.947973   -0.197973 (VIOLATED)
_07844_/S                               0.750000    0.947973   -0.197973 (VIOLATED)
_07006_/S                               0.750000    0.947971   -0.197971 (VIOLATED)
_07853_/S                               0.750000    0.947970   -0.197970 (VIOLATED)
_07856_/S                               0.750000    0.947968   -0.197968 (VIOLATED)
_07124_/S                               0.750000    0.947964   -0.197964 (VIOLATED)
_07835_/S                               0.750000    0.947964   -0.197964 (VIOLATED)
_07845_/S                               0.750000    0.947964   -0.197964 (VIOLATED)
_07005_/X                               0.750000    0.947962   -0.197962 (VIOLATED)
_07847_/S                               0.750000    0.947962   -0.197962 (VIOLATED)
_07850_/S                               0.750000    0.947962   -0.197962 (VIOLATED)
_07851_/S                               0.750000    0.947962   -0.197962 (VIOLATED)
_07599_/Y                               0.750000    0.942797   -0.192797 (VIOLATED)
_07600_/B                               0.750000    0.942797   -0.192797 (VIOLATED)
_07601_/B                               0.750000    0.942797   -0.192797 (VIOLATED)
_07609_/B1                              0.750000    0.942797   -0.192797 (VIOLATED)
_07618_/A2                              0.750000    0.942797   -0.192797 (VIOLATED)
_07623_/B1                              0.750000    0.942797   -0.192797 (VIOLATED)
_07628_/A2                              0.750000    0.942797   -0.192797 (VIOLATED)
_07634_/A2                              0.750000    0.942797   -0.192797 (VIOLATED)
_07641_/B1                              0.750000    0.942797   -0.192797 (VIOLATED)
_07645_/B1                              0.750000    0.942797   -0.192797 (VIOLATED)
_07649_/B1                              0.750000    0.942797   -0.192797 (VIOLATED)
_07653_/B1                              0.750000    0.942797   -0.192797 (VIOLATED)
_07658_/B1                              0.750000    0.942797   -0.192797 (VIOLATED)
_07662_/B1                              0.750000    0.942797   -0.192797 (VIOLATED)
_07666_/B1                              0.750000    0.942797   -0.192797 (VIOLATED)
_07667_/B                               0.750000    0.942797   -0.192797 (VIOLATED)
_07668_/B                               0.750000    0.942797   -0.192797 (VIOLATED)
_12715_/A1                              0.750000    0.942797   -0.192797 (VIOLATED)
_12719_/B1                              0.750000    0.942797   -0.192797 (VIOLATED)
_09340_/A                               0.750000    0.906469   -0.156469 (VIOLATED)
_09343_/B2                              0.750000    0.906469   -0.156469 (VIOLATED)
_09160_/A                               0.750000    0.906469   -0.156469 (VIOLATED)
_09318_/A                               0.750000    0.906469   -0.156469 (VIOLATED)
_09287_/A                               0.750000    0.906469   -0.156469 (VIOLATED)
_09337_/A1                              0.750000    0.906469   -0.156469 (VIOLATED)
_09289_/A1                              0.750000    0.906468   -0.156468 (VIOLATED)
_09161_/A                               0.750000    0.906468   -0.156468 (VIOLATED)
_09302_/A1                              0.750000    0.906468   -0.156468 (VIOLATED)
_09276_/A                               0.750000    0.906467   -0.156467 (VIOLATED)
_09308_/A1                              0.750000    0.906467   -0.156467 (VIOLATED)
_09115_/A                               0.750000    0.906466   -0.156467 (VIOLATED)
_09117_/A1                              0.750000    0.906466   -0.156466 (VIOLATED)
_09009_/A                               0.750000    0.906465   -0.156465 (VIOLATED)
_09229_/A1                              0.750000    0.906465   -0.156465 (VIOLATED)
_08958_/A                               0.750000    0.906462   -0.156462 (VIOLATED)
_08960_/A1                              0.750000    0.906462   -0.156462 (VIOLATED)
_08954_/A                               0.750000    0.906462   -0.156462 (VIOLATED)
_09112_/A1                              0.750000    0.906462   -0.156462 (VIOLATED)
_08795_/A1                              0.750000    0.906457   -0.156457 (VIOLATED)
_08713_/A                               0.750000    0.906456   -0.156456 (VIOLATED)
_08716_/A1                              0.750000    0.906455   -0.156455 (VIOLATED)
_08715_/A                               0.750000    0.906454   -0.156454 (VIOLATED)
_08841_/A                               0.750000    0.906439   -0.156439 (VIOLATED)
_08860_/A1                              0.750000    0.906438   -0.156438 (VIOLATED)
_08873_/B                               0.750000    0.906436   -0.156436 (VIOLATED)
_08872_/B                               0.750000    0.906436   -0.156436 (VIOLATED)
_10764_/A                               0.750000    0.906434   -0.156434 (VIOLATED)
_10888_/B2                              0.750000    0.906434   -0.156434 (VIOLATED)
_11014_/A_N                             0.750000    0.906434   -0.156434 (VIOLATED)
_10647_/A                               0.750000    0.906434   -0.156434 (VIOLATED)
_10648_/B2                              0.750000    0.906434   -0.156434 (VIOLATED)
_10531_/A                               0.750000    0.906433   -0.156433 (VIOLATED)
_09376_/A                               0.750000    0.906433   -0.156433 (VIOLATED)
_09512_/B2                              0.750000    0.906433   -0.156433 (VIOLATED)
_09513_/A                               0.750000    0.906433   -0.156433 (VIOLATED)
_09569_/A                               0.750000    0.906433   -0.156433 (VIOLATED)
_09570_/B2                              0.750000    0.906433   -0.156433 (VIOLATED)
_09667_/A                               0.750000    0.906433   -0.156433 (VIOLATED)
_09812_/B2                              0.750000    0.906433   -0.156433 (VIOLATED)
_09813_/A                               0.750000    0.906433   -0.156433 (VIOLATED)
_09923_/A                               0.750000    0.906433   -0.156433 (VIOLATED)
_09924_/B2                              0.750000    0.906433   -0.156433 (VIOLATED)
_10033_/A                               0.750000    0.906433   -0.156433 (VIOLATED)
_10172_/B2                              0.750000    0.906433   -0.156433 (VIOLATED)
_10173_/A                               0.750000    0.906433   -0.156433 (VIOLATED)
_10285_/A                               0.750000    0.906433   -0.156433 (VIOLATED)
_10286_/B2                              0.750000    0.906433   -0.156433 (VIOLATED)
_10393_/A                               0.750000    0.906433   -0.156433 (VIOLATED)
_10530_/B2                              0.750000    0.906433   -0.156433 (VIOLATED)
_10532_/A                               0.750000    0.906433   -0.156433 (VIOLATED)
_13511_/Q                               0.750000    0.906433   -0.156433 (VIOLATED)
_12283_/A_N                             0.750000    0.863020   -0.113020 (VIOLATED)
_12284_/A                               0.750000    0.863020   -0.113020 (VIOLATED)
_12351_/A                               0.750000    0.863020   -0.113020 (VIOLATED)
_12352_/A                               0.750000    0.863020   -0.113020 (VIOLATED)
_12148_/A                               0.750000    0.863019   -0.113019 (VIOLATED)
_12149_/A                               0.750000    0.863019   -0.113019 (VIOLATED)
_12219_/A                               0.750000    0.863019   -0.113019 (VIOLATED)
_12220_/B1                              0.750000    0.863019   -0.113019 (VIOLATED)
_11847_/Y                               0.750000    0.863017   -0.113017 (VIOLATED)
_11848_/B                               0.750000    0.863017   -0.113017 (VIOLATED)
_11921_/A2                              0.750000    0.863017   -0.113017 (VIOLATED)
_11929_/A                               0.750000    0.863017   -0.113017 (VIOLATED)
_11930_/B1                              0.750000    0.863017   -0.113017 (VIOLATED)
_12003_/A_N                             0.750000    0.863017   -0.113017 (VIOLATED)
_12004_/A                               0.750000    0.863017   -0.113017 (VIOLATED)
_12079_/A                               0.750000    0.863017   -0.113017 (VIOLATED)
_12080_/B1                              0.750000    0.863017   -0.113017 (VIOLATED)
_10832_/A                               0.750000    0.857908   -0.107908 (VIOLATED)
_10942_/A1                              0.750000    0.857908   -0.107908 (VIOLATED)
_10955_/A                               0.750000    0.857908   -0.107908 (VIOLATED)
_11059_/A1                              0.750000    0.857908   -0.107908 (VIOLATED)
_10478_/Y                               0.750000    0.857907   -0.107907 (VIOLATED)
_10490_/A                               0.750000    0.857907   -0.107907 (VIOLATED)
_10575_/A1                              0.750000    0.857907   -0.107907 (VIOLATED)
_10604_/A                               0.750000    0.857907   -0.107907 (VIOLATED)
_10700_/A1                              0.750000    0.857907   -0.107907 (VIOLATED)
_10722_/A                               0.750000    0.857907   -0.107907 (VIOLATED)
_10815_/A1                              0.750000    0.857907   -0.107907 (VIOLATED)
_12285_/A                               0.750000    0.835037   -0.085037 (VIOLATED)
_12353_/A                               0.750000    0.835037   -0.085037 (VIOLATED)
_12403_/A1                              0.750000    0.835037   -0.085037 (VIOLATED)
_12344_/A1                              0.750000    0.835037   -0.085037 (VIOLATED)
_12213_/A1                              0.750000    0.835036   -0.085036 (VIOLATED)
_12276_/A1                              0.750000    0.835036   -0.085036 (VIOLATED)
_12082_/A                               0.750000    0.835035   -0.085035 (VIOLATED)
_12141_/A1                              0.750000    0.835035   -0.085035 (VIOLATED)
_12005_/A                               0.750000    0.835035   -0.085035 (VIOLATED)
_12073_/A1                              0.750000    0.835035   -0.085035 (VIOLATED)
_11927_/Y                               0.750000    0.835033   -0.085033 (VIOLATED)
_11932_/A                               0.750000    0.835033   -0.085033 (VIOLATED)
_11996_/A1                              0.750000    0.835033   -0.085033 (VIOLATED)
_08060_/A                               0.750000    0.833622   -0.083622 (VIOLATED)
_08054_/A                               0.750000    0.833622   -0.083622 (VIOLATED)
_08071_/A                               0.750000    0.833621   -0.083621 (VIOLATED)
_08066_/A                               0.750000    0.833620   -0.083620 (VIOLATED)
_08078_/A                               0.750000    0.833618   -0.083618 (VIOLATED)
_08084_/A                               0.750000    0.833615   -0.083615 (VIOLATED)
_08090_/A                               0.750000    0.833613   -0.083613 (VIOLATED)
_08097_/A                               0.750000    0.833611   -0.083611 (VIOLATED)
_08103_/A                               0.750000    0.833605   -0.083605 (VIOLATED)
_08108_/A                               0.750000    0.833603   -0.083603 (VIOLATED)
_08115_/A                               0.750000    0.833596   -0.083596 (VIOLATED)
_08120_/A                               0.750000    0.833594   -0.083594 (VIOLATED)
_08126_/A                               0.750000    0.833583   -0.083583 (VIOLATED)
_08132_/A                               0.750000    0.833580   -0.083580 (VIOLATED)
_08139_/A                               0.750000    0.833565   -0.083565 (VIOLATED)
_08144_/A                               0.750000    0.833557   -0.083557 (VIOLATED)
_08151_/A                               0.750000    0.833549   -0.083549 (VIOLATED)
_08158_/A                               0.750000    0.833539   -0.083539 (VIOLATED)
_08170_/A                               0.750000    0.833538   -0.083538 (VIOLATED)
_08163_/A                               0.750000    0.833538   -0.083538 (VIOLATED)
_08182_/A                               0.750000    0.833537   -0.083538 (VIOLATED)
_08177_/A                               0.750000    0.833537   -0.083537 (VIOLATED)
_08189_/A                               0.750000    0.833537   -0.083537 (VIOLATED)
_08196_/A                               0.750000    0.833536   -0.083536 (VIOLATED)
_08201_/A                               0.750000    0.833535   -0.083535 (VIOLATED)
_08208_/A                               0.750000    0.833534   -0.083534 (VIOLATED)
_08227_/A                               0.750000    0.833531   -0.083531 (VIOLATED)
_08240_/A                               0.750000    0.833531   -0.083531 (VIOLATED)
_08220_/B1_N                            0.750000    0.833527   -0.083527 (VIOLATED)
_08233_/B1_N                            0.750000    0.833526   -0.083526 (VIOLATED)
_08243_/C1                              0.750000    0.833521   -0.083521 (VIOLATED)
_08214_/B1                              0.750000    0.833508   -0.083508 (VIOLATED)
_08015_/X                               0.750000    0.833474   -0.083474 (VIOLATED)
_08572_/A1                              0.750000    0.825813   -0.075814 (VIOLATED)
_08575_/A1                              0.750000    0.825813   -0.075813 (VIOLATED)
_08578_/A1                              0.750000    0.825813   -0.075813 (VIOLATED)
_08581_/A1                              0.750000    0.825811   -0.075811 (VIOLATED)
_08584_/A1                              0.750000    0.825805   -0.075805 (VIOLATED)
_08587_/A1                              0.750000    0.825800   -0.075800 (VIOLATED)
_08590_/A1                              0.750000    0.825795   -0.075795 (VIOLATED)
_08593_/A1                              0.750000    0.825789   -0.075789 (VIOLATED)
_08596_/A1                              0.750000    0.825783   -0.075783 (VIOLATED)
_08600_/A1                              0.750000    0.825777   -0.075777 (VIOLATED)
_08603_/A1                              0.750000    0.825769   -0.075770 (VIOLATED)
_08607_/A1                              0.750000    0.825762   -0.075762 (VIOLATED)
_08610_/A1                              0.750000    0.825755   -0.075755 (VIOLATED)
_08613_/A1                              0.750000    0.825746   -0.075746 (VIOLATED)
_08616_/A1                              0.750000    0.825736   -0.075736 (VIOLATED)
_08620_/A1                              0.750000    0.825729   -0.075729 (VIOLATED)
_08623_/A1                              0.750000    0.825720   -0.075720 (VIOLATED)
_08627_/A1                              0.750000    0.825716   -0.075716 (VIOLATED)
_08631_/A1                              0.750000    0.825705   -0.075705 (VIOLATED)
_08635_/A1                              0.750000    0.825703   -0.075703 (VIOLATED)
_08638_/A1                              0.750000    0.825692   -0.075692 (VIOLATED)
_08642_/A1                              0.750000    0.825690   -0.075690 (VIOLATED)
_08646_/A1                              0.750000    0.825681   -0.075681 (VIOLATED)
_08650_/A1                              0.750000    0.825679   -0.075679 (VIOLATED)
_08655_/A1                              0.750000    0.825672   -0.075672 (VIOLATED)
_08659_/A1                              0.750000    0.825670   -0.075670 (VIOLATED)
_08663_/A1                              0.750000    0.825665   -0.075665 (VIOLATED)
_08667_/A1                              0.750000    0.825662   -0.075662 (VIOLATED)
_08670_/A1                              0.750000    0.825658   -0.075658 (VIOLATED)
_08674_/A1                              0.750000    0.825656   -0.075656 (VIOLATED)
_08569_/X                               0.750000    0.825654   -0.075654 (VIOLATED)
_08678_/A1                              0.750000    0.825654   -0.075654 (VIOLATED)
_08679_/C                               0.750000    0.825654   -0.075654 (VIOLATED)
_10130_/B1                              0.750000    0.822043   -0.072043 (VIOLATED)
_10131_/A                               0.750000    0.822043   -0.072043 (VIOLATED)
_10242_/B1                              0.750000    0.822042   -0.072042 (VIOLATED)
_10243_/A                               0.750000    0.822042   -0.072042 (VIOLATED)
_10351_/B1                              0.750000    0.822041   -0.072041 (VIOLATED)
_10352_/A                               0.750000    0.822041   -0.072041 (VIOLATED)
_10469_/B1                              0.750000    0.822040   -0.072041 (VIOLATED)
_10470_/A                               0.750000    0.822040   -0.072040 (VIOLATED)
_10006_/A                               0.750000    0.822040   -0.072040 (VIOLATED)
_11179_/A                               0.750000    0.822040   -0.072040 (VIOLATED)
_10589_/B1                              0.750000    0.822039   -0.072039 (VIOLATED)
_10590_/A                               0.750000    0.822039   -0.072039 (VIOLATED)
_10822_/A                               0.750000    0.822039   -0.072039 (VIOLATED)
_10708_/B1                              0.750000    0.822038   -0.072038 (VIOLATED)
_10709_/A                               0.750000    0.822038   -0.072038 (VIOLATED)
_10005_/Y                               0.750000    0.822035   -0.072036 (VIOLATED)
_06656_/B1                              0.750000    0.779435   -0.029435 (VIOLATED)
_06648_/B1                              0.750000    0.779434   -0.029434 (VIOLATED)
_06680_/B1                              0.750000    0.779432   -0.029432 (VIOLATED)
_06696_/B1                              0.750000    0.779432   -0.029432 (VIOLATED)
_06800_/B1                              0.750000    0.779432   -0.029432 (VIOLATED)
_06880_/B1                              0.750000    0.779431   -0.029431 (VIOLATED)
_06704_/B1                              0.750000    0.779427   -0.029427 (VIOLATED)
_06632_/B1                              0.750000    0.779422   -0.029422 (VIOLATED)
_06672_/B1                              0.750000    0.779420   -0.029420 (VIOLATED)
_06728_/B1                              0.750000    0.779402   -0.029402 (VIOLATED)
_06752_/B1                              0.750000    0.779380   -0.029380 (VIOLATED)
_06776_/B1                              0.750000    0.779361   -0.029361 (VIOLATED)
_06720_/B1                              0.750000    0.779338   -0.029339 (VIOLATED)
_06816_/B1                              0.750000    0.779334   -0.029334 (VIOLATED)
_06792_/B1                              0.750000    0.779325   -0.029325 (VIOLATED)
_06872_/B1                              0.750000    0.779325   -0.029325 (VIOLATED)
_06848_/B1                              0.750000    0.779323   -0.029323 (VIOLATED)
_06664_/B1                              0.750000    0.779321   -0.029321 (VIOLATED)
_06832_/B1                              0.750000    0.779317   -0.029317 (VIOLATED)
_06744_/B1                              0.750000    0.779314   -0.029314 (VIOLATED)
_06824_/B1                              0.750000    0.779313   -0.029313 (VIOLATED)
_06864_/B1                              0.750000    0.779308   -0.029308 (VIOLATED)
_06688_/B1                              0.750000    0.779303   -0.029303 (VIOLATED)
_06784_/B1                              0.750000    0.779298   -0.029298 (VIOLATED)
_06840_/B1                              0.750000    0.779298   -0.029298 (VIOLATED)
_06856_/B1                              0.750000    0.779292   -0.029292 (VIOLATED)
_06508_/A                               0.750000    0.779288   -0.029288 (VIOLATED)
_06616_/B1                              0.750000    0.779288   -0.029288 (VIOLATED)
_06624_/B1                              0.750000    0.779288   -0.029288 (VIOLATED)
_06640_/B1                              0.750000    0.779288   -0.029288 (VIOLATED)
_06712_/B1                              0.750000    0.779288   -0.029288 (VIOLATED)
_06736_/B1                              0.750000    0.779288   -0.029288 (VIOLATED)
_06760_/B1                              0.750000    0.779288   -0.029288 (VIOLATED)
_06768_/B1                              0.750000    0.779288   -0.029288 (VIOLATED)
_06808_/B1                              0.750000    0.779288   -0.029288 (VIOLATED)
_13257_/Q                               0.750000    0.779288   -0.029288 (VIOLATED)
_11847_/A                               0.750000    0.768088   -0.018088 (VIOLATED)
_11927_/A1                              0.750000    0.768088   -0.018088 (VIOLATED)
_11928_/A1                              0.750000    0.768088   -0.018088 (VIOLATED)
_11770_/A                               0.750000    0.768088   -0.018088 (VIOLATED)
_11843_/A1                              0.750000    0.768088   -0.018088 (VIOLATED)
_11501_/Y                               0.750000    0.768087   -0.018087 (VIOLATED)
_11511_/A                               0.750000    0.768087   -0.018087 (VIOLATED)
_11591_/A1                              0.750000    0.768087   -0.018087 (VIOLATED)
_11601_/B1_N                            0.750000    0.768087   -0.018087 (VIOLATED)
_11602_/C_N                             0.750000    0.768087   -0.018087 (VIOLATED)
_11687_/A                               0.750000    0.768087   -0.018087 (VIOLATED)
_11764_/A1                              0.750000    0.768087   -0.018087 (VIOLATED)
_12735_/S                               0.750000    0.755375   -0.005375 (VIOLATED)
_12743_/S                               0.750000    0.755375   -0.005375 (VIOLATED)
_12739_/S0                              0.750000    0.755375   -0.005375 (VIOLATED)
_12731_/S0                              0.750000    0.755374   -0.005374 (VIOLATED)
_12726_/S                               0.750000    0.755374   -0.005374 (VIOLATED)
_12721_/S0                              0.750000    0.755373   -0.005373 (VIOLATED)
_12716_/S                               0.750000    0.755372   -0.005372 (VIOLATED)
_12708_/S                               0.750000    0.755372   -0.005372 (VIOLATED)
_12712_/S0                              0.750000    0.755372   -0.005372 (VIOLATED)
_12703_/S0                              0.750000    0.755370   -0.005370 (VIOLATED)
_12698_/S                               0.750000    0.755370   -0.005370 (VIOLATED)
_12694_/S0                              0.750000    0.755368   -0.005368 (VIOLATED)
_12689_/S                               0.750000    0.755368   -0.005368 (VIOLATED)
_12685_/S1                              0.750000    0.755365   -0.005365 (VIOLATED)
_12679_/S                               0.750000    0.755365   -0.005365 (VIOLATED)
_07663_/S                               0.750000    0.755361   -0.005361 (VIOLATED)
_07669_/S0                              0.750000    0.755360   -0.005360 (VIOLATED)
_07655_/S                               0.750000    0.755357   -0.005357 (VIOLATED)
_07659_/S0                              0.750000    0.755357   -0.005357 (VIOLATED)
_07646_/S                               0.750000    0.755352   -0.005352 (VIOLATED)
_07650_/S0                              0.750000    0.755352   -0.005352 (VIOLATED)
_07638_/S                               0.750000    0.755349   -0.005349 (VIOLATED)
_07642_/S0                              0.750000    0.755349   -0.005349 (VIOLATED)
_07602_/B                               0.750000    0.755349   -0.005349 (VIOLATED)
_07605_/A                               0.750000    0.755349   -0.005349 (VIOLATED)
_07606_/A2                              0.750000    0.755349   -0.005349 (VIOLATED)
_07610_/S                               0.750000    0.755349   -0.005349 (VIOLATED)
_07611_/A2                              0.750000    0.755349   -0.005349 (VIOLATED)
_07615_/S0                              0.750000    0.755349   -0.005349 (VIOLATED)
_07619_/S                               0.750000    0.755349   -0.005349 (VIOLATED)
_07624_/S0                              0.750000    0.755349   -0.005349 (VIOLATED)
_07629_/S                               0.750000    0.755349   -0.005349 (VIOLATED)
_07635_/S0                              0.750000    0.755349   -0.005349 (VIOLATED)
_12829_/A0                              0.750000    0.755349   -0.005349 (VIOLATED)
_14061_/Q                               0.750000    0.755349   -0.005349 (VIOLATED)

max fanout

Pin                                   Limit Fanout  Slack
---------------------------------------------------------
clk                                      10   1142  -1132 (VIOLATED)
rst                                      10    277   -267 (VIOLATED)
_06504_/Y                                10    150   -140 (VIOLATED)
_13254_/Q                                10    136   -126 (VIOLATED)
_13255_/Q                                10    136   -126 (VIOLATED)
_13256_/Q                                10     69    -59 (VIOLATED)
_13499_/Q                                10     62    -52 (VIOLATED)
_13500_/Q                                10     62    -52 (VIOLATED)
_13495_/Q                                10     61    -51 (VIOLATED)
_13496_/Q                                10     61    -51 (VIOLATED)
_13497_/Q                                10     61    -51 (VIOLATED)
_13498_/Q                                10     61    -51 (VIOLATED)
_13501_/Q                                10     61    -51 (VIOLATED)
_13509_/Q                                10     61    -51 (VIOLATED)
_13502_/Q                                10     60    -50 (VIOLATED)
_13506_/Q                                10     60    -50 (VIOLATED)
_13507_/Q                                10     60    -50 (VIOLATED)
_13510_/Q                                10     60    -50 (VIOLATED)
_13505_/Q                                10     59    -49 (VIOLATED)
_13503_/Q                                10     58    -48 (VIOLATED)
_13504_/Q                                10     58    -48 (VIOLATED)
_13797_/Q                                10     58    -48 (VIOLATED)
_13494_/Q                                10     57    -47 (VIOLATED)
_13508_/Q                                10     57    -47 (VIOLATED)
_13862_/Q                                10     56    -46 (VIOLATED)
_13511_/Q                                10     51    -41 (VIOLATED)
_13666_/Q                                10     48    -38 (VIOLATED)
_10000_/X                                10     41    -31 (VIOLATED)
_07399_/Y                                10     40    -30 (VIOLATED)
_13867_/Q                                10     39    -29 (VIOLATED)
_06513_/Y                                10     38    -28 (VIOLATED)
_13870_/Q                                10     38    -28 (VIOLATED)
_13876_/Q                                10     38    -28 (VIOLATED)
_13885_/Q                                10     38    -28 (VIOLATED)
_13888_/Q                                10     38    -28 (VIOLATED)
_13891_/Q                                10     38    -28 (VIOLATED)
_13868_/Q                                10     37    -27 (VIOLATED)
_13872_/Q                                10     37    -27 (VIOLATED)
_13873_/Q                                10     37    -27 (VIOLATED)
_13879_/Q                                10     37    -27 (VIOLATED)
_13882_/Q                                10     37    -27 (VIOLATED)
_13871_/Q                                10     36    -26 (VIOLATED)
_13877_/Q                                10     36    -26 (VIOLATED)
_13880_/Q                                10     36    -26 (VIOLATED)
_13886_/Q                                10     36    -26 (VIOLATED)
_13889_/Q                                10     36    -26 (VIOLATED)
_13893_/Q                                10     36    -26 (VIOLATED)
_13257_/Q                                10     35    -25 (VIOLATED)
_13874_/Q                                10     35    -25 (VIOLATED)
_13883_/Q                                10     35    -25 (VIOLATED)
_13892_/Q                                10     35    -25 (VIOLATED)
_13894_/Q                                10     35    -25 (VIOLATED)
_06507_/Y                                10     34    -24 (VIOLATED)
_06508_/Y                                10     34    -24 (VIOLATED)
_06977_/Y                                10     34    -24 (VIOLATED)
_06980_/Y                                10     34    -24 (VIOLATED)
_06983_/Y                                10     34    -24 (VIOLATED)
_06987_/X                                10     34    -24 (VIOLATED)
_06989_/Y                                10     34    -24 (VIOLATED)
_06992_/Y                                10     34    -24 (VIOLATED)
_06994_/Y                                10     34    -24 (VIOLATED)
_06997_/X                                10     34    -24 (VIOLATED)
_06999_/Y                                10     34    -24 (VIOLATED)
_07001_/Y                                10     34    -24 (VIOLATED)
_07003_/Y                                10     34    -24 (VIOLATED)
_07005_/X                                10     34    -24 (VIOLATED)
_07007_/Y                                10     34    -24 (VIOLATED)
_07009_/Y                                10     34    -24 (VIOLATED)
_07013_/Y                                10     34    -24 (VIOLATED)
_07015_/Y                                10     34    -24 (VIOLATED)
_11179_/Y                                10     34    -24 (VIOLATED)
_13665_/Q                                10     34    -24 (VIOLATED)
_13864_/Q                                10     34    -24 (VIOLATED)
_14061_/Q                                10     34    -24 (VIOLATED)
_14063_/Q                                10     34    -24 (VIOLATED)
_08039_/X                                10     33    -23 (VIOLATED)
_13664_/Q                                10     33    -23 (VIOLATED)
_13865_/Q                                10     33    -23 (VIOLATED)
_13878_/Q                                10     33    -23 (VIOLATED)
_13881_/Q                                10     33    -23 (VIOLATED)
_14062_/Q                                10     33    -23 (VIOLATED)
_07748_/Y                                10     32    -22 (VIOLATED)
_08015_/X                                10     32    -22 (VIOLATED)
_08568_/Y                                10     32    -22 (VIOLATED)
_08569_/X                                10     32    -22 (VIOLATED)
_11283_/Y                                10     32    -22 (VIOLATED)
_13887_/Q                                10     32    -22 (VIOLATED)
_13869_/Q                                10     31    -21 (VIOLATED)
_06611_/Y                                10     29    -19 (VIOLATED)
_13663_/Q                                10     29    -19 (VIOLATED)
_13866_/Q                                10     29    -19 (VIOLATED)
_13890_/Q                                10     29    -19 (VIOLATED)
_06509_/Y                                10     28    -18 (VIOLATED)
_13884_/Q                                10     28    -18 (VIOLATED)
_08040_/Y                                10     23    -13 (VIOLATED)
_13698_/Q                                10     23    -13 (VIOLATED)
_11671_/Y                                10     22    -12 (VIOLATED)
_13875_/Q                                10     22    -12 (VIOLATED)
_12595_/Y                                10     21    -11 (VIOLATED)
_07406_/X                                10     20    -10 (VIOLATED)
_11757_/X                                10     20    -10 (VIOLATED)
_13895_/Q                                10     20    -10 (VIOLATED)
_07599_/Y                                10     18     -8 (VIOLATED)
_06515_/Y                                10     17     -7 (VIOLATED)
_10955_/Y                                10     16     -6 (VIOLATED)
_11847_/Y                                10     16     -6 (VIOLATED)
_13512_/Q                                10     16     -6 (VIOLATED)
_13513_/Q                                10     16     -6 (VIOLATED)
_13514_/Q                                10     16     -6 (VIOLATED)
_13515_/Q                                10     16     -6 (VIOLATED)
_13516_/Q                                10     16     -6 (VIOLATED)
_13517_/Q                                10     16     -6 (VIOLATED)
_13518_/Q                                10     16     -6 (VIOLATED)
_13519_/Q                                10     16     -6 (VIOLATED)
_13520_/Q                                10     16     -6 (VIOLATED)
_13668_/Q                                10     16     -6 (VIOLATED)
_14014_/Q                                10     16     -6 (VIOLATED)
_14015_/Q                                10     16     -6 (VIOLATED)
_14016_/Q                                10     16     -6 (VIOLATED)
_14017_/Q                                10     16     -6 (VIOLATED)
_14018_/Q                                10     16     -6 (VIOLATED)
_14019_/Q                                10     16     -6 (VIOLATED)
_14020_/Q                                10     16     -6 (VIOLATED)
_14021_/Q                                10     16     -6 (VIOLATED)
_14022_/Q                                10     16     -6 (VIOLATED)
_14023_/Q                                10     16     -6 (VIOLATED)
_14024_/Q                                10     16     -6 (VIOLATED)
_14025_/Q                                10     16     -6 (VIOLATED)
_14026_/Q                                10     16     -6 (VIOLATED)
_14027_/Q                                10     16     -6 (VIOLATED)
_14028_/Q                                10     16     -6 (VIOLATED)
_14029_/Q                                10     16     -6 (VIOLATED)
_14030_/Q                                10     16     -6 (VIOLATED)
_14031_/Q                                10     16     -6 (VIOLATED)
_14032_/Q                                10     16     -6 (VIOLATED)
_14033_/Q                                10     16     -6 (VIOLATED)
_14034_/Q                                10     16     -6 (VIOLATED)
_14035_/Q                                10     16     -6 (VIOLATED)
_14036_/Q                                10     16     -6 (VIOLATED)
_14096_/Q                                10     16     -6 (VIOLATED)
_14118_/Q                                10     16     -6 (VIOLATED)
_09473_/X                                10     15     -5 (VIOLATED)
_10005_/Y                                10     15     -5 (VIOLATED)
_13715_/Q                                10     15     -5 (VIOLATED)
_07600_/X                                10     14     -4 (VIOLATED)
_09999_/Y                                10     14     -4 (VIOLATED)
_13731_/Q                                10     14     -4 (VIOLATED)
_07954_/Y                                10     12     -2 (VIOLATED)
_11927_/Y                                10     12     -2 (VIOLATED)
_12525_/Y                                10     12     -2 (VIOLATED)
_12544_/Y                                10     12     -2 (VIOLATED)
_12550_/X                                10     12     -2 (VIOLATED)
_12681_/X                                10     12     -2 (VIOLATED)
_07667_/X                                10     11        (VIOLATED)
_07955_/X                                10     11        (VIOLATED)
_10117_/Y                                10     11        (VIOLATED)
_11501_/Y                                10     11        (VIOLATED)
_12551_/X                                10     11        (VIOLATED)
_12554_/X                                10     11        (VIOLATED)
_13942_/Q                                10     11        (VIOLATED)

max capacitance

Pin                                        Limit         Cap       Slack
------------------------------------------------------------------------
clk                                     0.200000    2.763129   -2.563129 (VIOLATED)
rst                                     0.200000    1.085865   -0.885865 (VIOLATED)
_13254_/Q                               0.200000    0.948426   -0.748426 (VIOLATED)
_13255_/Q                               0.200000    0.609263   -0.409263 (VIOLATED)
_06504_/Y                               0.200000    0.418645   -0.218645 (VIOLATED)
_13256_/Q                               0.200000    0.301817   -0.101817 (VIOLATED)
_06611_/Y                               0.064097    0.163706   -0.099609 (VIOLATED)
_13862_/Q                               0.200000    0.290020   -0.090020 (VIOLATED)
_08568_/Y                               0.080576    0.165294   -0.084718 (VIOLATED)
_11283_/Y                               0.139170    0.207348   -0.068178 (VIOLATED)
_07015_/Y                               0.141917    0.203034   -0.061116 (VIOLATED)
_06994_/Y                               0.141917    0.203000   -0.061083 (VIOLATED)
_13495_/Q                               0.200000    0.261048   -0.061048 (VIOLATED)
_06989_/Y                               0.141917    0.200812   -0.058895 (VIOLATED)
_07001_/Y                               0.141917    0.200441   -0.058524 (VIOLATED)
_07003_/Y                               0.141917    0.199673   -0.057756 (VIOLATED)
_06999_/Y                               0.141917    0.199319   -0.057402 (VIOLATED)
_06992_/Y                               0.141917    0.199190   -0.057273 (VIOLATED)
_07009_/Y                               0.141917    0.198146   -0.056229 (VIOLATED)
_06980_/Y                               0.141917    0.197366   -0.055449 (VIOLATED)
_07013_/Y                               0.141917    0.197359   -0.055442 (VIOLATED)
_06977_/Y                               0.141917    0.197015   -0.055098 (VIOLATED)
_07007_/Y                               0.141917    0.196207   -0.054290 (VIOLATED)
_06983_/Y                               0.141917    0.193343   -0.051426 (VIOLATED)
_13497_/Q                               0.200000    0.251197   -0.051197 (VIOLATED)
_13500_/Q                               0.200000    0.250045   -0.050045 (VIOLATED)
_13498_/Q                               0.200000    0.246751   -0.046751 (VIOLATED)
_13499_/Q                               0.200000    0.246115   -0.046115 (VIOLATED)
_11179_/Y                               0.121775    0.164717   -0.042942 (VIOLATED)
_13496_/Q                               0.200000    0.239325   -0.039325 (VIOLATED)
_13506_/Q                               0.200000    0.238108   -0.038108 (VIOLATED)
_13507_/Q                               0.200000    0.237448   -0.037448 (VIOLATED)
_13501_/Q                               0.200000    0.237160   -0.037160 (VIOLATED)
_11671_/Y                               0.121775    0.157201   -0.035426 (VIOLATED)
_10000_/X                               0.200000    0.233525   -0.033525 (VIOLATED)
_13502_/Q                               0.200000    0.232977   -0.032977 (VIOLATED)
_13505_/Q                               0.200000    0.231858   -0.031858 (VIOLATED)
_13504_/Q                               0.200000    0.229858   -0.029858 (VIOLATED)
_13503_/Q                               0.200000    0.228173   -0.028173 (VIOLATED)
_13494_/Q                               0.200000    0.227144   -0.027144 (VIOLATED)
_13509_/Q                               0.200000    0.223389   -0.023389 (VIOLATED)
_13797_/Q                               0.200000    0.221212   -0.021212 (VIOLATED)
_13508_/Q                               0.200000    0.215660   -0.015660 (VIOLATED)
_13510_/Q                               0.200000    0.204948   -0.004948 (VIOLATED)
_06987_/X                               0.200000    0.201177   -0.001177 (VIOLATED)



===========================================================================
report_parasitic_annotation -report_unannotated
============================================================================
Found 69 unannotated drivers.
 s_axil_wdata[10]
 s_axil_wdata[11]
 s_axil_wdata[12]
 s_axil_wdata[13]
 s_axil_wdata[14]
 s_axil_wdata[15]
 s_axil_wdata[16]
 s_axil_wdata[17]
 s_axil_wdata[18]
 s_axil_wdata[19]
 s_axil_wdata[1]
 s_axil_wdata[20]
 s_axil_wdata[21]
 s_axil_wdata[22]
 s_axil_wdata[23]
 s_axil_wdata[24]
 s_axil_wdata[25]
 s_axil_wdata[26]
 s_axil_wdata[27]
 s_axil_wdata[28]
 s_axil_wdata[29]
 s_axil_wdata[2]
 s_axil_wdata[30]
 s_axil_wdata[31]
 s_axil_wdata[3]
 s_axil_wdata[4]
 s_axil_wdata[5]
 s_axil_wdata[6]
 s_axil_wdata[7]
 s_axil_wdata[8]
 s_axil_wdata[9]
 s_axil_wstrb[1]
 s_axil_wstrb[2]
 s_axil_wstrb[3]
 _14173_/HI
 _14174_/HI
 _14175_/HI
 _14176_/HI
 _14177_/HI
 _14178_/HI
 _14179_/HI
 _14180_/HI
 _14181_/HI
 _14182_/HI
 _14183_/HI
 _14184_/HI
 _14185_/HI
 _14186_/HI
 _14187_/HI
 _14188_/HI
 _14189_/HI
 _14190_/HI
 _14191_/HI
 _14192_/HI
 _14193_/HI
 _14194_/HI
 _14195_/HI
 _14196_/HI
 _14197_/HI
 _14198_/HI
 _14199_/HI
 _14200_/HI
 _14201_/HI
 _14202_/HI
 _14203_/HI
 _14204_/HI
 _14205_/HI
 _14206_/HI
 _14207_/HI
Found 0 partially unannotated drivers.

===========================================================================
max slew violation count 4265
Writing metric design__max_slew_violation__count__corner:nom_tt_025C_1v80: 4265
max fanout violation count 160
Writing metric design__max_fanout_violation__count__corner:nom_tt_025C_1v80: 160
max cap violation count 45
Writing metric design__max_cap_violation__count__corner:nom_tt_025C_1v80: 45
============================================================================

===========================================================================
check_setup -verbose -unconstrained_endpoints -multiple_clock -no_clock -no_input_delay -loops -generated_clocks
===========================================================================
Warning: There are 35 unconstrained endpoints.
  s_axil_bresp[0]
  s_axil_bresp[1]
  s_axil_rdata[10]
  s_axil_rdata[11]
  s_axil_rdata[12]
  s_axil_rdata[13]
  s_axil_rdata[14]
  s_axil_rdata[15]
  s_axil_rdata[16]
  s_axil_rdata[17]
  s_axil_rdata[18]
  s_axil_rdata[19]
  s_axil_rdata[1]
  s_axil_rdata[20]
  s_axil_rdata[21]
  s_axil_rdata[22]
  s_axil_rdata[23]
  s_axil_rdata[24]
  s_axil_rdata[25]
  s_axil_rdata[26]
  s_axil_rdata[27]
  s_axil_rdata[28]
  s_axil_rdata[29]
  s_axil_rdata[2]
  s_axil_rdata[30]
  s_axil_rdata[31]
  s_axil_rdata[3]
  s_axil_rdata[4]
  s_axil_rdata[5]
  s_axil_rdata[6]
  s_axil_rdata[7]
  s_axil_rdata[8]
  s_axil_rdata[9]
  s_axil_rresp[0]
  s_axil_rresp[1]
